scientificName,taxon,kingdom,earliestEventDate,earliestLocation,earliestISO3,totalCountryCount,habitat,establishmentMeans,isInvasiveAnywhere,originalDatabase
"Abbottina rivularis (Basilewsky, 1855)",Abbottina rivularis,Animalia,1958,Kazakhstan,KAZ,6,brackish; freshwater,introduced,TRUE,FirstRecords; GRIIS
Abelmoschus moschatus (L.) Medik.,Abelmoschus moschatus,Plantae,NA,NA,NA,16,terrestrial,introduced,TRUE,FirstRecords; GRIIS
Abies alba Mill.,Abies alba,Plantae,1500,United Kingdom,GBR,10,freshwater; terrestrial,"introduced (alien, exotic, non-native, nonindigenous); introduced",TRUE,DAISIE; USRIIS; TrIAS; FirstRecords; GRIIS
Abies concolor (Gordon) Lindl. ex Hildebr.,Abies concolor,Plantae,1856,Denmark,DNK,6,terrestrial,introduced,TRUE,FirstRecords; GRIIS; Artsdatabanken
Abies lasiocarpa (Hook.) Nutt.,Abies lasiocarpa,Plantae,1890,Norway,NOR,4,terrestrial,introduced,TRUE,SINAS; FirstRecords; GRIIS; Artsdatabanken
"Ablerus clisiocampae (Ashmead, 1894)",Ablerus clisiocampae,Animalia,1953,France,FRA,1,terrestrial,introduced,TRUE,FirstRecords; GRIIS
"Abramis brama (Linnaeus, 1758)",Abramis brama,Animalia,1600,Ireland,IRL,10,brackish; freshwater,introduced,TRUE,FirstRecords; GRIIS
Abrus precatorius L.,Abrus precatorius,Plantae,1843,Australia,AUS,25,terrestrial,"introduced (alien, exotic, non-native, nonindigenous); introduced",TRUE,SINAS; USRIIS; FirstRecords; GRIIS
Abutilon grandiflorum G.Don,Abutilon grandiflorum,Plantae,1928,Australia,AUS,3,terrestrial,introduced,TRUE,FirstRecords; GRIIS; M.McGeoch_AUS_2025
Abutilon grandifolium (Willd.) Sweet,Abutilon grandifolium,Plantae,1868,Portugal,PRT,12,terrestrial,"introduced (alien, exotic, non-native, nonindigenous); introduced",TRUE,USRIIS; FirstRecords; GRIIS
Abutilon hirtum (Lam.) Sweet,Abutilon hirtum,Plantae,1879,Panama,PAN,5,terrestrial,"introduced (alien, exotic, non-native, nonindigenous); introduced",TRUE,CABI; USRIIS; FirstRecords; GRIIS
Abutilon indicum (L.) Sweet,Abutilon indicum,Plantae,1853,Japan,JPN,15,terrestrial,"introduced (alien, exotic, non-native, nonindigenous); introduced",TRUE,SINAS; USRIIS; FirstRecords; GRIIS
Abutilon theophrasti Medik.,Abutilon theophrasti,Plantae,657,China,CHN,49,freshwater; terrestrial,"introduced (alien, exotic, non-native, nonindigenous); introduced",TRUE,USRIIS; TrIAS; FirstRecords; GRIIS; InstytutOchronyPrzyrody
Acacia aulacocarpa A.Cunn. ex Benth.,Acacia aulacocarpa,Plantae,NA,NA,NA,2,terrestrial,introduced,TRUE,FirstRecords; GRIIS
Acacia auriculiformis A. Cunn. ex Benth.; Acacia auriculiformis A.Cunn. ex Benth.,Acacia auriculiformis,Plantae,1890,Singapore,SGP,42,terrestrial,"introduced (alien, exotic, non-native, nonindigenous); introduced",TRUE,USRIIS; FirstRecords; GRIIS
Acacia baileyana F. Muell.; Acacia baileyana F.Muell.,Acacia baileyana,Plantae,1916,South Africa,ZAF,9,terrestrial,"introduced (alien, exotic, non-native, nonindigenous); introduced",TRUE,USRIIS; FirstRecords; GRIIS
Acacia colei Maslin & L.A.J.Thomson,Acacia colei,Plantae,NA,NA,NA,2,terrestrial,introduced,TRUE,FirstRecords; GRIIS
Acacia confusa Merr.,Acacia confusa,Plantae,1923,United States,USA,9,terrestrial,"introduced (alien, exotic, non-native, nonindigenous); introduced",TRUE,USRIIS; FirstRecords; GRIIS
Acacia crassicarpa A.Cunn. ex Benth.,Acacia crassicarpa,Plantae,NA,NA,NA,2,terrestrial,introduced,TRUE,FirstRecords; GRIIS
Acacia cyclops A. Cunn. ex G. Don; Acacia cyclops A.Cunn. ex G.Don,Acacia cyclops,Plantae,1839,South Africa,ZAF,19,terrestrial,"introduced (alien, exotic, non-native, nonindigenous); introduced",TRUE,USRIIS; FirstRecords; GRIIS
Acacia dealbata Link,Acacia dealbata,Plantae,1500,Italy,ITA,29,terrestrial,"introduced (alien, exotic, non-native, nonindigenous); introduced",TRUE,DAISIE; USRIIS; FirstRecords; GRIIS
Acacia decurrens Willd.,Acacia decurrens,Plantae,1866,Indonesia,IDN,20,terrestrial,"introduced (alien, exotic, non-native, nonindigenous); introduced",TRUE,USRIIS; FirstRecords; GRIIS
Acacia elata A. Cunn. ex Benth.; Acacia elata A.Cunn. ex Benth.,Acacia elata,Plantae,1937,South Africa,ZAF,4,terrestrial,"introduced (alien, exotic, non-native, nonindigenous); introduced",TRUE,USRIIS; FirstRecords; GRIIS
Acacia longifolia (Andrews) Willd.,Acacia longifolia,Plantae,1500,Italy,ITA,20,terrestrial,"introduced (alien, exotic, non-native, nonindigenous); introduced",TRUE,DAISIE; USRIIS; FirstRecords; GRIIS
Acacia mangium Willd.,Acacia mangium,Plantae,1878,Indonesia,IDN,34,terrestrial,"introduced (alien, exotic, non-native, nonindigenous); introduced",TRUE,USRIIS; FirstRecords; GRIIS
Acacia mearnsii De Wild.,Acacia mearnsii,Plantae,1500,Italy,ITA,34,terrestrial,"introduced (alien, exotic, non-native, nonindigenous); introduced",TRUE,DAISIE; USRIIS; FirstRecords; GRIIS
Acacia melanoxylon R. Br.; Acacia melanoxylon R.Br.,Acacia melanoxylon,Plantae,1500,United Kingdom,GBR,36,terrestrial,"introduced (alien, exotic, non-native, nonindigenous); introduced",TRUE,DAISIE; USRIIS; FirstRecords; GRIIS
Acacia paradoxa DC.,Acacia paradoxa,Plantae,1858,South Africa,ZAF,7,terrestrial,"introduced (alien, exotic, non-native, nonindigenous); introduced",TRUE,USRIIS; FirstRecords; GRIIS
Acacia podalyriifolia A. Cunn. ex G. Don; Acacia podalyriifolia A.Cunn. ex G.Don,Acacia podalyriifolia,Plantae,1912,Australia,AUS,12,terrestrial,"introduced (alien, exotic, non-native, nonindigenous); introduced",TRUE,SINAS; USRIIS; FirstRecords; GRIIS
Acacia provincialis A.Camus,Acacia provincialis,Plantae,NA,NA,NA,1,terrestrial,introduced,TRUE,FirstRecords; GRIIS
Acacia pycnantha Benth.,Acacia pycnantha,Plantae,1500,Italy,ITA,8,terrestrial,"introduced (alien, exotic, non-native, nonindigenous); introduced",TRUE,DAISIE; USRIIS; FirstRecords; GRIIS
Acacia retinodes Schltdl.,Acacia retinodes,Plantae,1500,Italy,ITA,9,terrestrial,"introduced (alien, exotic, non-native, nonindigenous); introduced",TRUE,DAISIE; USRIIS; FirstRecords; GRIIS
Acacia salicina Lindl.,Acacia salicina,Plantae,1993,Zimbabwe,ZWE,3,terrestrial,introduced,TRUE,FirstRecords; GRIIS
Acacia saligna (Labill.) H.L. Wendl.; Acacia saligna (Labill.) H.L.Wendl.,Acacia saligna,Plantae,1500,Italy,ITA,43,terrestrial,"introduced (alien, exotic, non-native, nonindigenous); introduced",TRUE,DAISIE; USRIIS; FirstRecords; GRIIS
Acacia sclerosperma F.Muell.,Acacia sclerosperma,Plantae,NA,NA,NA,1,terrestrial,introduced,TRUE,FirstRecords; GRIIS
Acacia stricta (Andrews) Willd.,Acacia stricta,Plantae,1920,Australia,AUS,2,terrestrial,introduced,TRUE,SINAS; FirstRecords; GRIIS
Acacia verticillata (L'Her.) Willd.,Acacia verticillata,Plantae,1862,Portugal,PRT,4,terrestrial,"introduced (alien, exotic, non-native, nonindigenous); introduced",TRUE,USRIIS; FirstRecords; GRIIS
Acacia victoriae Benth.,Acacia victoriae,Plantae,NA,NA,NA,1,terrestrial,introduced,TRUE,FirstRecords; GRIIS
Acaciella glauca (L.) L.Rico,Acaciella glauca,Plantae,NA,NA,NA,5,terrestrial,introduced,TRUE,FirstRecords; GRIIS
Acaena novae-zelandiae Kirk,Acaena novae-zelandiae,Plantae,1500,United Kingdom,GBR,5,terrestrial,"introduced (alien, exotic, non-native, nonindigenous); introduced",TRUE,DAISIE; USRIIS; FirstRecords; GRIIS
Acalypha australis L.,Acalypha australis,Plantae,1500,Italy,ITA,11,terrestrial,"introduced (alien, exotic, non-native, nonindigenous); introduced",TRUE,DAISIE; USRIIS; FirstRecords; GRIIS
Acalypha ciliata Forssk.,Acalypha ciliata,Plantae,NA,NA,NA,2,terrestrial,introduced,TRUE,FirstRecords; GRIIS
Acalypha indica L.,Acalypha indica,Plantae,1894,Mexico,MEX,13,terrestrial,introduced,TRUE,TrIAS; FirstRecords; GRIIS
Acalypha lanceolata Willd.,Acalypha lanceolata,Plantae,NA,NA,NA,10,terrestrial,introduced,TRUE,FirstRecords; GRIIS
Acalypha virginica L.,Acalypha virginica,Plantae,1500,Bulgaria,BGR,8,terrestrial,introduced,TRUE,DAISIE; FirstRecords; GRIIS
"Acanthaster planci (Linnaeus, 1758)",Acanthaster planci,Animalia,NA,NA,NA,1,terrestrial,introduced,TRUE,GRIIS
"Acanthobrama lissneri Tortonese, 1952",Acanthobrama lissneri,Animalia,NA,NA,NA,1,freshwater,introduced,TRUE,FirstRecords; GRIIS
Acanthocereus tetragonus (L.) Hummelinck,Acanthocereus tetragonus,Plantae,1843,Australia,AUS,7,terrestrial,"introduced (alien, exotic, non-native, nonindigenous); introduced",TRUE,USRIIS; FirstRecords; GRIIS
"Acanthogobius flavimanus (Temminck and Schlegel, 1845); Acanthogobius flavimanus (Temminck & Schlegel, 1845)",Acanthogobius flavimanus,Animalia,1963,United States,USA,4,brackish; freshwater; marine,"introduced (alien, exotic, non-native, nonindigenous); introduced",TRUE,USRIIS; FirstRecords; GRIIS
"Acanthophis praelongus Ramsay, 1877",Acanthophis praelongus,Animalia,NA,NA,NA,1,terrestrial,introduced,TRUE,FirstRecords; GRIIS
Acanthophora spicifera (Vahl) Borgesen,Acanthophora spicifera,Plantae,1952,United States,USA,1,brackish; marine; terrestrial,"introduced (alien, exotic, non-native, nonindigenous)",TRUE,USRIIS
"Acanthoscelides obtectus (Say, 1831)",Acanthoscelides obtectus,Animalia,1831,United States,USA,23,terrestrial,"introduced (alien, exotic, non-native, nonindigenous); introduced",TRUE,USRIIS; FirstRecords; GRIIS; InstytutOchronyPrzyrody
Acanthospermum australe (Loefl.) Kuntze,Acanthospermum australe,Plantae,1820,China,CHN,17,terrestrial,"introduced (alien, exotic, non-native, nonindigenous); introduced",TRUE,SINAS; USRIIS; FirstRecords; GRIIS
Acanthospermum hispidum DC.,Acanthospermum hispidum,Plantae,1801,United States,USA,45,terrestrial,"introduced (alien, exotic, non-native, nonindigenous); introduced",TRUE,USRIIS; TrIAS; FirstRecords; GRIIS
Acanthus mollis L.,Acanthus mollis,Plantae,1500,United Kingdom,GBR,15,terrestrial,"introduced (alien, exotic, non-native, nonindigenous); introduced",TRUE,DAISIE; USRIIS; TrIAS; FirstRecords; GRIIS
"Acartia tonsa Dana, 1849",Acartia tonsa,Animalia,NA,NA,NA,2,terrestrial,introduced,TRUE,GRIIS
"Accipiter rufiventris A.Smith, 1830",Accipiter rufiventris,Animalia,NA,NA,NA,1,terrestrial,introduced,TRUE,FirstRecords; GRIIS
Acer campestre L.,Acer campestre,Plantae,1500,Ireland,IRL,9,freshwater; terrestrial,"introduced (alien, exotic, non-native, nonindigenous); introduced",TRUE,DAISIE; USRIIS; FirstRecords; GRIIS; Artsdatabanken
Acer ginnala Maxim.,Acer ginnala,Plantae,1860,United States,USA,2,terrestrial,"introduced (alien, exotic, non-native, nonindigenous); introduced",TRUE,USRIIS; Artsdatabanken
Acer negundo L.,Acer negundo,Plantae,1500,Bulgaria,BGR,49,freshwater; terrestrial,introduced,TRUE,DAISIE; TrIAS; FirstRecords; GRIIS; Artsdatabanken; InstytutOchronyPrzyrody
Acer negundo subsp. negundo,Acer negundo negundo,Plantae,NA,NA,NA,1,terrestrial,introduced,TRUE,FirstRecords; GRIIS
Acer palmatum Thunb.,Acer palmatum,Plantae,1500,Italy,ITA,10,terrestrial,"introduced (alien, exotic, non-native, nonindigenous); introduced",TRUE,DAISIE; USRIIS; TrIAS; FirstRecords; GRIIS
Acer platanoides L.,Acer platanoides,Plantae,1500,United Kingdom,GBR,8,terrestrial,"introduced (alien, exotic, non-native, nonindigenous); introduced",TRUE,DAISIE; USRIIS; FirstRecords; GRIIS
Acer pseudoplatanus L.,Acer pseudoplatanus,Plantae,1500,United Kingdom,GBR,19,freshwater; terrestrial,"introduced (alien, exotic, non-native, nonindigenous); introduced",TRUE,DAISIE; USRIIS; FirstRecords; GRIIS; Artsdatabanken
Acer tataricum L.,Acer tataricum,Plantae,1805,Estonia,EST,13,terrestrial,"introduced (alien, exotic, non-native, nonindigenous); introduced",TRUE,USRIIS; FirstRecords; GRIIS; Artsdatabanken
Aceria kuko (Kishida),Aceria kuko,Animalia,2011,Germany,DEU,2,terrestrial,"introduced (alien, exotic, non-native, nonindigenous)",TRUE,EPPO Reporting; USRIIS
"Aceria tristriata (Nalepa, 1890)",Aceria tristriata,Animalia,NA,NA,NA,1,terrestrial,introduced,TRUE,GRIIS
"Acheilognathus cyanostigma Jordan & Fowler, 1903",Acheilognathus cyanostigma,Animalia,NA,NA,NA,1,freshwater,introduced,TRUE,FirstRecords; GRIIS
"Acheilognathus macropterus (Bleeker, 1871)",Acheilognathus macropterus,Animalia,2001,Japan,JPN,1,brackish; freshwater,introduced,TRUE,FirstRecords; GRIIS
"Acheilognathus rhombeus (Temminck & Schlegel, 1846)",Acheilognathus rhombeus,Animalia,1974,Japan,JPN,1,freshwater,introduced,TRUE,FirstRecords; GRIIS
"Acheilognathus tabira Jordan & Thompson, 1914",Acheilognathus tabira,Animalia,NA,NA,NA,1,freshwater,introduced,TRUE,FirstRecords; GRIIS
"Acheilognathus typus (Bleeker, 1863)",Acheilognathus typus,Animalia,NA,NA,NA,1,freshwater,introduced,TRUE,FirstRecords; GRIIS
"Acheta domesticus Linnaeus, 1758; Acheta domesticus (Linnaeus, 1758)",Acheta domesticus,Animalia,1850,Norway,NOR,10,terrestrial,"introduced (alien, exotic, non-native, nonindigenous); introduced",TRUE,SINAS; USRIIS; TrIAS; FirstRecords; GRIIS
Achillea filipendulina Lam.,Achillea filipendulina,Plantae,1500,Italy,ITA,13,terrestrial,"introduced (alien, exotic, non-native, nonindigenous); introduced",TRUE,DAISIE; USRIIS; TrIAS; FirstRecords; GRIIS
Achillea millefolium L.,Achillea millefolium,Plantae,1856,Indonesia,IDN,21,terrestrial,"introduced (alien, exotic, non-native, nonindigenous); introduced",TRUE,SINAS; USRIIS; FirstRecords; GRIIS
Achillea nobilis L.,Achillea nobilis,Plantae,1600,Sweden,SWE,11,freshwater; terrestrial,"introduced (alien, exotic, non-native, nonindigenous); introduced",TRUE,DAISIE; USRIIS; TrIAS; FirstRecords; GRIIS; Artsdatabanken; InstytutOchronyPrzyrody
Achillea ptarmica L.,Achillea ptarmica,Plantae,1700,Sweden,SWE,6,terrestrial,"introduced (alien, exotic, non-native, nonindigenous); introduced",TRUE,DAISIE; USRIIS; FirstRecords; GRIIS
"Achroia grisella (Fabricius, 1794)",Achroia grisella,Animalia,1565,United States,USA,3,terrestrial,"introduced (alien, exotic, non-native, nonindigenous); introduced",TRUE,USRIIS; FirstRecords; GRIIS
Achyranthes aspera L.,Achyranthes aspera,Plantae,1652,South Africa,ZAF,39,terrestrial,"introduced (alien, exotic, non-native, nonindigenous); introduced",TRUE,USRIIS; FirstRecords; GRIIS
Achyranthes aspera var. aspera,Achyranthes aspera aspera,Plantae,NA,NA,NA,6,terrestrial,introduced,TRUE,FirstRecords; GRIIS
Achyranthes aspera var. indica L.,Achyranthes aspera indica,Plantae,NA,NA,NA,1,terrestrial,introduced,TRUE,GRIIS
Achyranthes aspera var. pubescens (Moq.) C.C.Towns.,Achyranthes aspera pubescens,Plantae,NA,NA,NA,3,terrestrial,introduced,TRUE,FirstRecords; GRIIS
Achyranthes bidentata Blume,Achyranthes bidentata,Plantae,NA,NA,NA,2,terrestrial,introduced,TRUE,FirstRecords; GRIIS
Achyranthes sicula (L.) All.,Achyranthes sicula,Plantae,1887,Spain,ESP,6,terrestrial,introduced,TRUE,GRIIS; FirstRecords
"Acipenser baerii Brandt, 1869",Acipenser baerii,Animalia,1956,Russia,RUS,20,brackish; freshwater,introduced,TRUE,TrIAS; FirstRecords; GRIIS
"Acipenser gueldenstaedtii Brandt & Ratzeburg, 1833",Acipenser gueldenstaedtii,Animalia,1962,Estonia; Latvia,EST; LVA,12,brackish; freshwater; marine,introduced,TRUE,TrIAS; FirstRecords; GRIIS
"Acipenser stellatus Pallas, 1771",Acipenser stellatus,Animalia,1930,United Kingdom,GBR,6,brackish; freshwater; marine,introduced,TRUE,SINAS; FirstRecords; GRIIS
"Acipenser transmontanus Richardson, 1836",Acipenser transmontanus,Animalia,1987,Italy,ITA,3,brackish; freshwater; marine,introduced,TRUE,FirstRecords; GRIIS
Acmella radicans (Jacq.) R.K.Jansen,Acmella radicans,Plantae,1969,India,IND,3,terrestrial,introduced,TRUE,FirstRecords; GRIIS; B.Shrestha_NPL_2026
Acmella radicans var. debilis (Kunth) R.K.Jansen,Acmella radicans debilis,Plantae,NA,NA,NA,1,terrestrial,introduced,TRUE,FirstRecords; GRIIS
Acmella uliginosa (Sw.) Cass.,Acmella uliginosa,Plantae,1869,Indonesia,IDN,13,terrestrial,introduced,TRUE,SINAS; FirstRecords; GRIIS
Aconitum ×cammarum L.; Aconitum × cammarum L.,Aconitum cammarum,Plantae,1500,United Kingdom,GBR,8,terrestrial,introduced,TRUE,DAISIE; TrIAS; FirstRecords; GRIIS
Aconitum napellus L.,Aconitum napellus,Plantae,1807,Estonia,EST,9,freshwater; terrestrial,"introduced (alien, exotic, non-native, nonindigenous); introduced",TRUE,USRIIS; FirstRecords; GRIIS; Artsdatabanken
Acorus calamus L.,Acorus calamus,Plantae,1500,Latvia,LVA,34,freshwater; terrestrial,"introduced (alien, exotic, non-native, nonindigenous); introduced",TRUE,USRIIS; TrIAS; FirstRecords; GRIIS; InstytutOchronyPrzyrody
"Acridotheres burmannicus (Jerdon, 1862)",Acridotheres burmannicus,Animalia,NA,NA,NA,2,terrestrial,introduced,TRUE,FirstRecords; GRIIS
"Acridotheres cristatellus (Linnaeus, 1758)",Acridotheres cristatellus,Animalia,1850,Philippines,PHL,9,terrestrial,introduced,TRUE,SINAS; TrIAS; FirstRecords; GRIIS
"Acridotheres fuscus (Wagler, 1827)",Acridotheres fuscus,Animalia,1850,India,IND,7,terrestrial,introduced,TRUE,SINAS; FirstRecords; GRIIS
"Acridotheres ginginianus (Latham, 1790)",Acridotheres ginginianus,Animalia,1937,Germany,DEU,9,freshwater; terrestrial,introduced,TRUE,TrIAS; FirstRecords; GRIIS
"Acridotheres javanicus Cabanis, 1851",Acridotheres javanicus,Animalia,1915,Singapore,SGP,3,terrestrial,introduced,TRUE,FirstRecords; GRIIS
"Acridotheres tristis (Linnaeus, 1766)",Acridotheres tristis,Animalia,1750,Madagascar,MDG,44,terrestrial,"introduced (alien, exotic, non-native, nonindigenous); introduced",TRUE,USRIIS; TrIAS; FirstRecords; GRIIS
Acrocarpus fraxinifolius Wight & Arn.,Acrocarpus fraxinifolius,Plantae,NA,NA,NA,2,terrestrial,introduced,TRUE,FirstRecords; GRIIS
Acroceras zizanioides (Kunth) Dandy,Acroceras zizanioides,Plantae,NA,NA,NA,3,terrestrial,introduced,TRUE,FirstRecords; GRIIS
Acrostichum aureum L.,Acrostichum aureum,Plantae,NA,NA,NA,2,terrestrial,introduced,TRUE,FirstRecords; GRIIS
Actinidia arguta (Siebold and Zucc.) Planch. ex Miq.; Actinidia arguta (Siebold & Zucc.) Planch. ex Miq.,Actinidia arguta,Plantae,1993,Sweden,SWE,3,terrestrial,"introduced (alien, exotic, non-native, nonindigenous); introduced",TRUE,USRIIS; FirstRecords; GRIIS
Actinidia chinensis Planch.,Actinidia chinensis,Plantae,1500,Italy,ITA,13,terrestrial,"introduced (alien, exotic, non-native, nonindigenous); introduced",TRUE,DAISIE; USRIIS; FirstRecords; GRIIS
"Aculops lycopersici (Tryon, 1917)",Aculops lycopersici,Animalia,NA,NA,NA,2,terrestrial,"introduced (alien, exotic, non-native, nonindigenous); introduced",TRUE,USRIIS; GRIIS
"Acyrthosiphon caraganae (Cholodkovsky, 1907); Acyrthosiphon caraganae (Cholodkovsky, 1908)",Acyrthosiphon caraganae,Animalia,1899,United States,USA,4,terrestrial,"introduced (alien, exotic, non-native, nonindigenous); introduced",TRUE,USRIIS; GRIIS
"Acyrthosiphon primulae ; Acyrthosiphon primulae (Theobald, 1913)",Acyrthosiphon primulae,Animalia,1877,United States,USA,2,terrestrial,"introduced (alien, exotic, non-native, nonindigenous); introduced",TRUE,USRIIS; GRIIS
"Adelges cooleyi (Gillette, 1907)",Adelges cooleyi,Animalia,NA,NA,NA,3,terrestrial,introduced,TRUE,GRIIS
"Adelges nordmannianae (Eckstein); Adelges nordmannianae (Eckstein, 1890)",Adelges nordmannianae,Animalia,1840,Germany,DEU,8,terrestrial,"introduced (alien, exotic, non-native, nonindigenous); introduced",TRUE,"SINAS, DAISIE; USRIIS; GRIIS; Artsdatabanken"
"Adelges piceae (Ratzeburg, 1844)",Adelges piceae,Animalia,1895,United Kingdom,GBR,3,terrestrial,"introduced (alien, exotic, non-native, nonindigenous); introduced",TRUE,DAISIE; USRIIS; GRIIS
Adenanthera pavonina L.,Adenanthera pavonina,Plantae,1843,Australia,AUS,57,terrestrial,"introduced (alien, exotic, non-native, nonindigenous); introduced",TRUE,SINAS; USRIIS; FirstRecords; GRIIS
Adenia cissampeloides (Planch. ex Hook.) Harms,Adenia cissampeloides,Plantae,NA,NA,NA,1,terrestrial,introduced,TRUE,FirstRecords; GRIIS
Adenium obesum (Forssk.) Roem. & Schult.,Adenium obesum,Plantae,NA,NA,NA,1,terrestrial,introduced,TRUE,FirstRecords; GRIIS
Adenostemma platyphyllum Cass.,Adenostemma platyphyllum,Plantae,NA,NA,NA,1,terrestrial,introduced,TRUE,FirstRecords; GRIIS
Adenostemma viscosum J.R.Forst. & G.Forst.,Adenostemma viscosum,Plantae,NA,NA,NA,2,terrestrial,introduced,TRUE,FirstRecords; GRIIS
Adiantum capillus-veneris L.,Adiantum capillus-veneris,Plantae,1861,Chile,CHL,6,terrestrial,introduced,TRUE,TrIAS; FirstRecords; GRIIS
Adiantum hispidulum Sw.,Adiantum hispidulum,Plantae,1923,United States,USA,3,terrestrial,"introduced (alien, exotic, non-native, nonindigenous); introduced",TRUE,USRIIS; FirstRecords; GRIIS
Adiantum macrophyllum Sw.,Adiantum macrophyllum,Plantae,2014,United States,USA,2,terrestrial,"introduced (alien, exotic, non-native, nonindigenous); introduced",TRUE,USRIIS; FirstRecords; GRIIS
Adiantum raddianum C. Presl; Adiantum raddianum C.Presl,Adiantum raddianum,Plantae,1905,Zimbabwe,ZWE,16,terrestrial,"introduced (alien, exotic, non-native, nonindigenous); introduced",TRUE,USRIIS; TrIAS; GRIIS; FirstRecords
Adiantum trapeziforme L.,Adiantum trapeziforme,Plantae,NA,NA,NA,2,terrestrial,"introduced (alien, exotic, non-native, nonindigenous); introduced",TRUE,USRIIS; FirstRecords; GRIIS
"Adistemia watsoni (Wollaston, 1871)",Adistemia watsoni,Animalia,1959,Czechia,CZE,5,terrestrial,"introduced (alien, exotic, non-native, nonindigenous); introduced",TRUE,SINAS; USRIIS; FirstRecords; GRIIS; Artsdatabanken
Adonis aestivalis L.,Adonis aestivalis,Plantae,-2200,Czechia,CZE,11,terrestrial,"introduced (alien, exotic, non-native, nonindigenous); introduced",TRUE,DAISIE; USRIIS; FirstRecords; GRIIS; InstytutOchronyPrzyrody
"Adoretus compressus (Weber, 1801)",Adoretus compressus,Animalia,NA,NA,NA,1,terrestrial,"introduced (alien, exotic, non-native, nonindigenous)",TRUE,USRIIS
"Adoretus versutus Harold, 1869",Adoretus versutus,Animalia,NA,NA,NA,1,terrestrial,introduced,TRUE,FirstRecords; GRIIS
"Aedeomyia squamipennis (Lynch Arribálzaga, 1878)",Aedeomyia squamipennis,Animalia,2016,United States,USA,1,brackish; freshwater; marine; terrestrial,"introduced (alien, exotic, non-native, nonindigenous)",TRUE,USRIIS
"Aedes aegypti (Linnaeus, 1762)",Aedes aegypti,Animalia,1700,United States,USA,46,freshwater; terrestrial,"introduced (alien, exotic, non-native, nonindigenous); introduced",TRUE,USRIIS; FirstRecords; GRIIS
"Aedes albopictus (Skuse, 1895); Aedes albopictus (Skuse, 1894)",Aedes albopictus,Animalia,1902,United States,USA,69,brackish; freshwater; terrestrial,"introduced (alien, exotic, non-native, nonindigenous); introduced",TRUE,USRIIS; TrIAS; FirstRecords; GRIIS
Aedes japonicus japonicus,Aedes japonicus japonicus,Animalia,NA,NA,NA,3,freshwater; terrestrial,introduced,TRUE,FirstRecords; GRIIS
"Aedes notoscriptus (Skuse, 1889)",Aedes notoscriptus,Animalia,1918,New Zealand,NZL,2,freshwater; terrestrial,"introduced (alien, exotic, non-native, nonindigenous); introduced",TRUE,USRIIS; FirstRecords; GRIIS
Aegilops cylindrica Host,Aegilops cylindrica,Plantae,1500,Switzerland,CHE,23,freshwater; terrestrial,"introduced (alien, exotic, non-native, nonindigenous); introduced",TRUE,DAISIE; USRIIS; TrIAS; FirstRecords; GRIIS; InstytutOchronyPrzyrody
Aegilops geniculata Roth,Aegilops geniculata,Plantae,NA,NA,NA,3,terrestrial,"introduced (alien, exotic, non-native, nonindigenous); introduced",TRUE,USRIIS; TrIAS; FirstRecords; GRIIS
Aegilops tauschii Coss.,Aegilops tauschii,Plantae,1955,China,CHN,4,terrestrial,"introduced (alien, exotic, non-native, nonindigenous); introduced",TRUE,USRIIS; FirstRecords; GRIIS
Aegilops triuncialis L.,Aegilops triuncialis,Plantae,NA,NA,NA,5,terrestrial,"introduced (alien, exotic, non-native, nonindigenous); introduced",TRUE,USRIIS; TrIAS; FirstRecords; GRIIS
Aegle marmelos (L.) Corrêa,Aegle marmelos,Plantae,1889,Indonesia,IDN,6,terrestrial,introduced,TRUE,SINAS; FirstRecords; GRIIS
Aegopodium podagraria L.,Aegopodium podagraria,Plantae,1500,United Kingdom,GBR,10,terrestrial,"introduced (alien, exotic, non-native, nonindigenous); introduced",TRUE,DAISIE; USRIIS; FirstRecords; GRIIS
Aeonium arboreum (L.) Webb and Berthel.; Aeonium arboreum (L.) Webb & Berthel.,Aeonium arboreum,Plantae,1500,Italy,ITA,10,terrestrial,"introduced (alien, exotic, non-native, nonindigenous); introduced",TRUE,DAISIE; USRIIS; FirstRecords; GRIIS
Aeonium haworthii Webb and Berthel.; Aeonium haworthii Salm-Dyck ex Webb & Berthel.,Aeonium haworthii,Plantae,1500,Italy,ITA,5,terrestrial,"introduced (alien, exotic, non-native, nonindigenous); introduced",TRUE,DAISIE; USRIIS; FirstRecords; GRIIS
Aerva javanica (Burm.fil.) Juss.,Aerva javanica,Plantae,1835,Australia,AUS,6,terrestrial,introduced,TRUE,FirstRecords; GRIIS; M.McGeoch_AUS_2025
Aeschynomene americana L.,Aeschynomene americana,Plantae,1912,Indonesia,IDN,24,terrestrial,introduced,TRUE,TrIAS; FirstRecords; GRIIS; B.Shrestha_NPL_2026
Aeschynomene elaphroxylon (Guill. & Perr.) Taub.,Aeschynomene elaphroxylon,Plantae,1905,Madagascar,MDG,2,terrestrial,introduced,TRUE,FirstRecords; GRIIS
Aeschynomene indica L.,Aeschynomene indica,Plantae,1822,Indonesia,IDN,17,terrestrial,introduced,TRUE,TrIAS; FirstRecords; GRIIS
Aesculus hippocastanum L.,Aesculus hippocastanum,Plantae,1500,Austria,AUT,29,freshwater; terrestrial,"introduced (alien, exotic, non-native, nonindigenous); introduced",TRUE,DAISIE; USRIIS; TrIAS; FirstRecords; GRIIS; Artsdatabanken; InstytutOchronyPrzyrody
"Aethina tumida Murray, 1867",Aethina tumida,Animalia,1996,United States,USA,6,terrestrial,"introduced (alien, exotic, non-native, nonindigenous); introduced",TRUE,USRIIS; FirstRecords; GRIIS
Aethusa cynapium L.,Aethusa cynapium,Plantae,-5300,Czechia,CZE,14,terrestrial,"introduced (alien, exotic, non-native, nonindigenous); introduced",TRUE,DAISIE; USRIIS; FirstRecords; GRIIS; InstytutOchronyPrzyrody
"Agama agama (Linnaeus, 1758)",Agama agama,Animalia,1998,Comoros; Italy,COM; ITA,5,terrestrial,introduced,TRUE,TrIAS; FirstRecords; GRIIS
Agapanthus praecox Willd.,Agapanthus praecox,Plantae,1500,United Kingdom,GBR,11,terrestrial,"introduced (alien, exotic, non-native, nonindigenous); introduced",TRUE,DAISIE; USRIIS; FirstRecords; GRIIS
"Agapornis fischeri Reichenow, 1887",Agapornis fischeri,Animalia,1953,Austria,AUT,8,terrestrial,introduced,TRUE,"SINAS, DAISIE; TrIAS; FirstRecords; GRIIS"
"Agapornis personatus Reichenow, 1887",Agapornis personatus,Animalia,1959,Kenya,KEN,9,terrestrial,"introduced (alien, exotic, non-native, nonindigenous); introduced",TRUE,USRIIS; TrIAS; FirstRecords; GRIIS
"Agapornis roseicollis (Vieillot, 1818); Agapornis roseicollis (Stanley, 1814)",Agapornis roseicollis,Animalia,1960,Australia,AUS,8,terrestrial,"introduced (alien, exotic, non-native, nonindigenous); introduced",TRUE,SINAS; USRIIS; TrIAS; FirstRecords; GRIIS
Agave americana L.,Agave americana,Plantae,1500,Switzerland,CHE,50,terrestrial,introduced,TRUE,DAISIE; TrIAS; FirstRecords; GRIIS
Agave americana var. expansa (Jacobi) Gentry,Agave americana expansa,Plantae,NA,NA,NA,1,terrestrial,introduced,TRUE,FirstRecords; GRIIS
Agave angustifolia Haw.,Agave angustifolia,Plantae,NA,NA,NA,11,terrestrial,introduced,TRUE,FirstRecords; GRIIS
Agave sisalana Perrine,Agave sisalana,Plantae,1500,Italy,ITA,42,terrestrial,"introduced (alien, exotic, non-native, nonindigenous); introduced",TRUE,DAISIE; USRIIS; FirstRecords; GRIIS
Agave vera-cruz Mill.,Agave vera-cruz,Plantae,NA,NA,NA,1,terrestrial,introduced,TRUE,FirstRecords; GRIIS
Agave vivipara L.,Agave vivipara,Plantae,NA,NA,NA,8,terrestrial,introduced,TRUE,FirstRecords; GRIIS
Agdestis clematidea Moc. and Sesse ex DC.; Agdestis clematidea Moc. & Sessé ex DC.,Agdestis clematidea,Plantae,NA,NA,NA,2,terrestrial,"introduced (alien, exotic, non-native, nonindigenous); introduced",TRUE,USRIIS; FirstRecords; GRIIS
Ageratina adenophora (Spreng.) King and H. Rob.; Ageratina adenophora (Spreng.) R.M.King & H.Rob.,Ageratina adenophora,Plantae,1894,Portugal,PRT,25,terrestrial,"introduced (alien, exotic, non-native, nonindigenous); introduced",TRUE,USRIIS; FirstRecords; GRIIS
Ageratina altissima (L.) R.M.King & H.Rob.,Ageratina altissima,Plantae,1896,Japan,JPN,8,terrestrial,introduced,TRUE,TrIAS; FirstRecords; GRIIS
Ageratina riparia (Regel) King and H. Rob.; Ageratina riparia (Regel) R.M.King & H.Rob.,Ageratina riparia,Plantae,1899,Australia; Indonesia,AUS; IDN,14,terrestrial,"introduced (alien, exotic, non-native, nonindigenous); introduced",TRUE,USRIIS; FirstRecords; GRIIS
Ageratum conyzoides L.,Ageratum conyzoides,Plantae,1800,China,CHN,86,terrestrial,"introduced (alien, exotic, non-native, nonindigenous); introduced",TRUE,USRIIS; FirstRecords; GRIIS
Ageratum houstonianum Mill.,Ageratum houstonianum,Plantae,1500,Austria,AUT,46,freshwater; terrestrial,"introduced (alien, exotic, non-native, nonindigenous); introduced",TRUE,DAISIE; USRIIS; TrIAS; FirstRecords; GRIIS
Aglaonema commutatum Schott,Aglaonema commutatum,Plantae,1943,Australia,AUS,10,freshwater; terrestrial,"introduced (alien, exotic, non-native, nonindigenous); introduced",TRUE,USRIIS; FirstRecords; GRIIS
"Agrilus cuprescens (Menetries, 1832)",Agrilus cuprescens,Animalia,1873,United States,USA,1,terrestrial,"introduced (alien, exotic, non-native, nonindigenous)",TRUE,USRIIS
"Agrilus cyanescens Ratzeburg, 1837",Agrilus cyanescens,Animalia,1920,United States,USA,1,terrestrial,"introduced (alien, exotic, non-native, nonindigenous)",TRUE,USRIIS
"Agrilus planipennis Fairmaire, 1888",Agrilus planipennis,Animalia,1750,Norway,NOR,4,terrestrial,"introduced (alien, exotic, non-native, nonindigenous); introduced",TRUE,SINAS; USRIIS; FirstRecords; GRIIS
"Agrilus ribesi Schaefer, 1946",Agrilus ribesi,Animalia,1946,United States,USA,2,terrestrial,"introduced (alien, exotic, non-native, nonindigenous); introduced",TRUE,USRIIS; FirstRecords; GRIIS
Agrimonia procera Wallr.,Agrimonia procera,Plantae,NA,NA,NA,2,terrestrial,introduced,TRUE,FirstRecords; GRIIS
"Agriotes lineatus (Linnaeus, 1767)",Agriotes lineatus,Animalia,2000,United States,USA,1,terrestrial,"introduced (alien, exotic, non-native, nonindigenous)",TRUE,USRIIS
"Agriotes obscurus (Linnaeus, 1758)",Agriotes obscurus,Animalia,1845,United States,USA,1,terrestrial,"introduced (alien, exotic, non-native, nonindigenous)",TRUE,USRIIS
Agropyron cristatum (L.) Gaertn.,Agropyron cristatum,Plantae,1850,Poland,POL,15,freshwater; terrestrial,introduced: assisted colonization; introduced,TRUE,USRIIS; TrIAS; FirstRecords; GRIIS; InstytutOchronyPrzyrody
Agropyron desertorum (Fisch. ex Link) Schult.,Agropyron desertorum,Plantae,1500,Italy,ITA,6,terrestrial,"introduced (alien, exotic, non-native, nonindigenous); introduced",TRUE,DAISIE; USRIIS; FirstRecords; GRIIS
Agropyron fragile (Roth) P. Candargy; Agropyron fragile (Roth) P.Candargy,Agropyron fragile,Plantae,1962,Latvia,LVA,3,terrestrial,"introduced (alien, exotic, non-native, nonindigenous); introduced",TRUE,USRIIS; FirstRecords; GRIIS
Agrostemma githago L.,Agrostemma githago,Plantae,-5300,Czechia,CZE,36,terrestrial,"introduced (alien, exotic, non-native, nonindigenous); introduced",TRUE,DAISIE; USRIIS; FirstRecords; GRIIS; Artsdatabanken; InstytutOchronyPrzyrody
Agrostis capillaris L.,Agrostis capillaris,Plantae,1770,Australia,AUS,9,terrestrial,"introduced (alien, exotic, non-native, nonindigenous); introduced",TRUE,USRIIS; FirstRecords; GRIIS
Agrostis castellana Boiss. and Reut.; Agrostis castellana Boiss. & Reut.,Agrostis castellana,Plantae,1500,United Kingdom,GBR,8,terrestrial,"introduced (alien, exotic, non-native, nonindigenous); introduced",TRUE,DAISIE; USRIIS; TrIAS; FirstRecords; GRIIS
Agrostis gigantea Roth,Agrostis gigantea,Plantae,1500,Czechia,CZE,16,brackish; freshwater; marine; terrestrial,introduced: assisted colonization; introduced,TRUE,DAISIE; USRIIS; FirstRecords; GRIIS
Agrostis pourretii Willd.,Agrostis pourretii,Plantae,NA,NA,NA,2,terrestrial,introduced,TRUE,FirstRecords; GRIIS
Agrostis stolonifera L.,Agrostis stolonifera,Plantae,1852,Australia,AUS,9,freshwater; terrestrial,"introduced (alien, exotic, non-native, nonindigenous); introduced",TRUE,USRIIS; FirstRecords; GRIIS
Agrostis stolonifera f. stolonifera,Agrostis stolonifera stolonifera,Plantae,NA,NA,NA,1,terrestrial,introduced,TRUE,FirstRecords; GRIIS
"Ahasverus advena (Waltl, 1834); Ahasverus advena (Walt, 1832)",Ahasverus advena,Animalia,1857,Poland,POL,11,terrestrial,"introduced (alien, exotic, non-native, nonindigenous); introduced",TRUE,SINAS; USRIIS; FirstRecords; GRIIS
Ailanthus altissima (Mill.) Swingle,Ailanthus altissima,Plantae,19,Japan,JPN,59,freshwater; terrestrial,"introduced (alien, exotic, non-native, nonindigenous); introduced",TRUE,USRIIS; TrIAS; FirstRecords; GRIIS; Artsdatabanken; InstytutOchronyPrzyrody
Ailanthus excelsa Roxb.,Ailanthus excelsa,Plantae,NA,NA,NA,2,terrestrial,introduced,TRUE,FirstRecords; GRIIS
Aira caryophyllea L.,Aira caryophyllea,Plantae,1854,Chile,CHL,12,terrestrial,"introduced (alien, exotic, non-native, nonindigenous); introduced",TRUE,USRIIS; FirstRecords; GRIIS
Aira elegans Willd. ex Roem. & Schult.,Aira elegans,Plantae,1898,Belgium,BEL,10,terrestrial,introduced,TRUE,TrIAS; FirstRecords; GRIIS
"Aix galericulata (Linnaeus, 1758)",Aix galericulata,Animalia,1600,Italy,ITA,21,freshwater; terrestrial,introduced,TRUE,TrIAS; FirstRecords; GRIIS; Artsdatabanken; InstytutOchronyPrzyrody
Ajuga reptans L.,Ajuga reptans,Plantae,1884,Canada,CAN,6,terrestrial,"introduced (alien, exotic, non-native, nonindigenous); introduced",TRUE,USRIIS; FirstRecords; GRIIS
Akebia quinata (Houtt.) Decne.,Akebia quinata,Plantae,1500,Italy,ITA,9,terrestrial,"introduced (alien, exotic, non-native, nonindigenous); introduced",TRUE,DAISIE; USRIIS; TrIAS; FirstRecords; GRIIS
Albizia chinensis (Osbeck) Merr.,Albizia chinensis,Plantae,1917,United States,USA,10,terrestrial,"introduced (alien, exotic, non-native, nonindigenous); introduced",TRUE,USRIIS; FirstRecords; GRIIS
Albizia julibrissin Durazz.,Albizia julibrissin,Plantae,1500,Italy,ITA,32,terrestrial,"introduced (alien, exotic, non-native, nonindigenous); introduced",TRUE,DAISIE; USRIIS; FirstRecords; GRIIS
Albizia lebbeck (L.) Benth.,Albizia lebbeck,Plantae,1308,Nigeria,NGA,74,terrestrial,"introduced (alien, exotic, non-native, nonindigenous); introduced",TRUE,USRIIS; FirstRecords; GRIIS; GRIIS ; J.Ganglo_BEN_2026
Albizia niopoides (Spruce ex Benth.) Burkart,Albizia niopoides,Plantae,1999,United States,USA,6,terrestrial,"introduced (alien, exotic, non-native, nonindigenous); introduced",TRUE,USRIIS; FirstRecords; GRIIS
Albizia procera (Roxb.) Benth.,Albizia procera,Plantae,1885,South Africa,ZAF,25,terrestrial,"introduced (alien, exotic, non-native, nonindigenous); introduced",TRUE,USRIIS; FirstRecords; GRIIS
"Alburnus alburnus (Linnaeus, 1758)",Alburnus alburnus,Animalia,1972,Cyprus,CYP,7,brackish; freshwater,introduced,TRUE,FirstRecords; GRIIS
Alcea rosea L.,Alcea rosea,Plantae,1500,Austria,AUT,35,freshwater; terrestrial,"introduced (alien, exotic, non-native, nonindigenous); introduced",TRUE,DAISIE; USRIIS; TrIAS; FirstRecords; GRIIS; Artsdatabanken
Alchemilla mollis (Buser) Rothm.,Alchemilla mollis,Plantae,1500,Germany,DEU,15,terrestrial,"introduced (alien, exotic, non-native, nonindigenous); introduced",TRUE,DAISIE; USRIIS; TrIAS; FirstRecords; GRIIS; Artsdatabanken
Alchemilla monticola Opiz,Alchemilla monticola,Plantae,1898,Canada,CAN,2,terrestrial,"introduced (alien, exotic, non-native, nonindigenous); introduced",TRUE,USRIIS; FirstRecords; GRIIS
"Alectoris chukar (J. E. Gray, 1830); Alectoris chukar (J.E.Gray, 1830)",Alectoris chukar,Animalia,1550,United Arab Emirates,ARE,14,terrestrial,introduced: assisted colonization; introduced,TRUE,SINAS; USRIIS; TrIAS; FirstRecords; GRIIS
"Alectoris rufa (Linnaeus, 1758)",Alectoris rufa,Animalia,1424,Portugal,PRT,12,terrestrial,introduced,TRUE,TrIAS; FirstRecords; GRIIS
"Alepes djedaba (Forsskål, 1775)",Alepes djedaba,Animalia,NA,NA,NA,1,brackish; freshwater,introduced,TRUE,GRIIS
Aleurites moluccanus (L.) Willd.,Aleurites moluccanus,Plantae,1000,United States,USA,38,terrestrial,"introduced (alien, exotic, non-native, nonindigenous); introduced",TRUE,USRIIS; FirstRecords; GRIIS
"Aleurocanthus spiniferus (Quaintance, 1903)",Aleurocanthus spiniferus,Animalia,19,Japan,JPN,2,terrestrial,"introduced (alien, exotic, non-native, nonindigenous); introduced",TRUE,SINAS; USRIIS; GRIIS
"Aleurocanthus woglumi Ashby, 1915",Aleurocanthus woglumi,Animalia,1913,Jamaica,JAM,4,terrestrial,"introduced (alien, exotic, non-native, nonindigenous); introduced",TRUE,"CABI, EPPO Distribution; USRIIS; GRIIS"
"Aleuroclava aucubae (Kuwana, 1911)",Aleuroclava aucubae,Animalia,2006,Italy,ITA,2,terrestrial,"introduced (alien, exotic, non-native, nonindigenous)",TRUE,SINAS; USRIIS
"Aleurodicus dispersus Russell, 1965",Aleurodicus dispersus,Animalia,1950,United States,USA,5,terrestrial,"introduced (alien, exotic, non-native, nonindigenous); introduced",TRUE,USRIIS; GRIIS
"Aleurothrixus floccosus (Maskell, 1896)",Aleurothrixus floccosus,Animalia,1966,United States,USA,4,terrestrial,"introduced (alien, exotic, non-native, nonindigenous); introduced",TRUE,USRIIS; GRIIS
Alhagi maurorum Medik.,Alhagi maurorum,Plantae,1852,Australia,AUS,4,terrestrial,"introduced (alien, exotic, non-native, nonindigenous); introduced",TRUE,USRIIS; FirstRecords; GRIIS
Alisma plantago-aquatica L.,Alisma plantago-aquatica,Plantae,1920,Chile,CHL,6,freshwater; terrestrial,"introduced (alien, exotic, non-native, nonindigenous); introduced",TRUE,USRIIS; FirstRecords; GRIIS
Alkekengi officinarum Moench,Alkekengi officinarum,Plantae,1650,United Kingdom,GBR,22,freshwater; terrestrial,introduced,TRUE,SINAS; FirstRecords; GRIIS; Artsdatabanken; InstytutOchronyPrzyrody
Allamanda cathartica L.,Allamanda cathartica,Plantae,1827,India,IND,44,terrestrial,"introduced (alien, exotic, non-native, nonindigenous); introduced",TRUE,USRIIS; FirstRecords; GRIIS
Allamanda schottii Pohl,Allamanda schottii,Plantae,NA,NA,NA,6,terrestrial,introduced,TRUE,FirstRecords; GRIIS
Alliaria petiolata (M. Bieb.) Cavara and Grande; Alliaria petiolata (M.Bieb.) Cavara & Grande,Alliaria petiolata,Plantae,1868,United States,USA,7,terrestrial,"introduced (alien, exotic, non-native, nonindigenous); introduced",TRUE,USRIIS; FirstRecords; GRIIS
Allium cepa L.,Allium cepa,Plantae,1106,Nigeria,NGA,29,terrestrial,"introduced (alien, exotic, non-native, nonindigenous); introduced",TRUE,SINAS; USRIIS; TrIAS; FirstRecords; GRIIS
Allium neapolitanum Cirillo,Allium neapolitanum,Plantae,1500,United Kingdom,GBR,11,terrestrial,"introduced (alien, exotic, non-native, nonindigenous); introduced",TRUE,DAISIE; USRIIS; FirstRecords; GRIIS
Allium paradoxum (M.Bieb.) G.Don,Allium paradoxum,Plantae,1500,United Kingdom,GBR,11,terrestrial,introduced,TRUE,DAISIE; TrIAS; FirstRecords; GRIIS
Allium roseum L.,Allium roseum,Plantae,1500,United Kingdom,GBR,4,terrestrial,introduced,TRUE,DAISIE; TrIAS; FirstRecords; GRIIS
Allium sativum L.,Allium sativum,Plantae,1103,Nigeria,NGA,22,freshwater; terrestrial,"introduced (alien, exotic, non-native, nonindigenous); introduced",TRUE,SINAS; USRIIS; FirstRecords; GRIIS
Allium schoenoprasum L.,Allium schoenoprasum,Plantae,1820,Norway,NOR,10,terrestrial,"introduced (alien, exotic, non-native, nonindigenous); introduced",TRUE,USRIIS; TrIAS; FirstRecords; GRIIS; Artsdatabanken
Allium triquetrum L.,Allium triquetrum,Plantae,1500,United Kingdom,GBR,10,terrestrial,"introduced (alien, exotic, non-native, nonindigenous); introduced",TRUE,DAISIE; USRIIS; TrIAS; FirstRecords; GRIIS
Allium vineale L.,Allium vineale,Plantae,1810,Australia,AUS,5,terrestrial,"introduced (alien, exotic, non-native, nonindigenous); introduced",TRUE,USRIIS; FirstRecords; GRIIS
Alnus alnobetula (Ehrh.) K.Koch,Alnus alnobetula,Plantae,2001,Norway,NOR,5,terrestrial,introduced,TRUE,"GBIF, SINAS; FirstRecords; GRIIS; Artsdatabanken"
Alnus glutinosa (L.) Gaertn.,Alnus glutinosa,Plantae,1869,Chile,CHL,8,brackish; freshwater; marine; terrestrial,"introduced (alien, exotic, non-native, nonindigenous); introduced: assisted colonization; introduced",TRUE,USRIIS; FirstRecords; GRIIS
Alnus incana (L.) Moench,Alnus incana,Plantae,1500,United Kingdom,GBR,8,terrestrial,introduced,TRUE,DAISIE; TrIAS; FirstRecords; GRIIS
Alocasia brisbanensis (F.M.Bailey) Domin,Alocasia brisbanensis,Plantae,1867,New Zealand,NZL,1,freshwater; terrestrial,introduced,TRUE,FirstRecords; GRIIS
Alocasia cucullata (Lour.) G. Don; Alocasia cucullata (Lour.) G.Don,Alocasia cucullata,Plantae,1930,United States,USA,12,freshwater; terrestrial,"introduced (alien, exotic, non-native, nonindigenous); introduced",TRUE,USRIIS; FirstRecords; GRIIS
Alocasia macrorrhizos (L.) G. Don; Alocasia macrorrhizos (L.) G.Don,Alocasia macrorrhizos,Plantae,NA,NA,NA,39,freshwater; terrestrial,"introduced (alien, exotic, non-native, nonindigenous); introduced",TRUE,USRIIS; FirstRecords; GRIIS
Aloe arborescens Mill.,Aloe arborescens,Plantae,1500,Italy,ITA,8,terrestrial,introduced,TRUE,DAISIE; FirstRecords; GRIIS
Aloe maculata All.,Aloe maculata,Plantae,1770,Australia,AUS,4,terrestrial,introduced,TRUE,FirstRecords; GRIIS
Aloe vera (L.) Burm. f.; Aloe vera (L.) Burm.f.,Aloe vera,Plantae,1500,Italy,ITA,22,terrestrial,"introduced (alien, exotic, non-native, nonindigenous); introduced",TRUE,DAISIE; USRIIS; FirstRecords; GRIIS
Alopecurus aequalis Sobol.,Alopecurus aequalis,Plantae,1900,Australia,AUS,3,terrestrial,introduced,TRUE,FirstRecords; GRIIS
Alopecurus arundinaceus Poir.,Alopecurus arundinaceus,Plantae,1988,Bhutan,BTN,5,terrestrial,"introduced (alien, exotic, non-native, nonindigenous); introduced",TRUE,USRIIS; FirstRecords; GRIIS
Alopecurus geniculatus L.,Alopecurus geniculatus,Plantae,1841,New Zealand,NZL,9,brackish; freshwater; terrestrial,"introduced (alien, exotic, non-native, nonindigenous); introduced",TRUE,SINAS; USRIIS; FirstRecords; GRIIS
Alopecurus myosuroides Huds.,Alopecurus myosuroides,Plantae,1500,Poland,POL,21,freshwater; terrestrial,"introduced (alien, exotic, non-native, nonindigenous); introduced",TRUE,USRIIS; FirstRecords; GRIIS; InstytutOchronyPrzyrody
Alopecurus pratensis L.,Alopecurus pratensis,Plantae,1869,New Zealand,NZL,10,terrestrial,"introduced (alien, exotic, non-native, nonindigenous); introduced",TRUE,SINAS; USRIIS; FirstRecords; GRIIS
"Alopochen aegyptiaca (Linnaeus, 1766)",Alopochen aegyptiaca,Animalia,1650,United Kingdom,GBR,25,freshwater; marine; terrestrial,"introduced (alien, exotic, non-native, nonindigenous); introduced",TRUE,USRIIS; TrIAS; FirstRecords; GRIIS; InstytutOchronyPrzyrody
"Alosa pseudoharengus (Wilson, 1811)",Alosa pseudoharengus,Animalia,NA,NA,NA,1,brackish; freshwater; marine,introduced,TRUE,FirstRecords; GRIIS
"Alosa sapidissima (Wilson, 1811)",Alosa sapidissima,Animalia,1891,United States,USA,4,brackish; freshwater; marine,"introduced (alien, exotic, non-native, nonindigenous); introduced",TRUE,USRIIS; FirstRecords; GRIIS
"Alphitobius diaperinus (Panzer, 1797)",Alphitobius diaperinus,Animalia,1806,Poland,POL,14,terrestrial,"introduced (alien, exotic, non-native, nonindigenous); introduced",TRUE,USRIIS; FirstRecords; GRIIS; InstytutOchronyPrzyrody
Alphitonia excelsa (Fenzl) Reissek ex Benth.; Alphitonia excelsa (Fenzl) Benth.,Alphitonia excelsa,Plantae,1969,United States,USA,3,terrestrial,"introduced (alien, exotic, non-native, nonindigenous); introduced",TRUE,USRIIS; FirstRecords; GRIIS
"Alphitophagus bifasciatus (Say, 1824)",Alphitophagus bifasciatus,Animalia,1617,United States,USA,10,terrestrial,"introduced (alien, exotic, non-native, nonindigenous); introduced",TRUE,USRIIS; FirstRecords; GRIIS; Artsdatabanken; InstytutOchronyPrzyrody
Alpinia nigra (Gaertn.) Burtt,Alpinia nigra,Plantae,NA,NA,NA,1,terrestrial,introduced,TRUE,FirstRecords; GRIIS
Alpinia purpurata (Vieill.) K. Schum.; Alpinia purpurata (Vieill.) K.Schum.,Alpinia purpurata,Plantae,1925,United States,USA,29,terrestrial,"introduced (alien, exotic, non-native, nonindigenous); introduced",TRUE,USRIIS; FirstRecords; GRIIS
Alpinia zerumbet (Pers.) B.L. Burtt and R.M. Sm.; Alpinia zerumbet (Pers.) B.L.Burtt & R.M.Sm.,Alpinia zerumbet,Plantae,1888,Australia,AUS,16,terrestrial,"introduced (alien, exotic, non-native, nonindigenous); introduced",TRUE,USRIIS; FirstRecords; GRIIS
Alstonia macrophylla Wall. ex G. Don; Alstonia macrophylla Wall. ex G.Don,Alstonia macrophylla,Plantae,1921,Congo - Kinshasa,COD,7,terrestrial,"introduced (alien, exotic, non-native, nonindigenous); introduced",TRUE,SINAS; USRIIS; FirstRecords; GRIIS
Alstonia scholaris (L.) R. Br.; Alstonia scholaris (L.) R.Br.,Alstonia scholaris,Plantae,NA,NA,NA,2,terrestrial,"introduced (alien, exotic, non-native, nonindigenous); introduced",TRUE,USRIIS; FirstRecords; GRIIS
Alternanthera bettzickiana (Regel) G.Nicholson,Alternanthera bettzickiana,Plantae,1893,Indonesia,IDN,5,terrestrial,introduced,TRUE,SINAS; FirstRecords; GRIIS; B.Shrestha_NPL_2026
Alternanthera brasiliana (L.) Kuntze,Alternanthera brasiliana,Plantae,1888,Indonesia,IDN,14,terrestrial,"introduced (alien, exotic, non-native, nonindigenous); introduced",TRUE,SINAS; USRIIS; FirstRecords; GRIIS
Alternanthera ficoidea (L.) P. Beauv.; Alternanthera ficoidea (L.) R.Br.,Alternanthera ficoidea,Plantae,1907,Australia,AUS,10,terrestrial,"introduced (alien, exotic, non-native, nonindigenous); introduced",TRUE,USRIIS; TrIAS; FirstRecords; GRIIS
Alternanthera halimifolia (Lam.) Standl. ex Pittier,Alternanthera halimifolia,Plantae,NA,NA,NA,2,terrestrial,introduced,TRUE,FirstRecords; GRIIS
Alternanthera paronychioides A. St.-Hil.; Alternanthera paronychioides A.St.-Hil.,Alternanthera paronychioides,Plantae,1857,China,CHN,6,freshwater; terrestrial,"introduced (alien, exotic, non-native, nonindigenous); introduced",TRUE,USRIIS; TrIAS; FirstRecords; GRIIS; B.Shrestha_NPL_2026
Alternanthera philoxeroides (Mart.) Griseb.,Alternanthera philoxeroides,Plantae,1500,Italy,ITA,25,freshwater; terrestrial,"introduced (alien, exotic, non-native, nonindigenous); introduced",TRUE,DAISIE; USRIIS; FirstRecords; GRIIS; B.Shrestha_NPL_2026
Alternanthera pungens Kunth,Alternanthera pungens,Plantae,1901,South Africa,ZAF,25,freshwater; terrestrial,"introduced (alien, exotic, non-native, nonindigenous); introduced",TRUE,USRIIS; TrIAS; FirstRecords; GRIIS; B.Shrestha_NPL_2026
Alternanthera sessilis (L.) R. Br. ex DC.; Alternanthera sessilis (L.) R.Br. ex DC.,Alternanthera sessilis,Plantae,19,Japan,JPN,51,freshwater; terrestrial,"introduced (alien, exotic, non-native, nonindigenous); introduced",TRUE,USRIIS; TrIAS; FirstRecords; GRIIS; GRIIS ; J.Ganglo_BEN_2026
Alternanthera spinosa (Hornem.) Roem. & Schult.,Alternanthera spinosa,Plantae,NA,NA,NA,1,terrestrial,introduced,TRUE,FirstRecords; GRIIS
Alysicarpus bupleurifolius (L.) DC.,Alysicarpus bupleurifolius,Plantae,1905,Madagascar,MDG,4,terrestrial,introduced,TRUE,FirstRecords; GRIIS
Alysicarpus vaginalis (L.) DC.,Alysicarpus vaginalis,Plantae,1866,Australia,AUS,33,terrestrial,"introduced (alien, exotic, non-native, nonindigenous); introduced",TRUE,USRIIS; FirstRecords; GRIIS
Alyssum alyssoides (L.) L.,Alyssum alyssoides,Plantae,0,United Kingdom,GBR,13,freshwater; terrestrial,"introduced (alien, exotic, non-native, nonindigenous); introduced",TRUE,USRIIS; FirstRecords; GRIIS; Artsdatabanken
"Amandava amandava (Linnaeus, 1758)",Amandava amandava,Animalia,1732,Mauritius,MUS,16,terrestrial,"introduced (alien, exotic, non-native, nonindigenous); introduced",TRUE,SINAS; USRIIS; TrIAS; FirstRecords; GRIIS
Amaranthaceae,Amaranthaceae,Plantae,NA,NA,NA,10,terrestrial,introduced,TRUE,GRIIS
Amaranthus Adanson; Amaranthus L.,Amaranthus,Plantae,NA,NA,NA,3,terrestrial,introduced,TRUE,GRIIS
Amaranthus albus L.,Amaranthus albus,Plantae,1500,Bulgaria,BGR,49,freshwater; terrestrial,"introduced (alien, exotic, non-native, nonindigenous); introduced",TRUE,DAISIE; USRIIS; TrIAS; FirstRecords; GRIIS; InstytutOchronyPrzyrody
Amaranthus australis (A.Gray) J.D.Sauer,Amaranthus australis,Plantae,NA,NA,NA,3,terrestrial,introduced,TRUE,FirstRecords; GRIIS
Amaranthus blitoides S. Watson; Amaranthus blitoides S.Watson,Amaranthus blitoides,Plantae,1500,Bulgaria,BGR,44,freshwater; terrestrial,"introduced (alien, exotic, non-native, nonindigenous); introduced",TRUE,DAISIE; USRIIS; TrIAS; FirstRecords; GRIIS; InstytutOchronyPrzyrody
Amaranthus blitum L.,Amaranthus blitum,Plantae,1771,United Kingdom,GBR,58,freshwater; terrestrial,"introduced (alien, exotic, non-native, nonindigenous); introduced",TRUE,USRIIS; TrIAS; FirstRecords; GRIIS; InstytutOchronyPrzyrody
Amaranthus caudatus L.,Amaranthus caudatus,Plantae,1500,Germany,DEU,45,freshwater; terrestrial,"introduced (alien, exotic, non-native, nonindigenous); introduced",TRUE,DAISIE; USRIIS; TrIAS; FirstRecords; GRIIS
Amaranthus crispus (Lesp. and Thev.) N. Terracc.; Amaranthus crispus (Lesp. & Thévenau) N.Terracc.,Amaranthus crispus,Plantae,1500,Bulgaria,BGR,15,terrestrial,"introduced (alien, exotic, non-native, nonindigenous); introduced",TRUE,DAISIE; USRIIS; TrIAS; FirstRecords; GRIIS
Amaranthus cruentus L.,Amaranthus cruentus,Plantae,1500,Switzerland,CHE,45,freshwater; terrestrial,"introduced (alien, exotic, non-native, nonindigenous); introduced",TRUE,DAISIE; USRIIS; TrIAS; FirstRecords; GRIIS
Amaranthus deflexus L.,Amaranthus deflexus,Plantae,1500,Bulgaria,BGR,39,terrestrial,"introduced (alien, exotic, non-native, nonindigenous); introduced",TRUE,DAISIE; USRIIS; TrIAS; FirstRecords; GRIIS
Amaranthus dubius Mart. ex Thell.; Amaranthus dubius Mart.,Amaranthus dubius,Plantae,1960,Zimbabwe,ZWE,37,terrestrial,"introduced (alien, exotic, non-native, nonindigenous); introduced",TRUE,USRIIS; FirstRecords; GRIIS
Amaranthus emarginatus Salzm. ex Uline & W.L.Bray,Amaranthus emarginatus,Plantae,1889,Germany,DEU,9,terrestrial,introduced,TRUE,FirstRecords; GRIIS
Amaranthus graecizans L.,Amaranthus graecizans,Plantae,1500,Switzerland,CHE,23,freshwater; terrestrial,"introduced (alien, exotic, non-native, nonindigenous); introduced",TRUE,DAISIE; USRIIS; TrIAS; FirstRecords; GRIIS
Amaranthus hybridus L.,Amaranthus hybridus,Plantae,1500,Bulgaria,BGR,66,freshwater; terrestrial,"introduced (alien, exotic, non-native, nonindigenous); introduced",TRUE,DAISIE; USRIIS; TrIAS; FirstRecords; GRIIS; InstytutOchronyPrzyrody
Amaranthus interruptus R.Br.,Amaranthus interruptus,Plantae,NA,NA,NA,3,terrestrial,introduced,TRUE,FirstRecords; GRIIS
Amaranthus muricatus (Moq.) Hieron.; Amaranthus muricatus (Gillies ex Moq.) Hieron.,Amaranthus muricatus,Plantae,1500,Italy,ITA,16,terrestrial,"introduced (alien, exotic, non-native, nonindigenous); introduced",TRUE,DAISIE; USRIIS; TrIAS; FirstRecords; GRIIS
Amaranthus palmeri S.Watson,Amaranthus palmeri,Plantae,1831,Russia,RUS,23,terrestrial,introduced,TRUE,TrIAS; FirstRecords; GRIIS
"Amaranthus paniculatus Wall., 1832",Amaranthus paniculatus,Plantae,1985,Kyrgyzstan,KGZ,4,freshwater; terrestrial,introduced,TRUE,GRIIS; FirstRecords
Amaranthus polygonoides L.,Amaranthus polygonoides,Plantae,1500,Italy,ITA,6,terrestrial,"introduced (alien, exotic, non-native, nonindigenous); introduced",TRUE,DAISIE; USRIIS; TrIAS; FirstRecords; GRIIS
Amaranthus powellii S.Watson,Amaranthus powellii,Plantae,1500,Italy,ITA,26,terrestrial,introduced,TRUE,DAISIE; TrIAS; FirstRecords; GRIIS
Amaranthus quitensis Kunth,Amaranthus quitensis,Plantae,1910,Czech Republic,CZE,9,terrestrial,introduced,TRUE,TrIAS; FirstRecords; GRIIS
Amaranthus retroflexus L.,Amaranthus retroflexus,Plantae,1500,Bulgaria,BGR,63,freshwater; terrestrial,"introduced (alien, exotic, non-native, nonindigenous); introduced",TRUE,DAISIE; USRIIS; TrIAS; FirstRecords; GRIIS; Artsdatabanken; InstytutOchronyPrzyrody
Amaranthus spinosus L.,Amaranthus spinosus,Plantae,19,Japan,JPN,78,terrestrial,"introduced (alien, exotic, non-native, nonindigenous); introduced",TRUE,USRIIS; TrIAS; FirstRecords; GRIIS
Amaranthus tricolor L.,Amaranthus tricolor,Plantae,900,China,CHN,22,terrestrial,"introduced (alien, exotic, non-native, nonindigenous); introduced",TRUE,USRIIS; FirstRecords; GRIIS
Amaranthus tuberculatus (Moq.) J.D.Sauer,Amaranthus tuberculatus,Plantae,1500,Italy,ITA,12,terrestrial,introduced,TRUE,DAISIE; TrIAS; FirstRecords; GRIIS
Amaranthus viridis L.,Amaranthus viridis,Plantae,1500,Italy,ITA,72,terrestrial,"introduced (alien, exotic, non-native, nonindigenous); introduced",TRUE,DAISIE; USRIIS; TrIAS; FirstRecords; GRIIS
Amaryllis belladonna L.,Amaryllis belladonna,Plantae,1500,United Kingdom,GBR,13,terrestrial,"introduced (alien, exotic, non-native, nonindigenous); introduced",TRUE,DAISIE; USRIIS; FirstRecords; GRIIS
"Amathia verticillata (delle Chiaje, 1822)",Amathia verticillata,Animalia,NA,NA,NA,2,freshwater; terrestrial,introduced,TRUE,FirstRecords; GRIIS
"Amatitlania nigrofasciata (Günther, 1867)",Amatitlania nigrofasciata,Animalia,1928,Australia,AUS,10,brackish; freshwater,introduced,TRUE,FirstRecords; GRIIS
"Amazona amazonica (Linnaeus, 1766)",Amazona amazonica,Animalia,1951,Barbados,BRB,6,terrestrial,"introduced (alien, exotic, non-native, nonindigenous); introduced",TRUE,USRIIS; TrIAS; FirstRecords; GRIIS
"Amazona ochrocephala (Gmelin, 1788)",Amazona ochrocephala,Animalia,1991,Barbados,BRB,5,terrestrial,"introduced (alien, exotic, non-native, nonindigenous); introduced",TRUE,USRIIS; TrIAS; FirstRecords; GRIIS
"Ambigolimax valentianus (A.Férussac, 1821)",Ambigolimax valentianus,Animalia,1946,Belgium,BEL,18,terrestrial,introduced,TRUE,TrIAS; FirstRecords; GRIIS; InstytutOchronyPrzyrody
"Ambloplites rupestris (Rafinesque, 1817)",Ambloplites rupestris,Animalia,1882,Germany,DEU,4,freshwater,introduced,TRUE,SINAS; FirstRecords; GRIIS
Amblovenatum opulentum (Kaulf.) J.P.Roux,Amblovenatum opulentum,Plantae,NA,NA,NA,10,terrestrial,introduced,TRUE,FirstRecords; GRIIS
Ambrosia artemisiifolia L.,Ambrosia artemisiifolia,Plantae,1500,Bulgaria,BGR,51,freshwater; terrestrial,"introduced (alien, exotic, non-native, nonindigenous); introduced",TRUE,DAISIE; USRIIS; TrIAS; FirstRecords; GRIIS; Artsdatabanken; InstytutOchronyPrzyrody
Ambrosia confertiflora DC.,Ambrosia confertiflora,Plantae,1905,Australia,AUS,4,terrestrial,introduced,TRUE,FirstRecords; GRIIS
Ambrosia polystachya DC.,Ambrosia polystachya,Plantae,NA,NA,NA,16,terrestrial,introduced,TRUE,FirstRecords; GRIIS
Ambrosia psilostachya DC.,Ambrosia psilostachya,Plantae,1700,Sweden,SWE,23,freshwater; terrestrial,introduced,TRUE,TrIAS; FirstRecords; GRIIS; InstytutOchronyPrzyrody
Ambrosia tenuifolia Spreng.,Ambrosia tenuifolia,Plantae,1500,Italy,ITA,11,terrestrial,"introduced (alien, exotic, non-native, nonindigenous); introduced",TRUE,DAISIE; USRIIS; FirstRecords; GRIIS
Ambrosia trifida L.,Ambrosia trifida,Plantae,1500,Austria,AUT,24,freshwater; terrestrial,introduced,TRUE,DAISIE; TrIAS; FirstRecords; GRIIS
"Ameiurus melas (Rafinesque, 1820)",Ameiurus melas,Animalia,1801,Italy,ITA,22,brackish; freshwater,introduced,TRUE,DAISIE; TrIAS; FirstRecords; GRIIS; InstytutOchronyPrzyrody
"Ameiurus nebulosus (Lesueur, 1819)",Ameiurus nebulosus,Animalia,1871,Belgium,BEL,30,brackish; freshwater,introduced,TRUE,TrIAS; FirstRecords; GRIIS; Artsdatabanken; InstytutOchronyPrzyrody
"Ameiva ameiva (Linnaeus, 1758)",Ameiva ameiva,Animalia,1953,United States,USA,3,terrestrial,"introduced (alien, exotic, non-native, nonindigenous); introduced",TRUE,USRIIS; FirstRecords; GRIIS
Amelanchier alnifolia (Nutt.) Nutt.,Amelanchier alnifolia,Plantae,1801,Germany,DEU,7,freshwater; terrestrial,introduced,TRUE,DAISIE; FirstRecords; GRIIS; Artsdatabanken; InstytutOchronyPrzyrody
Amelanchier humilis Wiegand,Amelanchier humilis,Plantae,1820,Poland,POL,15,freshwater; terrestrial,introduced,TRUE,TrIAS; FirstRecords; GRIIS; Artsdatabanken; InstytutOchronyPrzyrody
Amelanchier ×lamarckii F.G.Schroed.; Amelanchier × lamarckii F.G.Schroed.,Amelanchier lamarckii,Plantae,1500,United Kingdom,GBR,12,terrestrial,introduced,TRUE,DAISIE; TrIAS; FirstRecords; GRIIS; Artsdatabanken; InstytutOchronyPrzyrody
Ammannia baccifera L.,Ammannia baccifera,Plantae,1949,Japan,JPN,11,terrestrial,introduced,TRUE,FirstRecords; GRIIS
Ammannia coccinea Rottb.,Ammannia coccinea,Plantae,1500,Italy,ITA,15,freshwater; terrestrial,"introduced (alien, exotic, non-native, nonindigenous); introduced",TRUE,DAISIE; USRIIS; TrIAS; FirstRecords; GRIIS
Ammannia latifolia L.,Ammannia latifolia,Plantae,1991,Chile,CHL,3,terrestrial,introduced,TRUE,FirstRecords; GRIIS
Ammi majus L.,Ammi majus,Plantae,1500,Austria,AUT,23,freshwater; terrestrial,"introduced (alien, exotic, non-native, nonindigenous); introduced",TRUE,DAISIE; USRIIS; TrIAS; FirstRecords; GRIIS
"Ammotragus lervia (Pallas, 1777)",Ammotragus lervia,Animalia,1883,Germany,DEU,9,terrestrial,"introduced (alien, exotic, non-native, nonindigenous); introduced",TRUE,"SINAS, DAISIE; USRIIS; FirstRecords; GRIIS"
Amorpha fruticosa L.,Amorpha fruticosa,Plantae,1500,Bulgaria,BGR,35,terrestrial,introduced,TRUE,DAISIE; TrIAS; FirstRecords; GRIIS; InstytutOchronyPrzyrody
Ampelodesmos mauritanicus (Poir.) T. Durand and Schinz; Ampelodesmos mauritanicus (Poir.) T.Durand & Schinz,Ampelodesmos mauritanicus,Plantae,1952,Portugal,PRT,2,terrestrial,"introduced (alien, exotic, non-native, nonindigenous); introduced",TRUE,USRIIS; FirstRecords; GRIIS
"Ampelopsis arborea Kochne, 1893",Ampelopsis arborea,Plantae,NA,NA,NA,1,terrestrial,introduced,TRUE,FirstRecords; GRIIS
"Amphibolus venator (Klug, 1830)",Amphibolus venator,Animalia,NA,NA,NA,1,terrestrial,introduced,TRUE,GRIIS
Amphilophium crucigerum (L.) L.G.Lohmann,Amphilophium crucigerum,Plantae,NA,NA,NA,2,terrestrial,"introduced (alien, exotic, non-native, nonindigenous); introduced",TRUE,USRIIS; FirstRecords; GRIIS
"Amphilophus citrinellus (Gunther, 1864); Amphilophus citrinellus (Günther, 1864)",Amphilophus citrinellus,Animalia,1976,United States,USA,5,brackish; freshwater,"introduced (alien, exotic, non-native, nonindigenous); introduced",TRUE,USRIIS; FirstRecords; GRIIS
"Amynthas agrestis (Goto and Hatai, 1899); Amynthas agrestis (Goto & Hatai, 1899)",Amynthas agrestis,Animalia,1939,United States,USA,2,terrestrial,"introduced (alien, exotic, non-native, nonindigenous); introduced",TRUE,USRIIS; GRIIS
Anacardium occidentale L.,Anacardium occidentale,Plantae,1614,Nigeria,NGA,27,terrestrial,introduced,TRUE,SINAS; FirstRecords; GRIIS
Ananas comosus (L.) Merr.,Ananas comosus,Plantae,1707,Nigeria,NGA,18,terrestrial,"introduced (alien, exotic, non-native, nonindigenous); introduced",TRUE,SINAS; USRIIS; FirstRecords; GRIIS
"Anarsia lineatella Zeller, 1839",Anarsia lineatella,Animalia,1625,United States,USA,2,terrestrial,"introduced (alien, exotic, non-native, nonindigenous); introduced",TRUE,USRIIS; FirstRecords; GRIIS
"Anas platyrhynchos Linnaeus, 1758",Anas platyrhynchos,Animalia,1861,Australia,AUS,17,freshwater; terrestrial,introduced,TRUE,FirstRecords; GRIIS
"Anastrepha compressa Stone, 1942",Anastrepha compressa,Animalia,NA,NA,NA,1,terrestrial,introduced,TRUE,FirstRecords; GRIIS
"Anastrepha obliqua (Macquart, 1835)",Anastrepha obliqua,Animalia,1933,Dominica,DMA,5,terrestrial,introduced,TRUE,FirstRecords; GRIIS
"Anathymus lineaticollis Heller, 1934",Anathymus lineaticollis,Animalia,NA,NA,NA,2,terrestrial,introduced,TRUE,FirstRecords; GRIIS
"Anatrachyntis badia (Hodges, 1962)",Anatrachyntis badia,Animalia,NA,NA,NA,2,terrestrial,"introduced (alien, exotic, non-native, nonindigenous); introduced",TRUE,USRIIS; FirstRecords; GRIIS
Anchusa azurea Mill.,Anchusa azurea,Plantae,1500,Czechia,CZE,15,terrestrial,"introduced (alien, exotic, non-native, nonindigenous); introduced",TRUE,DAISIE; USRIIS; TrIAS; FirstRecords; GRIIS; Artsdatabanken
Anchusa officinalis L.,Anchusa officinalis,Plantae,-5300,Czechia,CZE,16,terrestrial,"introduced (alien, exotic, non-native, nonindigenous); introduced",TRUE,DAISIE; USRIIS; FirstRecords; GRIIS; M.McGeoch_AUS_2025; InstytutOchronyPrzyrody
"Andaspis numerata Brimblecombe, 1959",Andaspis numerata,Animalia,2011,United States,USA,1,terrestrial,"introduced (alien, exotic, non-native, nonindigenous)",TRUE,USRIIS
"Andrias davidianus (Blanchard, 1871)",Andrias davidianus,Animalia,1972,Japan,JPN,1,freshwater,introduced,TRUE,FirstRecords; GRIIS
Andropogon gayanus Kunth,Andropogon gayanus,Plantae,1942,Australia; Brazil,AUS; BRA,6,terrestrial,introduced,TRUE,FirstRecords; GRIIS
Andropogon virginicus L.,Andropogon virginicus,Plantae,1885,Russia,RUS,9,terrestrial,"introduced (alien, exotic, non-native, nonindigenous); introduced",TRUE,USRIIS; FirstRecords; GRIIS
Anethum graveolens L.,Anethum graveolens,Plantae,1500,Austria,AUT,41,freshwater; terrestrial,"introduced (alien, exotic, non-native, nonindigenous); introduced",TRUE,DAISIE; USRIIS; TrIAS; FirstRecords; GRIIS
Angelica archangelica L.,Angelica archangelica,Plantae,1500,United Kingdom,GBR,9,terrestrial,introduced,TRUE,DAISIE; TrIAS; FirstRecords; GRIIS
Angelica archangelica subsp. archangelica,Angelica archangelica archangelica,Plantae,NA,NA,NA,4,freshwater; terrestrial,introduced,TRUE,FirstRecords; GRIIS
Angelica pachycarpa Lange,Angelica pachycarpa,Plantae,1968,New Zealand,NZL,1,terrestrial,introduced,TRUE,FirstRecords; GRIIS
Angelica sylvestris L.,Angelica sylvestris,Plantae,1968,Canada,CAN,1,terrestrial,introduced,TRUE,FirstRecords; GRIIS
Angelonia angustifolia Benth.,Angelonia angustifolia,Plantae,NA,NA,NA,10,terrestrial,"introduced (alien, exotic, non-native, nonindigenous); introduced",TRUE,USRIIS; FirstRecords; GRIIS
Angiopteris evecta (G. Forst.) Hoffm.; Angiopteris evecta (G.Forst.) Hoffm.,Angiopteris evecta,Plantae,1941,United States,USA,9,terrestrial,"introduced (alien, exotic, non-native, nonindigenous); introduced",TRUE,USRIIS; FirstRecords; GRIIS
"Angiostrongylus vasorum (Baillet, 1866)",Angiostrongylus vasorum,Animalia,2016,Norway,NOR,2,terrestrial,introduced,TRUE,GRIIS; Artsdatabanken; InstytutOchronyPrzyrody
"Anguilla japonica Temminck & Schlegel, 1846",Anguilla japonica,Animalia,1964,Japan,JPN,6,brackish; freshwater; marine,introduced,TRUE,SINAS; FirstRecords; GRIIS
"Anguilla rostrata (Lesueur, 1817)",Anguilla rostrata,Animalia,1971,Japan,JPN,5,brackish; freshwater; marine,introduced,TRUE,SINAS; FirstRecords; GRIIS
"Anguillicola crassus Kuwahara, Niimi & Itagaki, 1974",Anguillicola crassus,Animalia,1980,Germany,DEU,5,freshwater; marine,introduced,TRUE,DAISIE; TrIAS; GRIIS; Artsdatabanken
"Anguina agrostis (Steinbuch, 1799)",Anguina agrostis,Animalia,1952,United States,USA,1,terrestrial,"introduced (alien, exotic, non-native, nonindigenous)",TRUE,USRIIS
"Anisandrus maiche Stark, 1936",Anisandrus maiche,Animalia,2005,United States,USA,1,terrestrial,"introduced (alien, exotic, non-native, nonindigenous)",TRUE,USRIIS
Aniseia martinicensis (Jacq.) Choisy,Aniseia martinicensis,Plantae,NA,NA,NA,10,terrestrial,introduced,TRUE,FirstRecords; GRIIS
Annona cherimola Mill.,Annona cherimola,Plantae,1500,Italy,ITA,15,terrestrial,"introduced (alien, exotic, non-native, nonindigenous); introduced",TRUE,DAISIE; USRIIS; FirstRecords; GRIIS
Annona glabra L.,Annona glabra,Plantae,1843,Australia,AUS,16,terrestrial,introduced,TRUE,FirstRecords; GRIIS
Annona muricata L.,Annona muricata,Plantae,1668,Nigeria,NGA,28,terrestrial,"introduced (alien, exotic, non-native, nonindigenous); introduced",TRUE,SINAS; USRIIS; FirstRecords; GRIIS
Annona reticulata L.,Annona reticulata,Plantae,1858,Indonesia,IDN,29,terrestrial,introduced,TRUE,SINAS; FirstRecords; GRIIS
Annona squamosa L.,Annona squamosa,Plantae,1647,Nigeria,NGA,45,terrestrial,introduced,TRUE,SINAS; FirstRecords; GRIIS
"Anobium punctatum (De Geer, 1774)",Anobium punctatum,Animalia,1865,United States,USA,2,terrestrial,"introduced (alien, exotic, non-native, nonindigenous); introduced",TRUE,USRIIS; FirstRecords; GRIIS
Anoda cristata (L.) Schltdl.,Anoda cristata,Plantae,1500,Italy,ITA,19,terrestrial,introduced,TRUE,DAISIE; TrIAS; FirstRecords; GRIIS
"Anolis aeneus Gray, 1840",Anolis aeneus,Animalia,1801,Trinidad and Tobago,TTO,2,terrestrial,introduced,TRUE,FirstRecords; GRIIS
"Anolis carolinensis Voigt in Cuvier and Voigt, 1832; Anolis carolinensis Voigt, 1832",Anolis carolinensis,Animalia,1948,United States,USA,6,terrestrial,"introduced (alien, exotic, non-native, nonindigenous); introduced",TRUE,USRIIS; FirstRecords; GRIIS
"Anolis cristatellus A. M. C. Dumeril and Bibron, 1837; Anolis cristatellus Duméril & Bibron, 1837",Anolis cristatellus,Animalia,1911,Dominican Republic,DOM,5,terrestrial,"introduced (alien, exotic, non-native, nonindigenous); introduced",TRUE,USRIIS; FirstRecords; GRIIS
"Anolis equestris Merrem, 1820",Anolis equestris,Animalia,1952,United States,USA,4,terrestrial,"introduced (alien, exotic, non-native, nonindigenous); introduced",TRUE,USRIIS; FirstRecords; GRIIS
"Anolis garmani Stejneger, 1899",Anolis garmani,Animalia,1975,United States,USA,2,terrestrial,"introduced (alien, exotic, non-native, nonindigenous); introduced",TRUE,USRIIS; FirstRecords; GRIIS
"Anolis porcatus Gray, 1840",Anolis porcatus,Animalia,1904,United States,USA,3,terrestrial,"introduced (alien, exotic, non-native, nonindigenous); introduced",TRUE,USRIIS; FirstRecords; GRIIS
"Anolis sagrei Cocteau in A. M. C. Dumeril and Bibron, 1837; Anolis sagrei Duméril & Bibron, 1837",Anolis sagrei,Animalia,1887,United States,USA,12,terrestrial,"introduced (alien, exotic, non-native, nonindigenous); introduced",TRUE,USRIIS; TrIAS; FirstRecords; GRIIS
"Anolis wattsii Boulenger, 1894",Anolis wattsii,Animalia,1956,Saint Lucia,LCA,2,terrestrial,introduced,TRUE,FirstRecords; GRIIS
"Anopheles quadrimaculatus Say, 1824",Anopheles quadrimaculatus,Animalia,NA,NA,NA,2,freshwater; terrestrial,introduced,TRUE,FirstRecords; GRIIS
"Anoplolepis gracilipes (Smith, 1857)",Anoplolepis gracilipes,Animalia,1854,Malaysia,MYS,24,terrestrial,"introduced (alien, exotic, non-native, nonindigenous); introduced",TRUE,USRIIS; FirstRecords; GRIIS
"Anoplophora chinensis (Forster, 1771)",Anoplophora chinensis,Animalia,1994,Italy,ITA,9,terrestrial,introduced,TRUE,TrIAS; FirstRecords; GRIIS
"Anoplophora glabripennis (Motschulsky, 1853); Anoplophora glabripennis (Motschulsky, 1854)",Anoplophora glabripennis,Animalia,1996,United States,USA,10,terrestrial,"introduced (alien, exotic, non-native, nonindigenous); introduced",TRUE,USRIIS; TrIAS; FirstRecords; GRIIS
Anredera cordifolia (Ten.) Steenis,Anredera cordifolia,Plantae,1770,Australia,AUS,34,terrestrial,"introduced (alien, exotic, non-native, nonindigenous); introduced",TRUE,USRIIS; FirstRecords; GRIIS
"Anser anser (Linnaeus, 1758)",Anser anser,Animalia,1773,New Zealand,NZL,6,freshwater; terrestrial,introduced,TRUE,FirstRecords; GRIIS
Anthemis arvensis L.,Anthemis arvensis,Plantae,1500,Bulgaria,BGR,19,terrestrial,"introduced (alien, exotic, non-native, nonindigenous); introduced",TRUE,DAISIE; USRIIS; FirstRecords; GRIIS
Anthemis cotula L.,Anthemis cotula,Plantae,1500,Poland,POL,20,freshwater; terrestrial,"introduced (alien, exotic, non-native, nonindigenous); introduced",TRUE,USRIIS; FirstRecords; GRIIS; Artsdatabanken; InstytutOchronyPrzyrody
"Antheraea yamamai Guérin-Méneville, 1861",Antheraea yamamai,Animalia,1865,Italy,ITA,6,terrestrial,introduced,TRUE,FirstRecords; GRIIS
"Anthonomus grandis Boheman, 1843",Anthonomus grandis,Animalia,1949,Venezuela,VEN,7,terrestrial,"introduced (alien, exotic, non-native, nonindigenous); introduced",TRUE,USRIIS; FirstRecords; GRIIS
Anthoxanthum odoratum L.,Anthoxanthum odoratum,Plantae,1810,Australia,AUS,16,terrestrial,"introduced (alien, exotic, non-native, nonindigenous); introduced",TRUE,USRIIS; FirstRecords; GRIIS
"Anthrenocerus australis (Hope, 1843)",Anthrenocerus australis,Animalia,NA,NA,NA,3,terrestrial,introduced,TRUE,FirstRecords; GRIIS
"Anthrenus caucasicus Reitter, 1881",Anthrenus caucasicus,Animalia,1941,Latvia,LVA,2,terrestrial,introduced,TRUE,FirstRecords; GRIIS
"Anthrenus flavipes LeConte, 1854; Anthrenus flavipes Leconte, 1856",Anthrenus flavipes,Animalia,NA,NA,NA,3,terrestrial,"introduced (alien, exotic, non-native, nonindigenous); introduced",TRUE,USRIIS; FirstRecords; GRIIS
"Anthrenus verbasci (Linnaeus, 1767)",Anthrenus verbasci,Animalia,1844,United States,USA,6,terrestrial,"introduced (alien, exotic, non-native, nonindigenous); introduced",TRUE,USRIIS; FirstRecords; GRIIS
Anthriscus caucalis M. Bieb.; Anthriscus caucalis M.Bieb.,Anthriscus caucalis,Plantae,-5300,Czechia,CZE,18,terrestrial,"introduced (alien, exotic, non-native, nonindigenous); introduced",TRUE,DAISIE; USRIIS; FirstRecords; GRIIS; Artsdatabanken; InstytutOchronyPrzyrody
Anthriscus cerefolium (L.) Hoffm.,Anthriscus cerefolium,Plantae,1200,Denmark,DNK,18,freshwater; terrestrial,"introduced (alien, exotic, non-native, nonindigenous); introduced",TRUE,USRIIS; TrIAS; FirstRecords; GRIIS; InstytutOchronyPrzyrody
Anthriscus sylvestris (L.) Hoffm.,Anthriscus sylvestris,Plantae,1879,Canada,CAN,5,terrestrial,"introduced (alien, exotic, non-native, nonindigenous); introduced",TRUE,USRIIS; FirstRecords; GRIIS
Anthyllis vulneraria subsp. carpatica (Pant.) Nyman,Anthyllis vulneraria carpatica,Plantae,1992,Norway,NOR,4,terrestrial,introduced,TRUE,TrIAS; FirstRecords; GRIIS; Artsdatabanken
Antidesma ghaesembilla Gaertn.,Antidesma ghaesembilla,Plantae,NA,NA,NA,1,terrestrial,introduced,TRUE,FirstRecords; GRIIS
Antigonon leptopus Hook. and Arn.; Antigonon leptopus Hook. & Arn.,Antigonon leptopus,Plantae,1862,Malaysia,MYS,69,terrestrial,"introduced (alien, exotic, non-native, nonindigenous); introduced",TRUE,SINAS; USRIIS; FirstRecords; GRIIS
"Antilope cervicapra (Linnaeus, 1758)",Antilope cervicapra,Animalia,1895,Australia,AUS,6,terrestrial,"introduced (alien, exotic, non-native, nonindigenous); introduced",TRUE,SINAS; USRIIS; FirstRecords; GRIIS
"Aonidiella aurantii (Maskell, 1879)",Aonidiella aurantii,Animalia,1874,United States,USA,2,terrestrial,"introduced (alien, exotic, non-native, nonindigenous); introduced",TRUE,USRIIS; GRIIS
"Aonidiella citrina (Coquillett, 1891)",Aonidiella citrina,Animalia,1872,United States,USA,2,terrestrial,"introduced (alien, exotic, non-native, nonindigenous); introduced",TRUE,USRIIS; GRIIS
"Apate monachus Fabricius, 1775",Apate monachus,Animalia,NA,NA,NA,2,terrestrial,introduced,TRUE,FirstRecords; GRIIS
Apera interrupta (L.) P. Beauv.; Apera interrupta (L.) P.Beauv.,Apera interrupta,Plantae,1500,Germany,DEU,9,terrestrial,"introduced (alien, exotic, non-native, nonindigenous); introduced",TRUE,DAISIE; USRIIS; TrIAS; FirstRecords; GRIIS
Apera spica-venti (L.) P. Beauv.; Apera spica-venti (L.) P.Beauv.,Apera spica-venti,Plantae,1500,Czechia,CZE,14,terrestrial,"introduced (alien, exotic, non-native, nonindigenous); introduced",TRUE,DAISIE; USRIIS; FirstRecords; GRIIS; InstytutOchronyPrzyrody
"Aphanius dispar (Rüppell, 1829)",Aphanius dispar,Animalia,1924,Egypt,EGY,4,brackish; freshwater; marine,introduced,TRUE,FirstRecords; GRIIS
"Aphanostigma piri (Cholodkovsky, 1904)",Aphanostigma piri,Animalia,NA,NA,NA,1,terrestrial,introduced,TRUE,GRIIS
"Aphis forbesi Weed, 1889",Aphis forbesi,Animalia,NA,NA,NA,1,terrestrial,introduced,TRUE,FirstRecords; GRIIS
"Aphis gossypii Glover, 1877",Aphis gossypii,Animalia,1758,Sweden,SWE,5,terrestrial,"introduced (alien, exotic, non-native, nonindigenous); introduced",TRUE,SINAS; USRIIS; GRIIS
"Aphis nerii Fonscolombe, 1841; Aphis nerii Boyer de Fonscolombe, 1841",Aphis nerii,Animalia,1879,United States,USA,2,terrestrial,"introduced (alien, exotic, non-native, nonindigenous); introduced",TRUE,USRIIS; GRIIS
"Aphis spiraecola Patch, 1914",Aphis spiraecola,Animalia,1907,United States,USA,2,terrestrial,"introduced (alien, exotic, non-native, nonindigenous); introduced",TRUE,USRIIS; GRIIS
"Aphis spiraephaga F.P.Muller, 1961",Aphis spiraephaga,Animalia,NA,NA,NA,1,terrestrial,introduced,TRUE,GRIIS
Apios americana Medik.,Apios americana,Plantae,1500,Italy,ITA,5,terrestrial,introduced,TRUE,DAISIE; FirstRecords; GRIIS
"Apis cerana Fabricius, 1793",Apis cerana,Animalia,2007,Australia,AUS,1,terrestrial,introduced,TRUE,FirstRecords; GRIIS; M.McGeoch_AUS_2025
"Apis florea Fabricius, 1787",Apis florea,Animalia,NA,NA,NA,5,terrestrial,introduced,TRUE,FirstRecords; GRIIS
"Apis mellifera Linnaeus, 1758",Apis mellifera,Animalia,1505,Sweden,SWE,24,terrestrial,introduced: assisted colonization; introduced,TRUE,USRIIS; FirstRecords; GRIIS; M.McGeoch_AUS_2025
"Apis mellifera var. ligustica Linnaeus, 1758",Apis mellifera ligustica,Animalia,NA,NA,NA,2,terrestrial,introduced,TRUE,FirstRecords; GRIIS
Apium graveolens L.,Apium graveolens,Plantae,1500,Austria,AUT,31,freshwater; terrestrial,"introduced (alien, exotic, non-native, nonindigenous); introduced",TRUE,DAISIE; USRIIS; FirstRecords; GRIIS
"Apodemus agrarius (Pallas, 1771)",Apodemus agrarius,Animalia,2009,Sweden,SWE,2,terrestrial,introduced,TRUE,FirstRecords; GRIIS
"Apomyelois ceratoniae (Zeller, 1839)",Apomyelois ceratoniae,Animalia,1900,Czechia,CZE,7,terrestrial,"introduced (alien, exotic, non-native, nonindigenous); introduced",TRUE,"SINAS, DAISIE; USRIIS; FirstRecords; GRIIS"
Aponogeton distachyos L. f.; Aponogeton distachyos L.f.,Aponogeton distachyos,Plantae,1500,United Kingdom,GBR,11,freshwater; terrestrial,"introduced (alien, exotic, non-native, nonindigenous); introduced",TRUE,DAISIE; USRIIS; TrIAS; FirstRecords; GRIIS
"Aproceros leucopoda Takeuchi, 1939",Aproceros leucopoda,Animalia,2003,Poland,POL,10,terrestrial,introduced,TRUE,"CABI, SINAS, EPPO Distribution, DAISIE; TrIAS; FirstRecords; GRIIS"
Aquilegia vulgaris L.,Aquilegia vulgaris,Plantae,1500,Ukraine,UKR,14,freshwater; terrestrial,"introduced (alien, exotic, non-native, nonindigenous); introduced",TRUE,DAISIE; USRIIS; FirstRecords; GRIIS
Arabidopsis thaliana (L.) Heynh.,Arabidopsis thaliana,Plantae,1500,Germany,DEU,9,terrestrial,"introduced (alien, exotic, non-native, nonindigenous); introduced",TRUE,DAISIE; USRIIS; FirstRecords; GRIIS
Arabis caucasica Willd.,Arabis caucasica,Plantae,1500,Switzerland,CHE,15,terrestrial,"introduced (alien, exotic, non-native, nonindigenous); introduced",TRUE,DAISIE; USRIIS; TrIAS; FirstRecords; GRIIS; Artsdatabanken
Arachis pintoi Krapov. & W.C.Greg.,Arachis pintoi,Plantae,NA,NA,NA,6,terrestrial,introduced,TRUE,FirstRecords; GRIIS
"Araecerus fasciculatus (De Geer, 1775); Araecerus fasciculatus (C.DeGeer, 1775)",Araecerus fasciculatus,Animalia,1896,Sweden,SWE,10,terrestrial,"introduced (alien, exotic, non-native, nonindigenous); introduced",TRUE,USRIIS; FirstRecords; GRIIS
Aralia elata (Miq.) Seem.,Aralia elata,Plantae,1500,United Kingdom,GBR,9,freshwater; terrestrial,"introduced (alien, exotic, non-native, nonindigenous); introduced",TRUE,DAISIE; USRIIS; TrIAS; FirstRecords; GRIIS; Artsdatabanken
"Arapaima gigas (Schinz, 1822)",Arapaima gigas,Animalia,1963,Peru,PER,6,freshwater,introduced,TRUE,FirstRecords; GRIIS
"Aratinga acuticaudata (Vieillot, 1818)",Aratinga acuticaudata,Animalia,1900,United Kingdom,GBR,3,terrestrial,"introduced (alien, exotic, non-native, nonindigenous); introduced",TRUE,DAISIE; USRIIS; FirstRecords; GRIIS
Araucaria heterophylla (Salisb.) Franco,Araucaria heterophylla,Plantae,1843,Australia,AUS,11,terrestrial,"introduced (alien, exotic, non-native, nonindigenous); introduced",TRUE,SINAS; USRIIS; FirstRecords; GRIIS
Araujia sericifera Brot.,Araujia sericifera,Plantae,1500,Italy,ITA,17,terrestrial,"introduced (alien, exotic, non-native, nonindigenous); introduced",TRUE,DAISIE; USRIIS; FirstRecords; GRIIS
"Arboridia hussaini (Ghauri, 1963)",Arboridia hussaini,Animalia,NA,NA,NA,1,terrestrial,introduced,TRUE,FirstRecords; GRIIS
Arbutus unedo L.,Arbutus unedo,Plantae,1770,Australia,AUS,4,terrestrial,"introduced (alien, exotic, non-native, nonindigenous); introduced",TRUE,USRIIS; FirstRecords; GRIIS
Archontophoenix cunninghamiana (H.Wendl.) H.Wendl. & Drude,Archontophoenix cunninghamiana,Plantae,1843,Australia,AUS,7,terrestrial,introduced,TRUE,SINAS; FirstRecords; GRIIS
Arctium lappa L.,Arctium lappa,Plantae,-2200,Czechia,CZE,10,terrestrial,"introduced (alien, exotic, non-native, nonindigenous); introduced",TRUE,DAISIE; USRIIS; FirstRecords; GRIIS
Arctium minus Bernh.; Arctium minus (Hill) Bernh.,Arctium minus,Plantae,550,Czechia,CZE,15,terrestrial,"introduced (alien, exotic, non-native, nonindigenous); introduced",TRUE,DAISIE; USRIIS; FirstRecords; GRIIS
Arctium tomentosum Mill.,Arctium tomentosum,Plantae,-2200,Czechia,CZE,12,terrestrial,"introduced (alien, exotic, non-native, nonindigenous); introduced",TRUE,DAISIE; USRIIS; FirstRecords; GRIIS; Artsdatabanken
Arctotheca calendula (L.) Levyns,Arctotheca calendula,Plantae,1500,Czechia,CZE,14,terrestrial,"introduced (alien, exotic, non-native, nonindigenous); introduced",TRUE,DAISIE; USRIIS; TrIAS; FirstRecords; GRIIS
Arctotheca prostrata (Salisb.) Britten,Arctotheca prostrata,Plantae,1946,Australia,AUS,4,terrestrial,"introduced (alien, exotic, non-native, nonindigenous); introduced",TRUE,USRIIS; FirstRecords; GRIIS
"Arcuatula senhousia (W.H.Benson, 1842)",Arcuatula senhousia,Animalia,NA,NA,NA,1,freshwater,introduced,TRUE,GRIIS
Ardisia crenata Sims,Ardisia crenata,Plantae,1843,Australia,AUS,10,terrestrial,"introduced (alien, exotic, non-native, nonindigenous); introduced",TRUE,USRIIS; FirstRecords; GRIIS
Ardisia elliptica Thunb.,Ardisia elliptica,Plantae,1926,United States,USA,14,terrestrial,"introduced (alien, exotic, non-native, nonindigenous); introduced",TRUE,USRIIS; FirstRecords; GRIIS
Ardisia humilis Vahl,Ardisia humilis,Plantae,NA,NA,NA,3,terrestrial,"introduced (alien, exotic, non-native, nonindigenous); introduced",TRUE,USRIIS; FirstRecords; GRIIS
Areca catechu L.,Areca catechu,Plantae,1775,Indonesia,IDN,10,terrestrial,introduced,TRUE,SINAS; FirstRecords; GRIIS
Areca triandra Roxb. ex Buch.-Ham.,Areca triandra,Plantae,NA,NA,NA,1,terrestrial,introduced,TRUE,FirstRecords; GRIIS
Arenaria serpyllifolia L.,Arenaria serpyllifolia,Plantae,1500,Bulgaria,BGR,6,terrestrial,"introduced (alien, exotic, non-native, nonindigenous); introduced",TRUE,DAISIE; USRIIS; FirstRecords; GRIIS
Arenga obtusifolia Mart.,Arenga obtusifolia,Plantae,1998,India,IND,2,terrestrial,introduced,TRUE,FirstRecords; GRIIS
Arenga pinnata (Wurmb) Merr.,Arenga pinnata,Plantae,1927,China,CHN,8,terrestrial,"introduced (alien, exotic, non-native, nonindigenous); introduced",TRUE,SINAS; USRIIS; FirstRecords; GRIIS
"Arge berberidis Schrank, 1802",Arge berberidis,Animalia,2000,United Kingdom,GBR,1,terrestrial,introduced,TRUE,FirstRecords; GRIIS
Argemone mexicana L.,Argemone mexicana,Plantae,1500,United Kingdom,GBR,77,terrestrial,"introduced (alien, exotic, non-native, nonindigenous); introduced",TRUE,DAISIE; USRIIS; TrIAS; FirstRecords; GRIIS
Argemone ochroleuca Sweet,Argemone ochroleuca,Plantae,1885,South Africa,ZAF,18,terrestrial,introduced,TRUE,FirstRecords; GRIIS; B.Shrestha_NPL_2026
Argemone ochroleuca subsp. ochroleuca,Argemone ochroleuca ochroleuca,Plantae,NA,NA,NA,3,terrestrial,introduced,TRUE,FirstRecords; GRIIS
Argemone subfusiformis G.B.Ownbey,Argemone subfusiformis,Plantae,1842,Australia,AUS,3,terrestrial,introduced,TRUE,FirstRecords; GRIIS
Argentina anserina (L.) Rydb.,Argentina anserina,Plantae,NA,NA,NA,2,terrestrial,introduced,TRUE,FirstRecords; GRIIS
Argyreia nervosa (Burm. f.) Bojer; Argyreia nervosa (Burm.fil.) Bojer,Argyreia nervosa,Plantae,1885,Australia,AUS,13,terrestrial,"introduced (alien, exotic, non-native, nonindigenous); introduced",TRUE,USRIIS; FirstRecords; GRIIS
"Argyresthia thuiella Packard, 1871",Argyresthia thuiella,Animalia,1971,Netherlands,NLD,8,terrestrial,introduced,TRUE,SINAS; FirstRecords; GRIIS; InstytutOchronyPrzyrody
"Arhopalus rusticus (Linnaeus, 1758)",Arhopalus rusticus,Animalia,1937,Portugal,PRT,3,terrestrial,"introduced (alien, exotic, non-native, nonindigenous); introduced",TRUE,DAISIE; USRIIS; FirstRecords; GRIIS
"Arion distinctus Mabille, 1868",Arion distinctus,Animalia,1879,New Zealand,NZL,8,terrestrial,"introduced (alien, exotic, non-native, nonindigenous); introduced",TRUE,USRIIS; FirstRecords; GRIIS; InstytutOchronyPrzyrody
"Arion intermedius (Normand, 1852); Arion intermedius Normand, 1852",Arion intermedius,Animalia,1879,New Zealand,NZL,5,terrestrial,"introduced (alien, exotic, non-native, nonindigenous); introduced",TRUE,USRIIS; FirstRecords; GRIIS
"Arion lusitanicus Mabille, 1868",Arion lusitanicus,Animalia,1950,Switzerland,CHE,11,terrestrial,introduced,TRUE,FirstRecords; GRIIS; InstytutOchronyPrzyrody
"Arion rufus (Linnaeus, 1758)",Arion rufus,Animalia,1850,Sweden,SWE,4,terrestrial,"introduced (alien, exotic, non-native, nonindigenous); introduced",TRUE,USRIIS; FirstRecords; GRIIS; Artsdatabanken
"Arion vulgaris Moquin-Tandon, 1855",Arion vulgaris,Animalia,1829,Norway,NOR,10,terrestrial,"introduced (alien, exotic, non-native, nonindigenous); introduced",TRUE,SINAS; USRIIS; TrIAS; FirstRecords; GRIIS; Artsdatabanken
Aristea ecklonii Baker,Aristea ecklonii,Plantae,1500,United Kingdom,GBR,6,terrestrial,introduced,TRUE,DAISIE; FirstRecords; GRIIS
Aristida ternipes Cav.,Aristida ternipes,Plantae,NA,NA,NA,1,terrestrial,introduced,TRUE,FirstRecords; GRIIS
Aristolochia littoralis Parodi,Aristolochia littoralis,Plantae,1906,Australia,AUS,21,terrestrial,introduced,TRUE,FirstRecords; GRIIS
Aristolochia odoratissima L.,Aristolochia odoratissima,Plantae,1980,Australia,AUS,3,terrestrial,introduced,TRUE,FirstRecords; GRIIS; M.McGeoch_AUS_2025
Aristolochia ringens Vahl,Aristolochia ringens,Plantae,1937,Democratic Republic of the Congo,COD,7,terrestrial,"introduced (alien, exotic, non-native, nonindigenous); introduced",TRUE,USRIIS; FirstRecords; GRIIS
Arivela viscosa (L.) Raf.,Arivela viscosa,Plantae,1981,Fiji,FJI,22,terrestrial,"introduced (alien, exotic, non-native, nonindigenous); introduced",TRUE,USRIIS; FirstRecords; GRIIS
"Armadillidium vulgare (Latreille, 1804)",Armadillidium vulgare,Animalia,1993,United States,USA,5,terrestrial,"introduced (alien, exotic, non-native, nonindigenous); introduced",TRUE,USRIIS; FirstRecords; GRIIS; InstytutOchronyPrzyrody
"Armoracia rusticana G. Gaertn., B. Mey. and Scherb.; Armoracia rusticana P.Gaertn., B.Mey. & Scherb.",Armoracia rusticana,Plantae,1500,Poland,POL,33,freshwater; terrestrial,"introduced (alien, exotic, non-native, nonindigenous); introduced",TRUE,USRIIS; TrIAS; FirstRecords; GRIIS; Artsdatabanken; InstytutOchronyPrzyrody
"Aromia bungii (Faldermann, 1835)",Aromia bungii,Animalia,2011,Germany,DEU,2,terrestrial,introduced,TRUE,"GBIF, SINAS, EPPO Distribution; FirstRecords; GRIIS"
Aronia ×prunifolia (Marshall) Rehder; Aronia × prunifolia (Marshall) Rehder,Aronia prunifolia,Plantae,1797,Estonia,EST,4,freshwater; terrestrial,introduced,TRUE,TrIAS; FirstRecords; GRIIS
Arrhenatherum elatius (L.) P. Beauv. ex J. Presl and C. Presl; Arrhenatherum elatius (L.) P.Beauv. ex J.Presl & C.Presl,Arrhenatherum elatius,Plantae,1867,Czech Republic,CZE,15,terrestrial,"introduced (alien, exotic, non-native, nonindigenous); introduced",TRUE,USRIIS; FirstRecords; GRIIS
"Artemia monica Verrill, 1869",Artemia monica,Animalia,NA,NA,NA,7,brackish; freshwater,introduced,TRUE,FirstRecords; GRIIS
Artemisia absinthium L.,Artemisia absinthium,Plantae,1500,Poland,POL,24,terrestrial,"introduced (alien, exotic, non-native, nonindigenous); introduced",TRUE,USRIIS; FirstRecords; GRIIS; InstytutOchronyPrzyrody
Artemisia annua L.,Artemisia annua,Plantae,1500,Italy,ITA,27,freshwater; terrestrial,"introduced (alien, exotic, non-native, nonindigenous); introduced",TRUE,DAISIE; USRIIS; TrIAS; FirstRecords; GRIIS; InstytutOchronyPrzyrody
Artemisia biennis Willd.,Artemisia biennis,Plantae,1500,Czechia,CZE,15,terrestrial,"introduced (alien, exotic, non-native, nonindigenous); introduced",TRUE,DAISIE; USRIIS; TrIAS; FirstRecords; GRIIS; InstytutOchronyPrzyrody
Artemisia dracunculus L.,Artemisia dracunculus,Plantae,1500,Austria,AUT,20,freshwater; terrestrial,introduced,TRUE,DAISIE; TrIAS; FirstRecords; GRIIS; InstytutOchronyPrzyrody
Artemisia jacutica Drobow,Artemisia jacutica,Plantae,NA,NA,NA,1,terrestrial,introduced,TRUE,FirstRecords; GRIIS
Artemisia scoparia Waldst. and Kit.; Artemisia scoparia Waldst. & Kit.,Artemisia scoparia,Plantae,1500,Czechia,CZE,13,freshwater; terrestrial,"introduced (alien, exotic, non-native, nonindigenous); introduced",TRUE,DAISIE; USRIIS; TrIAS; FirstRecords; GRIIS
Artemisia sieversiana Ehrh. ex Willd.,Artemisia sieversiana,Plantae,1952,Japan,JPN,12,freshwater; terrestrial,introduced,TRUE,TrIAS; FirstRecords; GRIIS; Artsdatabanken
Artemisia stelleriana Besser,Artemisia stelleriana,Plantae,1792,Sweden,SWE,7,terrestrial,"introduced (alien, exotic, non-native, nonindigenous); introduced",TRUE,USRIIS; FirstRecords; GRIIS
Artemisia verlotiorum Lamotte,Artemisia verlotiorum,Plantae,1500,Switzerland,CHE,31,terrestrial,introduced,TRUE,DAISIE; FirstRecords; GRIIS
Artemisia vulgaris L.,Artemisia vulgaris,Plantae,1500,United Kingdom,GBR,18,terrestrial,"introduced (alien, exotic, non-native, nonindigenous); introduced",TRUE,DAISIE; USRIIS; FirstRecords; GRIIS
Artemisia vulgaris var. vulgaris,Artemisia vulgaris vulgaris,Plantae,NA,NA,NA,2,terrestrial,introduced,TRUE,FirstRecords; GRIIS
Arthraxon hispidus (Thunb.) Makino,Arthraxon hispidus,Plantae,1991,United States,USA,6,terrestrial,"introduced (alien, exotic, non-native, nonindigenous); introduced",TRUE,USRIIS; FirstRecords; GRIIS
Arthropteris orientalis (J.F.Gmel.) Posth.,Arthropteris orientalis,Plantae,NA,NA,NA,1,terrestrial,introduced,TRUE,FirstRecords; GRIIS
Arthrostemma ciliatum Pav. ex D. Don; Arthrostemma ciliatum Pav. ex D.Don,Arthrostemma ciliatum,Plantae,1932,United States,USA,2,terrestrial,"introduced (alien, exotic, non-native, nonindigenous); introduced",TRUE,USRIIS; FirstRecords; GRIIS
"Arthurdendyus triangulatus (Dendy, 1895)",Arthurdendyus triangulatus,Animalia,1963,United Kingdom; Ireland,GBR; IRL,2,terrestrial,introduced,TRUE,FirstRecords; GRIIS
Artocarpus altilis (Parkinson) Fosberg,Artocarpus altilis,Plantae,NA,NA,NA,29,terrestrial,introduced,TRUE,FirstRecords; GRIIS
Artocarpus heterophyllus Lam.,Artocarpus heterophyllus,Plantae,1838,Bhutan,BTN,18,terrestrial,"introduced (alien, exotic, non-native, nonindigenous); introduced",TRUE,SINAS; USRIIS; FirstRecords; GRIIS
Arum italicum Mill.,Arum italicum,Plantae,1799,Netherlands,NLD,10,freshwater; terrestrial,"introduced (alien, exotic, non-native, nonindigenous); introduced",TRUE,USRIIS; TrIAS; FirstRecords; GRIIS
Aruncus dioicus (Walter) Fernald,Aruncus dioicus,Plantae,1500,United Kingdom,GBR,8,freshwater; terrestrial,introduced,TRUE,DAISIE; TrIAS; FirstRecords; GRIIS; M.McGeoch_AUS_2025; Artsdatabanken
Arundina graminifolia (D. Don) Hochr.; Arundina graminifolia (D.Don) Hochr.,Arundina graminifolia,Plantae,1950,United States,USA,7,terrestrial,"introduced (alien, exotic, non-native, nonindigenous); introduced",TRUE,USRIIS; FirstRecords; GRIIS; M.McGeoch_AUS_2025
Arundo donax L.,Arundo donax,Plantae,1500,Italy,ITA,78,freshwater; terrestrial,"introduced (alien, exotic, non-native, nonindigenous); introduced",TRUE,DAISIE; USRIIS; TrIAS; FirstRecords; GRIIS
Asclepias curassavica L.,Asclepias curassavica,Plantae,1500,Italy,ITA,49,terrestrial,"introduced (alien, exotic, non-native, nonindigenous); introduced",TRUE,DAISIE; USRIIS; FirstRecords; GRIIS
Asclepias syriaca L.,Asclepias syriaca,Plantae,1500,Bulgaria,BGR,26,terrestrial,introduced,TRUE,DAISIE; TrIAS; FirstRecords; GRIIS; InstytutOchronyPrzyrody
"Ashworthius sidemi Schulz, 1933",Ashworthius sidemi,Animalia,NA,NA,NA,1,terrestrial,introduced,TRUE,GRIIS
Asparagus aethiopicus L.,Asparagus aethiopicus,Plantae,1500,Italy,ITA,6,terrestrial,"introduced (alien, exotic, non-native, nonindigenous); introduced",TRUE,DAISIE; USRIIS; FirstRecords; GRIIS
Asparagus africanus Lam.,Asparagus africanus,Plantae,1976,Australia,AUS,4,terrestrial,introduced,TRUE,FirstRecords; GRIIS
Asparagus asparagoides (L.) Druce,Asparagus asparagoides,Plantae,1500,Italy,ITA,11,terrestrial,"introduced (alien, exotic, non-native, nonindigenous); introduced",TRUE,DAISIE; USRIIS; FirstRecords; GRIIS
Asparagus declinatus L.,Asparagus declinatus,Plantae,1888,Australia,AUS,1,terrestrial,introduced,TRUE,FirstRecords; GRIIS
Asparagus densiflorus (Kunth) Jessop,Asparagus densiflorus,Plantae,1500,Italy,ITA,28,terrestrial,"introduced (alien, exotic, non-native, nonindigenous); introduced",TRUE,DAISIE; USRIIS; FirstRecords; GRIIS
Asparagus falcatus L.,Asparagus falcatus,Plantae,1888,Australia,AUS,3,terrestrial,"introduced (alien, exotic, non-native, nonindigenous); introduced",TRUE,USRIIS; FirstRecords; GRIIS
Asparagus officinalis L.,Asparagus officinalis,Plantae,1597,United Kingdom,GBR,27,terrestrial,"introduced (alien, exotic, non-native, nonindigenous); introduced",TRUE,USRIIS; FirstRecords; GRIIS; Artsdatabanken
Asparagus scandens Thunb.,Asparagus scandens,Plantae,1945,New Zealand,NZL,2,terrestrial,introduced,TRUE,FirstRecords; GRIIS
Asparagus setaceus (Kunth) Jessop,Asparagus setaceus,Plantae,1500,Italy,ITA,24,terrestrial,"introduced (alien, exotic, non-native, nonindigenous); introduced",TRUE,DAISIE; USRIIS; FirstRecords; GRIIS
Asperugo procumbens L.,Asperugo procumbens,Plantae,1500,Czechia,CZE,13,terrestrial,"introduced (alien, exotic, non-native, nonindigenous); introduced",TRUE,DAISIE; USRIIS; TrIAS; FirstRecords; GRIIS
Asphodelus fistulosus L.,Asphodelus fistulosus,Plantae,1770,Australia,AUS,8,terrestrial,"introduced (alien, exotic, non-native, nonindigenous); introduced",TRUE,USRIIS; FirstRecords; GRIIS
Asphodelus ramosus L.,Asphodelus ramosus,Plantae,NA,NA,NA,1,terrestrial,introduced,TRUE,GRIIS
Asphodelus tenuifolius Cav.,Asphodelus tenuifolius,Plantae,NA,NA,NA,10,terrestrial,introduced,TRUE,TrIAS; FirstRecords; GRIIS
"Aspidiotus nerii Bouche, 1833",Aspidiotus nerii,Animalia,1829,Italy,ITA,5,terrestrial,"introduced (alien, exotic, non-native, nonindigenous); introduced",TRUE,SINAS; USRIIS; FirstRecords; GRIIS
Aster lanceolatus,Aster lanceolatus,Plantae,NA,NA,NA,1,terrestrial,introduced,TRUE,GRIIS
Aster salignus L.,Aster salignus,Plantae,1500,Germany,DEU,14,freshwater; terrestrial,introduced,TRUE,DAISIE; FirstRecords; GRIIS; InstytutOchronyPrzyrody
Astragalus cicer L.,Astragalus cicer,Plantae,1500,United Kingdom,GBR,10,freshwater; terrestrial,"introduced (alien, exotic, non-native, nonindigenous); introduced",TRUE,DAISIE; USRIIS; TrIAS; FirstRecords; GRIIS
Astragalus sinicus L.,Astragalus sinicus,Plantae,1709,Japan,JPN,1,terrestrial,introduced,TRUE,FirstRecords; GRIIS
"Astronotus ocellatus (Agassiz in Spix and Agassiz, 1831); Astronotus ocellatus (Agassiz, 1831)",Astronotus ocellatus,Animalia,1938,Brazil,BRA,8,freshwater,"introduced (alien, exotic, non-native, nonindigenous); introduced",TRUE,USRIIS; FirstRecords; GRIIS; M.McGeoch_AUS_2025
Asystasia gangetica (L.) T. Anderson; Asystasia gangetica (L.) T.Anderson,Asystasia gangetica,Plantae,1898,Barbados; Saint Vincent and the Grenadines,BRB; VCT,30,terrestrial,"introduced (alien, exotic, non-native, nonindigenous); introduced",TRUE,USRIIS; FirstRecords; GRIIS
Asystasia intrusa (Forssk.) Blume,Asystasia intrusa,Plantae,NA,NA,NA,2,terrestrial,introduced,TRUE,GRIIS
"Atelerix algirus (Lereboullet, 1842)",Atelerix algirus,Animalia,1250,Spain,ESP,1,terrestrial,introduced,TRUE,FirstRecords; GRIIS
"Atherina boyeri Risso, 1810",Atherina boyeri,Animalia,NA,NA,NA,2,brackish; freshwater; marine,introduced,TRUE,FirstRecords; GRIIS
"Atlantoxerus getulus (Linnaeus, 1758)",Atlantoxerus getulus,Animalia,1965,Spain,ESP,1,terrestrial,introduced,TRUE,FirstRecords; GRIIS
Atocion armeria (L.) Raf.,Atocion armeria,Plantae,1814,Sweden,SWE,13,terrestrial,introduced,TRUE,FirstRecords; GRIIS
Atocion compactum (Fisch. ex Hornem.) Tzvelev,Atocion compactum,Plantae,NA,NA,NA,4,terrestrial,introduced,TRUE,FirstRecords; GRIIS
"Atractosteus spatula (Lacepède, 1803)",Atractosteus spatula,Animalia,NA,NA,NA,3,brackish; freshwater,introduced,TRUE,FirstRecords; GRIIS
Atriplex calotheca (Rafn) Fr.,Atriplex calotheca,Plantae,NA,NA,NA,2,terrestrial,introduced,TRUE,FirstRecords; GRIIS
Atriplex canescens (Pursh) Nutt.,Atriplex canescens,Plantae,1900,Mexico,MEX,5,terrestrial,"introduced (alien, exotic, non-native, nonindigenous); introduced",TRUE,SINAS; USRIIS; FirstRecords; GRIIS
Atriplex holocarpa F. Muell.; Atriplex holocarpa F.Muell.,Atriplex holocarpa,Plantae,1906,Belgium,BEL,4,terrestrial,"introduced (alien, exotic, non-native, nonindigenous); introduced",TRUE,USRIIS; TrIAS; FirstRecords; GRIIS
Atriplex hortensis L.,Atriplex hortensis,Plantae,1500,Austria,AUT,31,freshwater; terrestrial,"introduced (alien, exotic, non-native, nonindigenous); introduced",TRUE,DAISIE; USRIIS; TrIAS; FirstRecords; GRIIS; M.McGeoch_AUS_2025; Artsdatabanken; InstytutOchronyPrzyrody
Atriplex lindleyi Moq.,Atriplex lindleyi,Plantae,1906,South Africa,ZAF,6,terrestrial,"introduced (alien, exotic, non-native, nonindigenous); introduced",TRUE,USRIIS; FirstRecords; GRIIS
Atriplex nummularia Lindl.,Atriplex nummularia,Plantae,1912,South Africa,ZAF,12,terrestrial,"introduced (alien, exotic, non-native, nonindigenous); introduced",TRUE,USRIIS; FirstRecords; GRIIS
Atriplex oblongifolia Waldst. and Kit.; Atriplex oblongifolia Waldst. & Kit.,Atriplex oblongifolia,Plantae,550,Czechia,CZE,15,terrestrial,"introduced (alien, exotic, non-native, nonindigenous); introduced",TRUE,DAISIE; USRIIS; TrIAS; FirstRecords; GRIIS; InstytutOchronyPrzyrody
Atriplex patula L.,Atriplex patula,Plantae,-5300,Czechia,CZE,13,terrestrial,"introduced (alien, exotic, non-native, nonindigenous); introduced",TRUE,DAISIE; USRIIS; FirstRecords; GRIIS; M.McGeoch_AUS_2025
Atriplex rosea L.,Atriplex rosea,Plantae,1500,Poland,POL,15,freshwater; terrestrial,"introduced (alien, exotic, non-native, nonindigenous); introduced",TRUE,USRIIS; TrIAS; FirstRecords; GRIIS; InstytutOchronyPrzyrody
Atriplex sagittata Borkh.,Atriplex sagittata,Plantae,1810,Czech Republic,CZE,17,freshwater; terrestrial,introduced,TRUE,TrIAS; FirstRecords; GRIIS; InstytutOchronyPrzyrody
Atriplex semibaccata R. Br.; Atriplex semibaccata R.Br.,Atriplex semibaccata,Plantae,1900,Chile,CHL,14,terrestrial,"introduced (alien, exotic, non-native, nonindigenous); introduced",TRUE,USRIIS; TrIAS; FirstRecords; GRIIS
Atriplex semilunaris Aellen,Atriplex semilunaris,Plantae,1963,Czech Republic,CZE,2,terrestrial,introduced,TRUE,FirstRecords; GRIIS
Atriplex suberecta I. Verd.; Atriplex suberecta I.Verd.,Atriplex suberecta,Plantae,1903,Belgium,BEL,11,terrestrial,"introduced (alien, exotic, non-native, nonindigenous); introduced",TRUE,USRIIS; TrIAS; FirstRecords; GRIIS
Atriplex tatarica L.,Atriplex tatarica,Plantae,1500,Ukraine,UKR,16,freshwater; terrestrial,"introduced (alien, exotic, non-native, nonindigenous); introduced",TRUE,DAISIE; USRIIS; TrIAS; FirstRecords; GRIIS; InstytutOchronyPrzyrody
Atropa belladonna L.,Atropa belladonna,Plantae,1500,Ireland,IRL,7,freshwater; terrestrial,introduced,TRUE,DAISIE; FirstRecords; GRIIS; Artsdatabanken
"Attagenus pellio (Linnaeus, 1758)",Attagenus pellio,Animalia,1827,United States,USA,7,terrestrial,"introduced (alien, exotic, non-native, nonindigenous); introduced",TRUE,USRIIS; FirstRecords; GRIIS
"Attagenus smirnovi Zhantiev, 1973",Attagenus smirnovi,Animalia,1962,Sweden,SWE,6,terrestrial,introduced,TRUE,FirstRecords; GRIIS; InstytutOchronyPrzyrody
"Attagenus unicolor (Brahm, 1790)",Attagenus unicolor,Animalia,1868,United Kingdom,GBR,12,terrestrial,"introduced (alien, exotic, non-native, nonindigenous); introduced",TRUE,DAISIE; USRIIS; FirstRecords; GRIIS
Aucuba japonica Thunb.,Aucuba japonica,Plantae,1500,United Kingdom,GBR,9,terrestrial,"introduced (alien, exotic, non-native, nonindigenous); introduced",TRUE,DAISIE; USRIIS; TrIAS; FirstRecords; GRIIS
"Aulagromyza populicola (Walker, 1853)",Aulagromyza populicola,Animalia,NA,NA,NA,1,terrestrial,introduced,TRUE,FirstRecords; GRIIS
Aurinia saxatilis (L.) Desv.,Aurinia saxatilis,Plantae,1500,Germany,DEU,9,terrestrial,"introduced (alien, exotic, non-native, nonindigenous); introduced",TRUE,DAISIE; USRIIS; TrIAS; FirstRecords; GRIIS
"Australoheros facetus (Jenyns, 1842)",Australoheros facetus,Animalia,1940,Chile; Spain; Portugal,CHL; ESP; PRT,3,brackish; freshwater,introduced,TRUE,FirstRecords; GRIIS
"Australoplana sanguinea (Moseley, 1877)",Australoplana sanguinea,Animalia,1970,Ireland,IRL,2,terrestrial,introduced,TRUE,FirstRecords; GRIIS
Austrocylindropuntia cylindrica (Lam.) Backeb.,Austrocylindropuntia cylindrica,Plantae,1500,Italy,ITA,4,terrestrial,introduced,TRUE,DAISIE; FirstRecords; GRIIS
Austrocylindropuntia subulata (Engelm.) Backeb.; Austrocylindropuntia subulata (Muehlenpf.) Backeb.,Austrocylindropuntia subulata,Plantae,1500,Italy,ITA,12,terrestrial,introduced: assisted colonization; introduced,TRUE,DAISIE; USRIIS; FirstRecords; GRIIS
Austroeupatorium inulifolium (Kunth) R.M.King & H.Rob.,Austroeupatorium inulifolium,Plantae,1885,Indonesia,IDN,2,terrestrial,introduced,TRUE,FirstRecords; GRIIS
Avellinia festucoides (Link) Valdés & H.Scholz,Avellinia festucoides,Plantae,1888,Australia,AUS,3,terrestrial,introduced,TRUE,SINAS; TrIAS; FirstRecords; GRIIS
Avena barbata Pott ex Link,Avena barbata,Plantae,1500,Austria,AUT,16,terrestrial,"introduced (alien, exotic, non-native, nonindigenous); introduced",TRUE,DAISIE; USRIIS; TrIAS; FirstRecords; GRIIS
Avena fatua L.,Avena fatua,Plantae,-2200,Czechia,CZE,44,terrestrial,"introduced (alien, exotic, non-native, nonindigenous); introduced",TRUE,DAISIE; USRIIS; FirstRecords; GRIIS; InstytutOchronyPrzyrody
Avena sativa L.,Avena sativa,Plantae,-2200,Czechia,CZE,37,freshwater; terrestrial,"introduced (alien, exotic, non-native, nonindigenous); introduced",TRUE,DAISIE; USRIIS; TrIAS; FirstRecords; GRIIS
Avena sterilis L.,Avena sterilis,Plantae,1500,Austria,AUT,25,freshwater; terrestrial,"introduced (alien, exotic, non-native, nonindigenous); introduced",TRUE,DAISIE; USRIIS; FirstRecords; GRIIS
Avena strigosa Schreb.,Avena strigosa,Plantae,1500,Poland,POL,17,terrestrial,"introduced (alien, exotic, non-native, nonindigenous); introduced",TRUE,USRIIS; TrIAS; FirstRecords; GRIIS; InstytutOchronyPrzyrody
Averrhoa bilimbi L.,Averrhoa bilimbi,Plantae,NA,NA,NA,12,terrestrial,introduced,TRUE,FirstRecords; GRIIS
"Avicularia avicularia (Linnaeus, 1758)",Avicularia avicularia,Animalia,NA,NA,NA,1,terrestrial,introduced,TRUE,FirstRecords; GRIIS
"Axis axis (Erxleben, 1777)",Axis axis,Animalia,1550,Sri Lanka,LKA,14,terrestrial,introduced: assisted colonization; introduced,TRUE,SINAS; USRIIS; FirstRecords; GRIIS
"Axis porcinus (Zimmermann, 1780)",Axis porcinus,Animalia,1550,Sri Lanka,LKA,3,freshwater; terrestrial,introduced,TRUE,SINAS; FirstRecords; GRIIS; M.McGeoch_AUS_2025
Axonopus compressus (Sw.) P. Beauv.; Axonopus compressus (Sw.) P.Beauv.,Axonopus compressus,Plantae,1891,Mexico,MEX,38,terrestrial,"introduced (alien, exotic, non-native, nonindigenous); introduced",TRUE,SINAS; USRIIS; FirstRecords; GRIIS
Axonopus fissifolius (Raddi) Kuhlm.,Axonopus fissifolius,Plantae,1897,Australia,AUS,32,freshwater; terrestrial,"introduced (alien, exotic, non-native, nonindigenous); introduced",TRUE,USRIIS; TrIAS; FirstRecords; GRIIS
Axyris amaranthoides L.,Axyris amaranthoides,Plantae,1791,Estonia,EST,12,freshwater; terrestrial,"introduced (alien, exotic, non-native, nonindigenous); introduced",TRUE,USRIIS; TrIAS; FirstRecords; GRIIS
Azadirachta indica A. Juss.; Azadirachta indica A.Juss.,Azadirachta indica,Plantae,1800,Mauritius,MUS,80,terrestrial,"introduced (alien, exotic, non-native, nonindigenous); introduced",TRUE,USRIIS; FirstRecords; GRIIS; GRIIS ; J.Ganglo_BEN_2026
Azolla cristata Kaulf.,Azolla cristata,Plantae,1850,Netherlands,NLD,7,freshwater,introduced,TRUE,FirstRecords; GRIIS
Azolla filiculoides Lam.,Azolla filiculoides,Plantae,1500,Bulgaria,BGR,58,freshwater; brackish; terrestrial,"introduced (alien, exotic, non-native, nonindigenous); introduced",TRUE,DAISIE; USRIIS; TrIAS; FirstRecords; GRIIS; InstytutOchronyPrzyrody
Azolla nilotica Decne.,Azolla nilotica,Plantae,NA,NA,NA,1,brackish; freshwater,introduced,TRUE,FirstRecords; GRIIS
Azolla pinnata R. Br.; Azolla pinnata R.Br.,Azolla pinnata,Plantae,1963,Central African Republic; Senegal; South Africa,CAF; SEN; ZAF,12,brackish; freshwater,"introduced (alien, exotic, non-native, nonindigenous); introduced",TRUE,USRIIS; FirstRecords; GRIIS
Azolla pinnata subsp. africana (Desv.) R.M.K.Saunders & K.Fowler,Azolla pinnata africana,Plantae,NA,NA,NA,1,brackish; freshwater,introduced,TRUE,FirstRecords; GRIIS
"Babka gymnotrachelus (Kessler, 1857)",Babka gymnotrachelus,Animalia,1993,Ukraine,UKR,10,brackish; freshwater,introduced,TRUE,SINAS; TrIAS; FirstRecords; GRIIS; InstytutOchronyPrzyrody
Baccharis halimifolia L.,Baccharis halimifolia,Plantae,1500,United Kingdom,GBR,9,brackish; freshwater,introduced,TRUE,DAISIE; TrIAS; FirstRecords; GRIIS
Baccharis spicata (Lam.) Baill.,Baccharis spicata,Plantae,NA,NA,NA,1,terrestrial,introduced,TRUE,FirstRecords; GRIIS
Bacopa monnieri (L.) Pennell,Bacopa monnieri,Plantae,1952,Portugal,PRT,4,terrestrial,introduced,TRUE,FirstRecords; GRIIS
Bacopa rotundifolia (Michx.) Wettst.,Bacopa rotundifolia,Plantae,1965,Japan,JPN,2,terrestrial,introduced,TRUE,FirstRecords; GRIIS
"Bactrocera cucurbitae (Coquillett, 1899)",Bactrocera cucurbitae,Animalia,1895,United States,USA,14,terrestrial,"introduced (alien, exotic, non-native, nonindigenous); introduced",TRUE,USRIIS; FirstRecords; GRIIS
"Bactrocera dorsalis (Hendel, 1912)",Bactrocera dorsalis,Animalia,1911,China,CHN,25,terrestrial,"introduced (alien, exotic, non-native, nonindigenous); introduced",TRUE,USRIIS; FirstRecords; GRIIS
"Bactrocera invadens Drew, Tsuruta & White, 2005",Bactrocera invadens,Animalia,2003,Kenya,KEN,13,terrestrial,introduced,TRUE,FirstRecords; GRIIS
"Bactrocera oleae (Rossi, 1790)",Bactrocera oleae,Animalia,1998,United States,USA,2,terrestrial,"introduced (alien, exotic, non-native, nonindigenous); introduced",TRUE,USRIIS; FirstRecords; GRIIS
"Bactrocera tsuneonis (Miyake, 1919)",Bactrocera tsuneonis,Animalia,1956,China,CHN,1,terrestrial,introduced,TRUE,FirstRecords; GRIIS
"Bactrocera zonata (Saunders, 1842)",Bactrocera zonata,Animalia,1942,Mauritius,MUS,2,terrestrial,introduced,TRUE,"CABI, SINAS; FirstRecords; GRIIS"
"Balanococcus diminutus (Leonardi, 1918)",Balanococcus diminutus,Animalia,1906,United States,USA,2,terrestrial,"introduced (alien, exotic, non-native, nonindigenous); introduced",TRUE,USRIIS; GRIIS
"Ballerus ballerus (Linnaeus, 1758)",Ballerus ballerus,Animalia,1957,Russia,RUS,4,brackish; freshwater,introduced,TRUE,TrIAS; FirstRecords; GRIIS
"Ballerus sapa (Pallas, 1814)",Ballerus sapa,Animalia,1977,Russia,RUS,5,brackish; freshwater,introduced,TRUE,FirstRecords; GRIIS; InstytutOchronyPrzyrody
Bambusa Schreb.,Bambusa,Plantae,NA,NA,NA,7,terrestrial,introduced,TRUE,GRIIS; FirstRecords
"Bambusa arundinacea Wight ex Steud., 1840",Bambusa arundinacea,Plantae,NA,NA,NA,1,terrestrial,introduced,TRUE,GRIIS
Bambusa balcooa Roxb.,Bambusa balcooa,Plantae,1866,South Africa,ZAF,3,terrestrial,introduced,TRUE,FirstRecords; GRIIS
Bambusa bambos (L.) Voss,Bambusa bambos,Plantae,1500,Italy,ITA,8,terrestrial,introduced,TRUE,DAISIE; FirstRecords; GRIIS
Bambusa longispiculata Gamble,Bambusa longispiculata,Plantae,NA,NA,NA,2,terrestrial,introduced,TRUE,FirstRecords; GRIIS
Bambusa multiplex (Lour.) Raeusch. ex Schult. and Schult. f.; Bambusa multiplex (Lour.) Raeusch. ex Schult.f.,Bambusa multiplex,Plantae,1909,Japan,JPN,13,terrestrial,"introduced (alien, exotic, non-native, nonindigenous); introduced",TRUE,USRIIS; FirstRecords; GRIIS
Bambusa spinosa Roxb.,Bambusa spinosa,Plantae,NA,NA,NA,1,terrestrial,introduced,TRUE,GRIIS
Bambusa textilis McClure,Bambusa textilis,Plantae,1963,Brazil,BRA,1,terrestrial,introduced,TRUE,FirstRecords; GRIIS
Bambusa tuldoides Munro,Bambusa tuldoides,Plantae,NA,NA,NA,5,terrestrial,introduced,TRUE,FirstRecords; GRIIS
Bambusa vulgaris Schrad. ex J.C. Wendl.; Bambusa vulgaris Schrad. ex J.C.Wendl.,Bambusa vulgaris,Plantae,1865,Mexico,MEX,50,terrestrial,"introduced (alien, exotic, non-native, nonindigenous); introduced",TRUE,USRIIS; FirstRecords; GRIIS; GRIIS ; J.Ganglo_BEN_2026
Banisteriopsis caapi (Spruce ex Griseb.) C.V.Morton,Banisteriopsis caapi,Plantae,NA,NA,NA,1,terrestrial,introduced,TRUE,FirstRecords; GRIIS
Banksia integrifolia L. f.; Banksia integrifolia L.fil.,Banksia integrifolia,Plantae,1989,United States,USA,3,terrestrial,"introduced (alien, exotic, non-native, nonindigenous); introduced",TRUE,USRIIS; FirstRecords; GRIIS
Banksia speciosa R.Br.,Banksia speciosa,Plantae,NA,NA,NA,1,terrestrial,introduced,TRUE,FirstRecords; GRIIS
Barbarea verna (Mill.) Asch.,Barbarea verna,Plantae,1500,Austria,AUT,14,terrestrial,"introduced (alien, exotic, non-native, nonindigenous); introduced",TRUE,DAISIE; USRIIS; TrIAS; FirstRecords; GRIIS
Barbarea vulgaris W.T. Aiton; Barbarea vulgaris (L.) W.T.Aiton,Barbarea vulgaris,Plantae,1600,Sweden,SWE,5,terrestrial,"introduced (alien, exotic, non-native, nonindigenous); introduced",TRUE,DAISIE; USRIIS; FirstRecords; GRIIS
Barbarea vulgaris var. vulgaris,Barbarea vulgaris vulgaris,Plantae,NA,NA,NA,1,terrestrial,introduced,TRUE,GRIIS
"Barbodes semifasciolatus (Günther, 1868)",Barbodes semifasciolatus,Animalia,NA,NA,NA,2,freshwater,introduced,TRUE,FirstRecords; GRIIS
"Barbonymus gonionotus (Bleeker, 1849)",Barbonymus gonionotus,Animalia,1956,Philippines,PHL,10,brackish; freshwater,introduced,TRUE,FirstRecords; GRIIS
"Barbronia weberi (Blanchard, 1897)",Barbronia weberi,Animalia,1994,Germany,DEU,6,freshwater; terrestrial,"introduced (alien, exotic, non-native, nonindigenous); introduced",TRUE,USRIIS; FirstRecords; GRIIS
"Barbus barbus (Linnaeus, 1758)",Barbus barbus,Animalia,1694,United Kingdom,GBR,4,brackish; freshwater,introduced,TRUE,SINAS; FirstRecords; GRIIS
"Baridius aterrimus C.O.Waterhouse, 1874",Baridius aterrimus,Animalia,1912,United States,USA,2,terrestrial,"introduced (alien, exotic, non-native, nonindigenous); introduced",TRUE,USRIIS; FirstRecords; GRIIS
Barleria cristata L.,Barleria cristata,Plantae,1863,Indonesia,IDN,13,terrestrial,"introduced (alien, exotic, non-native, nonindigenous); introduced",TRUE,SINAS; USRIIS; FirstRecords; GRIIS
Barleria lupulina Lindl.,Barleria lupulina,Plantae,1910,Philippines,PHL,15,terrestrial,"introduced (alien, exotic, non-native, nonindigenous); introduced",TRUE,USRIIS; FirstRecords; GRIIS
Barleria prionitis L.,Barleria prionitis,Plantae,1838,Philippines,PHL,8,terrestrial,introduced,TRUE,SINAS; FirstRecords; GRIIS
Bartlettina sordida (Less.) R.M.King & H.Rob.,Bartlettina sordida,Plantae,1897,Indonesia,IDN,5,terrestrial,introduced,TRUE,FirstRecords; GRIIS
Basella alba L.,Basella alba,Plantae,1865,United States,USA,19,terrestrial,"introduced (alien, exotic, non-native, nonindigenous); introduced",TRUE,USRIIS; FirstRecords; GRIIS
Bassia hyssopifolia (Pall.) Kuntze,Bassia hyssopifolia,Plantae,1890,Austria,AUT,12,freshwater; terrestrial,"introduced (alien, exotic, non-native, nonindigenous); introduced",TRUE,USRIIS; TrIAS; FirstRecords; GRIIS
Bassia indica (Wight) A.J.Scott,Bassia indica,Plantae,1930,Egypt,EGY,3,terrestrial,introduced,TRUE,FirstRecords; GRIIS
Bassia scoparia (L.) A.J.Scott,Bassia scoparia,Plantae,1791,Slovakia,SVK,42,freshwater; terrestrial,introduced,TRUE,TrIAS; FirstRecords; GRIIS; InstytutOchronyPrzyrody
"Bathysciola derosasi Jeannel, 1914",Bathysciola derosasi,Animalia,NA,NA,NA,1,terrestrial,introduced,TRUE,FirstRecords; GRIIS
"Batocera rufomaculata (Degeer, 1775)",Batocera rufomaculata,Animalia,1949,Israel,ISR,2,terrestrial,introduced,TRUE,FirstRecords; GRIIS
"Batrachedra knabi (Walsingham, 1909)",Batrachedra knabi,Animalia,NA,NA,NA,1,terrestrial,introduced,TRUE,FirstRecords; GRIIS
Bauhinia monandra Kurz,Bauhinia monandra,Plantae,1884,Australia,AUS,37,terrestrial,"introduced (alien, exotic, non-native, nonindigenous); introduced",TRUE,USRIIS; FirstRecords; GRIIS
Bauhinia purpurea L.,Bauhinia purpurea,Plantae,1858,South Africa,ZAF,26,terrestrial,"introduced (alien, exotic, non-native, nonindigenous); introduced",TRUE,USRIIS; FirstRecords; GRIIS
Bauhinia tomentosa L.,Bauhinia tomentosa,Plantae,NA,NA,NA,16,terrestrial,introduced,TRUE,FirstRecords; GRIIS
Bauhinia variegata L.,Bauhinia variegata,Plantae,1891,South Africa,ZAF,28,terrestrial,"introduced (alien, exotic, non-native, nonindigenous); introduced",TRUE,USRIIS; FirstRecords; GRIIS
"Beaufortia leveretti (Nichols & Pope, 1927)",Beaufortia leveretti,Animalia,NA,NA,NA,1,brackish; freshwater,introduced,TRUE,FirstRecords; GRIIS
"Bedellia somnulentella (Zeller, 1847)",Bedellia somnulentella,Animalia,1865,United States,USA,2,terrestrial,"introduced (alien, exotic, non-native, nonindigenous); introduced",TRUE,USRIIS; FirstRecords; GRIIS
Begonia cucullata Willd.,Begonia cucullata,Plantae,1901,China,CHN,5,terrestrial,"introduced (alien, exotic, non-native, nonindigenous); introduced",TRUE,SINAS; USRIIS; FirstRecords; GRIIS
Begonia fusca Liebm.,Begonia fusca,Plantae,1975,United States,USA,3,terrestrial,"introduced (alien, exotic, non-native, nonindigenous); introduced",TRUE,USRIIS; FirstRecords; GRIIS
Begonia hirtella Link,Begonia hirtella,Plantae,1894,Indonesia,IDN,6,terrestrial,"introduced (alien, exotic, non-native, nonindigenous); introduced",TRUE,SINAS; USRIIS; FirstRecords; GRIIS
Begonia nelumbiifolia Cham. and Schltdl.; Begonia nelumbiifolia Cham. & Schltdl.,Begonia nelumbiifolia,Plantae,1943,United States,USA,3,terrestrial,"introduced (alien, exotic, non-native, nonindigenous); introduced",TRUE,USRIIS; FirstRecords; GRIIS
Begonia L.,Begonia sp.,Plantae,NA,NA,NA,1,terrestrial,introduced,TRUE,GRIIS
Begonia ulmifolia Willd.,Begonia ulmifolia,Plantae,NA,NA,NA,1,terrestrial,introduced,TRUE,FirstRecords; GRIIS
Bellardia trixago (L.) All.,Bellardia trixago,Plantae,1902,Australia,AUS,9,terrestrial,"introduced (alien, exotic, non-native, nonindigenous); introduced",TRUE,USRIIS; TrIAS; FirstRecords; GRIIS
Bellardia viscosa (L.) Fisch. & C.A.Mey.,Bellardia viscosa,Plantae,1882,Australia; Czech Republic,AUS; CZE,8,terrestrial,introduced,TRUE,TrIAS; FirstRecords; GRIIS
Bellis perennis L.,Bellis perennis,Plantae,1500,Germany,DEU,20,freshwater; terrestrial,"introduced (alien, exotic, non-native, nonindigenous); introduced",TRUE,DAISIE; USRIIS; FirstRecords; GRIIS
Belucia acinanthera Triana Synonim: Bellucia pentamera Naudin Bellucia costariensis Cogn.,Belucia acinanthera Triana Synonim: Bellucia pentamera Naudin Bellucia costariensis Cogn.,Plantae,NA,NA,NA,1,terrestrial,introduced,TRUE,GRIIS
"Bemisia tabaci (Gennadius, 1889)",Bemisia tabaci,Animalia,1897,United States,USA,31,terrestrial,"introduced (alien, exotic, non-native, nonindigenous); introduced",TRUE,USRIIS; FirstRecords; GRIIS
Berberis darwinii Hook.,Berberis darwinii,Plantae,1500,United Kingdom,GBR,8,terrestrial,"introduced (alien, exotic, non-native, nonindigenous); introduced",TRUE,DAISIE; USRIIS; TrIAS; FirstRecords; GRIIS
Berberis glaucocarpa Stapf,Berberis glaucocarpa,Plantae,1907,United Kingdom,GBR,2,terrestrial,introduced,TRUE,FirstRecords; GRIIS
Berberis julianae C.K. Schneid.; Berberis julianae C.K.Schneid.,Berberis julianae,Plantae,1500,United Kingdom,GBR,10,terrestrial,"introduced (alien, exotic, non-native, nonindigenous); introduced",TRUE,DAISIE; USRIIS; TrIAS; FirstRecords; GRIIS
Berberis thunbergii DC.,Berberis thunbergii,Plantae,1500,Germany,DEU,25,freshwater; terrestrial,"introduced (alien, exotic, non-native, nonindigenous); introduced",TRUE,DAISIE; USRIIS; TrIAS; FirstRecords; GRIIS; Artsdatabanken; InstytutOchronyPrzyrody
Berberis vulgaris L.,Berberis vulgaris,Plantae,1500,Bulgaria,BGR,8,terrestrial,"introduced (alien, exotic, non-native, nonindigenous); introduced",TRUE,DAISIE; USRIIS; FirstRecords; GRIIS
Bergenia crassifolia (L.) Fritsch,Bergenia crassifolia,Plantae,1500,Czechia,CZE,14,terrestrial,introduced,TRUE,DAISIE; TrIAS; FirstRecords; GRIIS; Artsdatabanken
Berteroa incana (L.) DC.,Berteroa incana,Plantae,1500,Czechia,CZE,19,terrestrial,"introduced (alien, exotic, non-native, nonindigenous); introduced",TRUE,DAISIE; USRIIS; TrIAS; FirstRecords; GRIIS; Artsdatabanken; InstytutOchronyPrzyrody
Beta vulgaris L.,Beta vulgaris,Plantae,1500,Austria,AUT,22,freshwater; terrestrial,"introduced (alien, exotic, non-native, nonindigenous); introduced",TRUE,DAISIE; USRIIS; FirstRecords; GRIIS
Betonica macrantha K.Koch,Betonica macrantha,Plantae,1912,Norway,NOR,4,terrestrial,introduced,TRUE,SINAS; TrIAS; FirstRecords; GRIIS; Artsdatabanken
"Betta splendens Regan, 1910",Betta splendens,Animalia,1971,Canada,CAN,7,freshwater,introduced,TRUE,FirstRecords; GRIIS
Betula pendula Roth,Betula pendula,Plantae,1879,New Zealand,NZL,7,terrestrial,"introduced (alien, exotic, non-native, nonindigenous); introduced",TRUE,USRIIS; FirstRecords; GRIIS
Betula pubescens Ehrh.,Betula pubescens,Plantae,NA,NA,NA,3,terrestrial,"introduced (alien, exotic, non-native, nonindigenous); introduced",TRUE,USRIIS; FirstRecords; GRIIS
Biancaea decapetala (Roth) O.Deg.,Biancaea decapetala,Plantae,1888,United States,USA,34,terrestrial,introduced: assisted colonization; introduced,TRUE,USRIIS; FirstRecords; GRIIS
Bidens alba (L.) DC.,Bidens alba,Plantae,1933,China,CHN,9,terrestrial,introduced,TRUE,FirstRecords; GRIIS
Bidens aurea (Aiton) Sherff,Bidens aurea,Plantae,1500,Italy,ITA,9,terrestrial,introduced,TRUE,DAISIE; FirstRecords; GRIIS
Bidens bipinnata L.,Bidens bipinnata,Plantae,1500,Switzerland,CHE,29,freshwater; terrestrial,introduced,TRUE,DAISIE; TrIAS; FirstRecords; GRIIS
Bidens biternata (Lour.) Merr. & Sherff,Bidens biternata,Plantae,1874,India,IND,7,terrestrial,introduced,TRUE,FirstRecords; GRIIS
Bidens cernua L.,Bidens cernua,Plantae,1909,United States,USA,5,terrestrial,"introduced (alien, exotic, non-native, nonindigenous); introduced",TRUE,USRIIS; FirstRecords; GRIIS
Bidens connata Muhl. ex Willd.,Bidens connata,Plantae,1500,Switzerland,CHE,16,terrestrial,introduced,TRUE,DAISIE; TrIAS; FirstRecords; GRIIS; InstytutOchronyPrzyrody
"Bidens formosa Kuntze, 1898",Bidens formosa,Plantae,NA,NA,NA,2,terrestrial,introduced,TRUE,FirstRecords; GRIIS
Bidens frondosa L.,Bidens frondosa,Plantae,1500,Bulgaria,BGR,44,freshwater; terrestrial,"introduced (alien, exotic, non-native, nonindigenous); introduced",TRUE,DAISIE; USRIIS; TrIAS; FirstRecords; GRIIS; Artsdatabanken; InstytutOchronyPrzyrody
"Bidens laevis (L.) Britton, Sterns & Poggenb.",Bidens laevis,Plantae,1848,Chile,CHL,3,terrestrial,introduced,TRUE,FirstRecords; GRIIS
Bidens pilosa L.,Bidens pilosa,Plantae,1770,Australia,AUS,81,freshwater; terrestrial,"introduced (alien, exotic, non-native, nonindigenous); introduced",TRUE,USRIIS; TrIAS; FirstRecords; GRIIS
Bidens pilosa var. pilosa,Bidens pilosa pilosa,Plantae,19,Japan,JPN,3,terrestrial,introduced,TRUE,FirstRecords; GRIIS
Bidens schimperi Sch.Bip. ex Walp.,Bidens schimperi,Plantae,NA,NA,NA,1,terrestrial,introduced,TRUE,GRIIS
Bidens subalternans DC.,Bidens subalternans,Plantae,1500,Switzerland,CHE,12,terrestrial,introduced,TRUE,DAISIE; TrIAS; FirstRecords; GRIIS
Bidens vulgata Greene,Bidens vulgata,Plantae,1500,Italy,ITA,7,freshwater; terrestrial,introduced,TRUE,DAISIE; TrIAS; FirstRecords; GRIIS
Billardiera heterophylla (Lindl.) L.W. Cayzer and Crisp; Billardiera heterophylla (Lindl.) L.W.Cayzer & Crisp,Billardiera heterophylla,Plantae,NA,NA,NA,6,terrestrial,"introduced (alien, exotic, non-native, nonindigenous); introduced",TRUE,USRIIS; FirstRecords; GRIIS
Bischofia javanica Blume,Bischofia javanica,Plantae,1905,Japan,JPN,4,terrestrial,"introduced (alien, exotic, non-native, nonindigenous); introduced",TRUE,USRIIS; FirstRecords; GRIIS
"Bison bison (Linnaeus, 1758)",Bison bison,Animalia,1963,Russia,RUS,4,terrestrial,"introduced (alien, exotic, non-native, nonindigenous); introduced",TRUE,USRIIS; FirstRecords; GRIIS
Bistorta officinalis Delarbre; Bistorta officinalis Raf.,Bistorta officinalis,Plantae,1788,Sweden,SWE,6,terrestrial,"introduced (alien, exotic, non-native, nonindigenous); introduced",TRUE,USRIIS; FirstRecords; GRIIS
"Bithynia tentaculata (Linnaeus, 1758)",Bithynia tentaculata,Animalia,1853,Norway,NOR,2,brackish; freshwater,"introduced (alien, exotic, non-native, nonindigenous); introduced",TRUE,USRIIS; FirstRecords; GRIIS
"Biwia zezera (Ishikawa, 1895)",Biwia zezera,Animalia,1960,Japan,JPN,1,brackish; freshwater,introduced,TRUE,FirstRecords; GRIIS
Bixa orellana L.,Bixa orellana,Plantae,1830,United States,USA,33,terrestrial,"introduced (alien, exotic, non-native, nonindigenous); introduced",TRUE,USRIIS; FirstRecords; GRIIS
"Blaberus discoidalis Serville, 1839; Blaberus discoidalis Serville, 1838",Blaberus discoidalis,Animalia,1917,United States,USA,2,terrestrial,"introduced (alien, exotic, non-native, nonindigenous); introduced",TRUE,USRIIS; FirstRecords; GRIIS
"Blaberus giganteus (Linnaeus, 1758)",Blaberus giganteus,Animalia,NA,NA,NA,2,terrestrial,"introduced (alien, exotic, non-native, nonindigenous); introduced",TRUE,USRIIS; FirstRecords; GRIIS
Blainvillea acmella (L.) Philipson,Blainvillea acmella,Plantae,1910,Madagascar,MDG,5,terrestrial,introduced,TRUE,FirstRecords; GRIIS
"Blastobasis adustella Walsingham, 1894",Blastobasis adustella,Animalia,1902,Ireland,IRL,2,terrestrial,introduced,TRUE,FirstRecords; GRIIS
"Blastobasis glandulella Riley, 1871",Blastobasis glandulella,Animalia,NA,NA,NA,1,terrestrial,introduced,TRUE,FirstRecords; GRIIS
"Blatta orientalis Linnaeus, 1758",Blatta orientalis,Animalia,1500,Sweden,SWE,11,terrestrial,"introduced (alien, exotic, non-native, nonindigenous); introduced",TRUE,USRIIS; FirstRecords; GRIIS
"Blattella germanica (Linnaeus, 1767)",Blattella germanica,Animalia,1800,Norway,NOR,13,terrestrial,"introduced (alien, exotic, non-native, nonindigenous); introduced",TRUE,SINAS; USRIIS; FirstRecords; GRIIS
Blechnum appendiculatum Willd.,Blechnum appendiculatum,Plantae,1917,United States,USA,4,terrestrial,"introduced (alien, exotic, non-native, nonindigenous); introduced",TRUE,USRIIS; FirstRecords; GRIIS
"Blicca bjoerkna (Linnaeus, 1758)",Blicca bjoerkna,Animalia,1972,Cyprus,CYP,4,brackish; freshwater,introduced,TRUE,FirstRecords; GRIIS; Artsdatabanken
Blumea obliqua (L.) Druce,Blumea obliqua,Plantae,NA,NA,NA,2,terrestrial,introduced,TRUE,FirstRecords; GRIIS
Blumea sinuata (Lour.) Merr.,Blumea sinuata,Plantae,NA,NA,NA,2,terrestrial,"introduced (alien, exotic, non-native, nonindigenous); introduced",TRUE,USRIIS; FirstRecords; GRIIS
Blyxa echinosperma (C.B.Clarke) Hook.f.,Blyxa echinosperma,Plantae,NA,NA,NA,1,freshwater,introduced,TRUE,FirstRecords; GRIIS
"Boa constrictor Linnaeus, 1758",Boa constrictor,Animalia,2006,Belgium,BEL,4,terrestrial,introduced,TRUE,TrIAS; FirstRecords; GRIIS
Boehmeria nivea (L.) Gaudich.,Boehmeria nivea,Plantae,1500,Italy,ITA,20,terrestrial,"introduced (alien, exotic, non-native, nonindigenous); introduced",TRUE,DAISIE; USRIIS; FirstRecords; GRIIS
Boerhavia coccinea Mill.,Boerhavia coccinea,Plantae,1500,Italy,ITA,18,terrestrial,"introduced (alien, exotic, non-native, nonindigenous); introduced",TRUE,DAISIE; USRIIS; FirstRecords; GRIIS
Boerhavia diffusa L.,Boerhavia diffusa,Plantae,1886,South Africa,ZAF,20,freshwater; terrestrial,introduced,TRUE,FirstRecords; GRIIS
Boerhavia erecta L.,Boerhavia erecta,Plantae,1914,Indonesia,IDN,15,terrestrial,introduced,TRUE,SINAS; FirstRecords; GRIIS
"Boettgerilla pallens Simroth, 1912",Boettgerilla pallens,Animalia,1900,Poland,POL,15,terrestrial,introduced,TRUE,TrIAS; FirstRecords; GRIIS; Artsdatabanken; InstytutOchronyPrzyrody
Bolboschoenus maritimus (L.) Palla,Bolboschoenus maritimus,Plantae,NA,NA,NA,5,freshwater; terrestrial,introduced,TRUE,FirstRecords; GRIIS
Bomarea multiflora (L.f.) Mirb.,Bomarea multiflora,Plantae,1964,New Zealand,NZL,2,terrestrial,introduced,TRUE,FirstRecords; GRIIS
"Bombus impatiens Cresson, 1863",Bombus impatiens,Animalia,NA,NA,NA,1,terrestrial,introduced,TRUE,FirstRecords; GRIIS
"Bombus lucorum (Linnaeus, 1761)",Bombus lucorum,Animalia,1979,Iceland,ISL,1,terrestrial,introduced,TRUE,FirstRecords; GRIIS
"Bombus ruderatus (Fabricius, 1775)",Bombus ruderatus,Animalia,1996,Argentina,ARG,4,terrestrial,introduced,TRUE,FirstRecords; GRIIS
"Bombus terrestris (Linnaeus, 1758)",Bombus terrestris,Animalia,1902,Norway,NOR,8,terrestrial,introduced,TRUE,SINAS; FirstRecords; GRIIS; M.McGeoch_AUS_2025
Bonnaya antipoda (L.) Druce,Bonnaya antipoda,Plantae,1987,United States,USA,10,freshwater; terrestrial,"introduced (alien, exotic, non-native, nonindigenous); introduced",TRUE,USRIIS; FirstRecords; GRIIS
Bontia daphnoides L.,Bontia daphnoides,Plantae,NA,NA,NA,1,terrestrial,introduced,TRUE,FirstRecords; GRIIS
Borago officinalis L.,Borago officinalis,Plantae,1500,Austria,AUT,29,freshwater; terrestrial,"introduced (alien, exotic, non-native, nonindigenous); introduced",TRUE,DAISIE; USRIIS; TrIAS; FirstRecords; GRIIS; Artsdatabanken
"Bos javanicus d'Alton, 1823",Bos javanicus,Animalia,-3500,Indonesia,IDN,1,terrestrial,introduced,TRUE,FirstRecords; GRIIS
"Bos taurus Linnaeus, 1758",Bos taurus,Animalia,1504,Chile,CHL,40,terrestrial,"introduced (alien, exotic, non-native, nonindigenous); introduced",TRUE,USRIIS; FirstRecords; GRIIS; M.McGeoch_AUS_2025
"Boselaphus tragocamelus (Pallas, 1766)",Boselaphus tragocamelus,Animalia,1924,United States,USA,3,terrestrial,"introduced (alien, exotic, non-native, nonindigenous); introduced",TRUE,USRIIS; FirstRecords; GRIIS
"Bosmina coregoni Baird, 1857",Bosmina coregoni,Animalia,1950,Ukraine,UKR,3,freshwater; brackish; terrestrial,"introduced (alien, exotic, non-native, nonindigenous); introduced",TRUE,DAISIE; USRIIS; FirstRecords; GRIIS
Bothriochloa bladhii (Retz.) S.T. Blake; Bothriochloa bladhii (Retz.) S.T.Blake,Bothriochloa bladhii,Plantae,NA,NA,NA,20,brackish; freshwater,"introduced (alien, exotic, non-native, nonindigenous); introduced",TRUE,USRIIS; FirstRecords; GRIIS
Bothriochloa ischaemum (L.) Keng,Bothriochloa ischaemum,Plantae,1939,Mexico,MEX,10,terrestrial,"introduced (alien, exotic, non-native, nonindigenous); introduced",TRUE,USRIIS; TrIAS; FirstRecords; GRIIS
Bothriochloa pertusa (L.) A. Camus; Bothriochloa pertusa (L.) A.Camus,Bothriochloa pertusa,Plantae,1916,United States,USA,22,terrestrial,"introduced (alien, exotic, non-native, nonindigenous); introduced",TRUE,USRIIS; FirstRecords; GRIIS
Bougainvillea glabra Choisy,Bougainvillea glabra,Plantae,1888,Australia,AUS,16,terrestrial,"introduced (alien, exotic, non-native, nonindigenous); introduced",TRUE,USRIIS; FirstRecords; GRIIS
Brachiaria umbellata (Trin.) Clayton,Brachiaria umbellata,Plantae,NA,NA,NA,3,terrestrial,introduced,TRUE,GRIIS
"Brachycaudus rumexicolens (Patch, 1917)",Brachycaudus rumexicolens,Animalia,1913,United States,USA,3,terrestrial,"introduced (alien, exotic, non-native, nonindigenous); introduced",TRUE,USRIIS; GRIIS
Brachychiton acerifolius (A.Cunn. ex G.Don) F.Muell.,Brachychiton acerifolius,Plantae,NA,NA,NA,2,terrestrial,introduced,TRUE,FirstRecords; GRIIS
Brachypodium distachyon (L.) P. Beauv.; Brachypodium distachyon (L.) P.Beauv.,Brachypodium distachyon,Plantae,1880,Australia,AUS,10,terrestrial,"introduced (alien, exotic, non-native, nonindigenous); introduced",TRUE,USRIIS; TrIAS; FirstRecords; GRIIS
Brachypodium pinnatum (L.) P. Beauv.; Brachypodium pinnatum (L.) P.Beauv.,Brachypodium pinnatum,Plantae,1891,Czech Republic,CZE,3,terrestrial,"introduced (alien, exotic, non-native, nonindigenous); introduced",TRUE,USRIIS; FirstRecords; GRIIS
Brachypodium sylvaticum (Huds.) P. Beauv.; Brachypodium sylvaticum (Huds.) P.Beauv.,Brachypodium sylvaticum,Plantae,1883,New Zealand,NZL,4,terrestrial,"introduced (alien, exotic, non-native, nonindigenous); introduced",TRUE,SINAS; USRIIS; FirstRecords; GRIIS
"Brachyrhynchus membranaceus (Fabricius, 1798)",Brachyrhynchus membranaceus,Animalia,2018,United States,USA,1,terrestrial,"introduced (alien, exotic, non-native, nonindigenous)",TRUE,USRIIS
"Bradybaena similaris (Ferussac, 1821); Bradybaena similaris (A.Férussac, 1822)",Bradybaena similaris,Animalia,1858,South Africa,ZAF,10,terrestrial,"introduced (alien, exotic, non-native, nonindigenous); introduced",TRUE,USRIIS; FirstRecords; GRIIS
"Bradysia impatiens (Johannsen, 1912)",Bradysia impatiens,Animalia,NA,NA,NA,3,terrestrial,"introduced (alien, exotic, non-native, nonindigenous); introduced",TRUE,USRIIS; FirstRecords; GRIIS
"Bramocharax bransfordii Gill, 1877",Bramocharax bransfordii,Animalia,NA,NA,NA,1,freshwater,introduced,TRUE,FirstRecords; GRIIS
"Branchiura sowerbyi Beddard, 1892",Branchiura sowerbyi,Animalia,1892,United Kingdom,GBR,13,brackish; freshwater; marine; terrestrial,"introduced (alien, exotic, non-native, nonindigenous); introduced",TRUE,USRIIS; TrIAS; FirstRecords; GRIIS; InstytutOchronyPrzyrody
"Branta canadensis (Linnaeus, 1758)",Branta canadensis,Animalia,1650,United Kingdom,GBR,29,brackish; freshwater,introduced,TRUE,SINAS; TrIAS; GRIIS; Artsdatabanken
"Brassica campestris Hegetschw., 1839",Brassica campestris,Plantae,NA,NA,NA,6,terrestrial,introduced,TRUE,GRIIS; FirstRecords
Brassica juncea (L.) Czern.,Brassica juncea,Plantae,1455,Bhutan,BTN,47,freshwater; terrestrial,"introduced (alien, exotic, non-native, nonindigenous); introduced",TRUE,SINAS; USRIIS; TrIAS; FirstRecords; GRIIS
Brassica napus L.,Brassica napus,Plantae,1500,Bulgaria,BGR,33,freshwater; terrestrial,"introduced (alien, exotic, non-native, nonindigenous); introduced",TRUE,DAISIE; USRIIS; TrIAS; FirstRecords; GRIIS
Brassica nigra (L.) W.D.J. Koch; Brassica nigra (L.) W.D.J.Koch,Brassica nigra,Plantae,1500,Austria,AUT,42,freshwater; terrestrial,"introduced (alien, exotic, non-native, nonindigenous); introduced",TRUE,DAISIE; USRIIS; FirstRecords; GRIIS; InstytutOchronyPrzyrody
Brassica oleracea L.,Brassica oleracea,Plantae,1500,Austria,AUT,30,freshwater; terrestrial,"introduced (alien, exotic, non-native, nonindigenous); introduced",TRUE,DAISIE; USRIIS; TrIAS; FirstRecords; GRIIS
Brassica rapa L.,Brassica rapa,Plantae,1500,Austria,AUT,41,freshwater; terrestrial,"introduced (alien, exotic, non-native, nonindigenous); introduced",TRUE,DAISIE; USRIIS; TrIAS; FirstRecords; GRIIS
Brassica rapa var. oleifera DC.,Brassica rapa oleifera,Plantae,NA,NA,NA,6,terrestrial,introduced,TRUE,FirstRecords; GRIIS
Brassica tournefortii Gouan,Brassica tournefortii,Plantae,1897,South Africa,ZAF,9,terrestrial,"introduced (alien, exotic, non-native, nonindigenous); introduced",TRUE,USRIIS; TrIAS; FirstRecords; GRIIS
"Brevipalpus obovatus Donnadieu, 1875",Brevipalpus obovatus,Animalia,NA,NA,NA,3,terrestrial,"introduced (alien, exotic, non-native, nonindigenous); introduced",TRUE,USRIIS; GRIIS
Breynia androgyna (L.) Chakrab. & N.P.Balakr.,Breynia androgyna,Plantae,1973,United States,USA,2,terrestrial,"introduced (alien, exotic, non-native, nonindigenous); introduced",TRUE,USRIIS; FirstRecords; GRIIS
Breynia disticha J.R. Forst. and G. Forst.; Breynia disticha J.R.Forst. & G.Forst.,Breynia disticha,Plantae,1880,Australia,AUS,21,terrestrial,"introduced (alien, exotic, non-native, nonindigenous); introduced",TRUE,SINAS; USRIIS; FirstRecords; GRIIS
Breynia retusa (Dennst.) Alston,Breynia retusa,Plantae,NA,NA,NA,1,terrestrial,introduced,TRUE,FirstRecords; GRIIS
Brillantaisia lamium (Nees) Benth.,Brillantaisia lamium,Plantae,1996,Australia,AUS,4,terrestrial,introduced,TRUE,FirstRecords; GRIIS
Briza maxima L.,Briza maxima,Plantae,1500,Czechia,CZE,24,terrestrial,"introduced (alien, exotic, non-native, nonindigenous); introduced",TRUE,DAISIE; USRIIS; TrIAS; FirstRecords; GRIIS
Briza minor L.,Briza minor,Plantae,1500,Austria,AUT,23,terrestrial,"introduced (alien, exotic, non-native, nonindigenous); introduced",TRUE,DAISIE; USRIIS; TrIAS; FirstRecords; GRIIS
Bromelia pinguin L.,Bromelia pinguin,Plantae,NA,NA,NA,2,terrestrial,"introduced (alien, exotic, non-native, nonindigenous); introduced",TRUE,USRIIS; FirstRecords; GRIIS
Bromus arvensis L.,Bromus arvensis,Plantae,-2200,Czechia,CZE,19,terrestrial,"introduced (alien, exotic, non-native, nonindigenous); introduced",TRUE,DAISIE; USRIIS; FirstRecords; GRIIS; InstytutOchronyPrzyrody
Bromus briziformis Fisch. and C.A. Mey.; Bromus briziformis Fisch. & C.A.Mey.,Bromus briziformis,Plantae,1500,Czechia,CZE,10,terrestrial,"introduced (alien, exotic, non-native, nonindigenous); introduced",TRUE,DAISIE; USRIIS; TrIAS; FirstRecords; GRIIS
Bromus catharticus Vahl,Bromus catharticus,Plantae,1500,Germany,DEU,43,terrestrial,"introduced (alien, exotic, non-native, nonindigenous); introduced",TRUE,DAISIE; USRIIS; TrIAS; FirstRecords; GRIIS; B.Shrestha_NPL_2026
Bromus commutatus Schrad.,Bromus commutatus,Plantae,1500,Czechia,CZE,14,freshwater; terrestrial,"introduced (alien, exotic, non-native, nonindigenous); introduced",TRUE,DAISIE; USRIIS; FirstRecords; GRIIS
Bromus diandrus Roth,Bromus diandrus,Plantae,1500,United Kingdom,GBR,19,terrestrial,"introduced (alien, exotic, non-native, nonindigenous); introduced",TRUE,DAISIE; USRIIS; TrIAS; FirstRecords; GRIIS
Bromus hordeaceus L.,Bromus hordeaceus,Plantae,1500,Austria,AUT,12,terrestrial,"introduced (alien, exotic, non-native, nonindigenous); introduced",TRUE,DAISIE; USRIIS; FirstRecords; GRIIS
Bromus hordeaceus subsp. hordeaceus,Bromus hordeaceus hordeaceus,Plantae,NA,NA,NA,1,terrestrial,introduced,TRUE,FirstRecords; GRIIS
Bromus inermis Leyss.,Bromus inermis,Plantae,1500,Switzerland,CHE,23,freshwater; terrestrial,"introduced (alien, exotic, non-native, nonindigenous); introduced",TRUE,DAISIE; USRIIS; TrIAS; FirstRecords; GRIIS; Artsdatabanken; InstytutOchronyPrzyrody
Bromus japonicus Thunb. ex Murray; Bromus japonicus Houtt.; Bromus japonicus subsp. anatolicus (Boiss. & Heldr.) Pénzes,Bromus japonicus,Plantae,1500,Czechia,CZE,19,freshwater; terrestrial,"introduced (alien, exotic, non-native, nonindigenous); introduced",TRUE,DAISIE; USRIIS; FirstRecords; GRIIS; InstytutOchronyPrzyrody
Bromus madritensis L.,Bromus madritensis,Plantae,1500,Germany,DEU,15,terrestrial,"introduced (alien, exotic, non-native, nonindigenous); introduced",TRUE,DAISIE; USRIIS; TrIAS; FirstRecords; GRIIS
Bromus racemosus L.,Bromus racemosus,Plantae,1807,Estonia,EST,8,freshwater; terrestrial,"introduced (alien, exotic, non-native, nonindigenous); introduced",TRUE,USRIIS; FirstRecords; GRIIS
Bromus rigidus Roth,Bromus rigidus,Plantae,1500,Czechia,CZE,15,terrestrial,introduced,TRUE,DAISIE; TrIAS; FirstRecords; GRIIS
Bromus rubens L.,Bromus rubens,Plantae,1864,Australia,AUS,10,terrestrial,"introduced (alien, exotic, non-native, nonindigenous); introduced",TRUE,USRIIS; TrIAS; FirstRecords; GRIIS
Bromus secalinus L.,Bromus secalinus,Plantae,-2200,Czechia,CZE,24,terrestrial,"introduced (alien, exotic, non-native, nonindigenous); introduced",TRUE,DAISIE; USRIIS; FirstRecords; GRIIS; InstytutOchronyPrzyrody
Bromus squarrosus L.,Bromus squarrosus,Plantae,1500,Germany,DEU,15,freshwater; terrestrial,"introduced (alien, exotic, non-native, nonindigenous); introduced",TRUE,DAISIE; USRIIS; TrIAS; FirstRecords; GRIIS; InstytutOchronyPrzyrody
Bromus sterilis L.,Bromus sterilis,Plantae,1500,Poland,POL,20,freshwater; terrestrial,"introduced (alien, exotic, non-native, nonindigenous); introduced",TRUE,USRIIS; FirstRecords; GRIIS; InstytutOchronyPrzyrody
Bromus tectorum L.,Bromus tectorum,Plantae,1500,Poland,POL,26,freshwater; terrestrial,"introduced (alien, exotic, non-native, nonindigenous); introduced",TRUE,USRIIS; FirstRecords; GRIIS; InstytutOchronyPrzyrody
"Brontispa longissima (Gestro, 1885)",Brontispa longissima,Animalia,1972,Papua New Guinea,PNG,16,terrestrial,introduced,TRUE,FirstRecords; GRIIS
"Brotogeris chiriri (Vieillot, 1818)",Brotogeris chiriri,Animalia,NA,NA,NA,2,terrestrial,"introduced (alien, exotic, non-native, nonindigenous); introduced",TRUE,USRIIS; FirstRecords; GRIIS
"Brotogeris versicolurus (Statius Muller, 1776)",Brotogeris versicolurus,Animalia,1970,United States,USA,3,terrestrial,"introduced (alien, exotic, non-native, nonindigenous); introduced",TRUE,USRIIS; FirstRecords; GRIIS
Broussonetia papyrifera (L.) L'Her. ex Vent.; Broussonetia papyrifera (L.) L'Hér. ex Vent.,Broussonetia papyrifera,Plantae,1500,Bulgaria,BGR,38,terrestrial,"introduced (alien, exotic, non-native, nonindigenous); introduced",TRUE,DAISIE; USRIIS; TrIAS; FirstRecords; GRIIS
Browallia americana L.,Browallia americana,Plantae,1843,Indonesia,IDN,13,terrestrial,"introduced (alien, exotic, non-native, nonindigenous); introduced",TRUE,SINAS; USRIIS; FirstRecords; GRIIS
Brucea javanica (L.) Merr.,Brucea javanica,Plantae,1919,Democratic Republic of the Congo,COD,6,terrestrial,introduced,TRUE,FirstRecords; GRIIS
"Bruchophagus gibbus (Boheman, 1836)",Bruchophagus gibbus,Animalia,NA,NA,NA,3,terrestrial,"introduced (alien, exotic, non-native, nonindigenous); introduced",TRUE,USRIIS; FirstRecords; GRIIS
"Bruchus pisorum (Linnaeus, 1758); Bruchus pisorum Linnaeus, 1758",Bruchus pisorum,Animalia,1663,United States,USA,19,terrestrial,"introduced (alien, exotic, non-native, nonindigenous); introduced",TRUE,USRIIS; FirstRecords; GRIIS; InstytutOchronyPrzyrody
"Bruchus rufimanus Boheman, 1833",Bruchus rufimanus,Animalia,1846,Poland,POL,16,terrestrial,"introduced (alien, exotic, non-native, nonindigenous); introduced",TRUE,USRIIS; FirstRecords; GRIIS; InstytutOchronyPrzyrody
"Bruchus signaticornis Gyllenhal, 1833",Bruchus signaticornis,Animalia,NA,NA,NA,3,terrestrial,introduced,TRUE,FirstRecords; GRIIS
Brugmansia × candida Pers.,Brugmansia candida,Plantae,1897,Madagascar,MDG,11,terrestrial,introduced,TRUE,FirstRecords; GRIIS
Brugmansia suaveolens (Humb. and Bonpl. ex Willd.) Bercht. and C. Presl; Brugmansia suaveolens (Humb. & Bonpl. ex Willd.) Bercht. & J.Presl,Brugmansia suaveolens,Plantae,1843,Australia,AUS,27,terrestrial,"introduced (alien, exotic, non-native, nonindigenous); introduced",TRUE,SINAS; USRIIS; FirstRecords; GRIIS
Brunnera sibirica Steven,Brunnera sibirica,Plantae,NA,NA,NA,1,terrestrial,introduced,TRUE,FirstRecords; GRIIS
Bryonia alba L.,Bryonia alba,Plantae,1500,Czechia,CZE,15,freshwater; terrestrial,"introduced (alien, exotic, non-native, nonindigenous); introduced",TRUE,DAISIE; USRIIS; FirstRecords; GRIIS; Artsdatabanken; InstytutOchronyPrzyrody
Bryonia cretica L.,Bryonia cretica,Plantae,1924,Norway,NOR,4,terrestrial,"introduced (alien, exotic, non-native, nonindigenous); introduced",TRUE,SINAS; USRIIS; FirstRecords; GRIIS
Bryonia dioica Jacq.,Bryonia dioica,Plantae,1500,Czechia,CZE,13,terrestrial,"introduced (alien, exotic, non-native, nonindigenous); introduced",TRUE,DAISIE; USRIIS; FirstRecords; GRIIS; InstytutOchronyPrzyrody
"Bubalus bubalis (Linnaeus, 1758)",Bubalus bubalis,Animalia,-146,Tunisia,TUN,10,freshwater; terrestrial,introduced,TRUE,SINAS; FirstRecords; GRIIS
"Bubo bubo (Linnaeus, 1758)",Bubo bubo,Animalia,1832,United Kingdom,GBR,2,terrestrial,introduced,TRUE,FirstRecords; GRIIS
"Bubo virginianus (J.F.Gmelin, 1788)",Bubo virginianus,Animalia,2007,Belgium,BEL,2,terrestrial,introduced,TRUE,TrIAS; FirstRecords; GRIIS
"Bubulcus ibis (Linnaeus, 1758)",Bubulcus ibis,Animalia,1799,Algeria,DZA,18,freshwater; terrestrial,introduced,TRUE,FirstRecords; GRIIS
"Buceros bicornis Linnaeus, 1758",Buceros bicornis,Animalia,NA,NA,NA,1,terrestrial,introduced,TRUE,FirstRecords; GRIIS
Buchnera americana L.,Buchnera americana,Plantae,NA,NA,NA,1,terrestrial,introduced,TRUE,FirstRecords; GRIIS
Buchnera floridana Gand.,Buchnera floridana,Plantae,NA,NA,NA,4,terrestrial,introduced,TRUE,FirstRecords; GRIIS
Buchozia japonica (Thunb.) Callm.,Buchozia japonica,Plantae,NA,NA,NA,2,terrestrial,introduced,TRUE,FirstRecords; GRIIS
Buddleja davidii Franch.,Buddleja davidii,Plantae,1500,Bulgaria,BGR,49,terrestrial,"introduced (alien, exotic, non-native, nonindigenous); introduced",TRUE,DAISIE; USRIIS; TrIAS; FirstRecords; GRIIS; Artsdatabanken; InstytutOchronyPrzyrody
Buddleja lindleyana Fortune; Buddleja lindleyana Fortune ex Lindl.,Buddleja lindleyana,Plantae,1843,Australia,AUS,3,terrestrial,"introduced (alien, exotic, non-native, nonindigenous); introduced",TRUE,USRIIS; FirstRecords; GRIIS
Buddleja madagascariensis Lam.,Buddleja madagascariensis,Plantae,1843,Australia,AUS,14,terrestrial,"introduced (alien, exotic, non-native, nonindigenous); introduced",TRUE,USRIIS; FirstRecords; GRIIS
"Bufo gargarizans Cantor, 1842",Bufo gargarizans,Animalia,1935,Japan,JPN,1,freshwater; terrestrial,introduced,TRUE,FirstRecords; GRIIS
"Bufo japonicus Temminck & Schlegel, 1838",Bufo japonicus,Animalia,NA,NA,NA,1,freshwater; terrestrial,introduced,TRUE,FirstRecords; GRIIS
Buglossoides arvensis (L.) I.M. Johnst.; Buglossoides arvensis (L.) I.M.Johnst.,Buglossoides arvensis,Plantae,1600,Sweden,SWE,14,terrestrial,"introduced (alien, exotic, non-native, nonindigenous); introduced",TRUE,SINAS; USRIIS; FirstRecords; GRIIS; InstytutOchronyPrzyrody
"Bulasconotus scaccarius Bernard & Gillett, 2020",Bulasconotus scaccarius,Animalia,2009,United States,USA,1,terrestrial,"introduced (alien, exotic, non-native, nonindigenous)",TRUE,USRIIS
Bunias orientalis L.,Bunias orientalis,Plantae,1500,Switzerland,CHE,30,freshwater; terrestrial,"introduced (alien, exotic, non-native, nonindigenous); introduced",TRUE,DAISIE; USRIIS; TrIAS; FirstRecords; GRIIS; Artsdatabanken; InstytutOchronyPrzyrody
"Bupalus piniaria (Linnaeus, 1758)",Bupalus piniaria,Animalia,NA,NA,NA,1,terrestrial,introduced,TRUE,FirstRecords; GRIIS
"Bursaphelenchus xylophilus Steiner & Buhrer, 1934",Bursaphelenchus xylophilus,Animalia,NA,NA,NA,3,terrestrial,introduced,TRUE,GRIIS
"Butis koilomatodon (Bleeker, 1849)",Butis koilomatodon,Animalia,1973,Panama,PAN,6,freshwater; terrestrial,introduced,TRUE,FirstRecords; GRIIS
Butomus umbellatus L.,Butomus umbellatus,Plantae,1856,India,IND,4,freshwater; brackish; terrestrial,"introduced (alien, exotic, non-native, nonindigenous); introduced",TRUE,USRIIS; FirstRecords; GRIIS
Buxus microphylla Siebold and Zucc.; Buxus microphylla Siebold & Zucc.,Buxus microphylla,Plantae,NA,NA,NA,3,brackish; freshwater,"introduced (alien, exotic, non-native, nonindigenous); introduced",TRUE,USRIIS; FirstRecords; GRIIS
"Bythotrephes cederstroemi Schödler, 1863",Bythotrephes cederstroemi,Animalia,1965,Canada,CAN,1,brackish; freshwater; terrestrial,introduced,TRUE,FirstRecords; GRIIS
"Bythotrephes longimanus Leydig, 1860",Bythotrephes longimanus,Animalia,1970,Russia,RUS,3,freshwater; brackish; terrestrial,"introduced (alien, exotic, non-native, nonindigenous); introduced",TRUE,"SINAS, DAISIE; USRIIS; FirstRecords; GRIIS"
Cabomba caroliniana A.Gray,Cabomba caroliniana,Plantae,1500,United Kingdom,GBR,19,brackish; freshwater,introduced,TRUE,DAISIE; TrIAS; FirstRecords; GRIIS; InstytutOchronyPrzyrody
"Cacatua galerita (Latham, 1790)",Cacatua galerita,Animalia,1900,New Zealand,NZL,7,terrestrial,introduced,TRUE,FirstRecords; GRIIS
"Cactoblastis cactorum Berg, 1885; Cactoblastis cactorum (Berg, 1885)",Cactoblastis cactorum,Animalia,1933,Australia,AUS,11,terrestrial,introduced: assisted colonization; introduced,TRUE,CABI; USRIIS; FirstRecords; GRIIS
"Cacyreus marshalli Butler, 1897",Cacyreus marshalli,Animalia,1987,United Kingdom,GBR,6,terrestrial,introduced,TRUE,TrIAS; FirstRecords; GRIIS
"Cadra calidella Guenée, 1845",Cadra calidella,Animalia,1894,Denmark,DNK,6,terrestrial,introduced,TRUE,DAISIE; FirstRecords; GRIIS
"Cadra cautella (Walker, 1863)",Cadra cautella,Animalia,1884,United States,USA,14,terrestrial,"introduced (alien, exotic, non-native, nonindigenous); introduced",TRUE,USRIIS; FirstRecords; GRIIS
"Cadra figulilella (Gregson, 1871)",Cadra figulilella,Animalia,1871,Sweden,SWE,10,terrestrial,"introduced (alien, exotic, non-native, nonindigenous); introduced",TRUE,USRIIS; FirstRecords; GRIIS
Caesalpinia pulcherrima (L.) Sw.,Caesalpinia pulcherrima,Plantae,1680,India,IND,55,terrestrial,"introduced (alien, exotic, non-native, nonindigenous); introduced",TRUE,USRIIS; FirstRecords; GRIIS
"Caiman crocodilus (Linnaeus, 1758)",Caiman crocodilus,Animalia,1955,United States,USA,3,freshwater; terrestrial,"introduced (alien, exotic, non-native, nonindigenous); introduced",TRUE,USRIIS; TrIAS; FirstRecords; GRIIS
"Caiman crocodilus fuscus (Cope, 1868)",Caiman crocodilus fuscus,Animalia,NA,NA,NA,1,freshwater; terrestrial,introduced,TRUE,FirstRecords; GRIIS
"Cairina moschata (Established Feral); Cairina moschata (Linnaeus, 1758)",Cairina moschata,Animalia,1750,Mauritius,MUS,15,freshwater; terrestrial,introduced,TRUE,SINAS; TrIAS; FirstRecords; GRIIS
Cajanus cajan (L.) Huth,Cajanus cajan,Plantae,1865,United States,USA,38,terrestrial,"introduced (alien, exotic, non-native, nonindigenous); introduced",TRUE,USRIIS; FirstRecords; GRIIS
Cajanus scarabaeoides (L.) Thouars,Cajanus scarabaeoides,Plantae,NA,NA,NA,6,terrestrial,"introduced (alien, exotic, non-native, nonindigenous); introduced",TRUE,USRIIS; FirstRecords; GRIIS
Cakile edentula (Bigelow) Hook.,Cakile edentula,Plantae,1863,Australia,AUS,3,terrestrial,introduced,TRUE,FirstRecords; GRIIS
Cakile maritima Scop.,Cakile maritima,Plantae,1500,Slovakia,SVK,9,brackish; terrestrial,"introduced (alien, exotic, non-native, nonindigenous); introduced",TRUE,DAISIE; USRIIS; FirstRecords; GRIIS
"Calacarus flagelliseta Fletchmann, De Moraes & Barbosa (2001)",Calacarus flagelliseta,Animalia,1991,United States,USA,1,terrestrial,"introduced (alien, exotic, non-native, nonindigenous)",TRUE,USRIIS
Caladium bicolor (Aiton) Vent.,Caladium bicolor,Plantae,1903,Democratic Republic of the Congo,COD,28,freshwater; terrestrial,"introduced (alien, exotic, non-native, nonindigenous); introduced",TRUE,USRIIS; FirstRecords; GRIIS
Calamagrostis arenaria (L.) Roth,Calamagrostis arenaria,Plantae,NA,NA,NA,6,terrestrial,introduced,TRUE,FirstRecords; GRIIS
Calamagrostis breviligulata (Fernald) Saarela,Calamagrostis breviligulata,Plantae,NA,NA,NA,1,terrestrial,introduced,TRUE,FirstRecords; GRIIS
Calamagrostis epigejos (L.) Roth,Calamagrostis epigejos,Plantae,1944,New Zealand,NZL,4,terrestrial,introduced,TRUE,SINAS; FirstRecords; GRIIS
"Calanthe tankervilleae (Banks) M.W.Chase, Christenh. & Schuit.",Calanthe tankervilleae,Plantae,NA,NA,NA,2,terrestrial,introduced,TRUE,FirstRecords; GRIIS
Calceolaria mexicana Benth.,Calceolaria mexicana,Plantae,1956,India,IND,1,terrestrial,introduced,TRUE,FirstRecords; GRIIS
Calendula officinalis L.,Calendula officinalis,Plantae,1500,Austria,AUT,37,freshwater; terrestrial,"introduced (alien, exotic, non-native, nonindigenous); introduced",TRUE,DAISIE; USRIIS; TrIAS; FirstRecords; GRIIS; Artsdatabanken
Calendula tripterocarpa Rupr.,Calendula tripterocarpa,Plantae,1960,Chile,CHL,3,terrestrial,introduced,TRUE,FirstRecords; GRIIS
Calliandra haematocephala Hassk.,Calliandra haematocephala,Plantae,NA,NA,NA,9,terrestrial,"introduced (alien, exotic, non-native, nonindigenous); introduced",TRUE,USRIIS; FirstRecords; GRIIS
Calliandra houstoniana (Mill.) Standl.,Calliandra houstoniana,Plantae,NA,NA,NA,17,terrestrial,introduced,TRUE,FirstRecords; GRIIS
Calliandra houstoniana var. calothyrsus (Meisn.) Barneby,Calliandra houstoniana calothyrsus,Plantae,NA,NA,NA,9,terrestrial,introduced,TRUE,FirstRecords; GRIIS
Calliandra surinamensis Benth.,Calliandra surinamensis,Plantae,1930,United States,USA,12,terrestrial,"introduced (alien, exotic, non-native, nonindigenous); introduced",TRUE,USRIIS; FirstRecords; GRIIS
Callianthe picta (Gillies ex Hook. & Arn.) Donnell,Callianthe picta,Plantae,1888,Australia,AUS,5,terrestrial,introduced,TRUE,FirstRecords; GRIIS
"Callidiellum rufipennis (Motschulsky, 1861)",Callidiellum rufipennis,Animalia,1954,United States,USA,5,terrestrial,"introduced (alien, exotic, non-native, nonindigenous); introduced",TRUE,USRIIS; TrIAS; FirstRecords; GRIIS
"Calliphora vicina Robineau-Desvoidy, 1830",Calliphora vicina,Animalia,1889,New Zealand,NZL,3,terrestrial,"introduced (alien, exotic, non-native, nonindigenous); introduced",TRUE,SINAS; USRIIS; FirstRecords; GRIIS
Callisia fragrans (Lindl.) Woodson,Callisia fragrans,Plantae,1928,United States,USA,17,terrestrial,"introduced (alien, exotic, non-native, nonindigenous); introduced",TRUE,USRIIS; FirstRecords; GRIIS
Callisia repens (Jacq.) L.,Callisia repens,Plantae,1976,China,CHN,13,terrestrial,"introduced (alien, exotic, non-native, nonindigenous); introduced",TRUE,SINAS; USRIIS; FirstRecords; GRIIS
Callistachys lanceolata Vent.,Callistachys lanceolata,Plantae,1880,Australia,AUS,2,terrestrial,introduced,TRUE,SINAS; FirstRecords; GRIIS
Callistemon citrinus (Curtis) Skeels,Callistemon citrinus,Plantae,1888,Australia,AUS,9,terrestrial,"introduced (alien, exotic, non-native, nonindigenous); introduced",TRUE,SINAS; USRIIS; FirstRecords; GRIIS
Callistemon viminalis (Sol. ex Gaertn.) Cheel; Callistemon viminalis (Sol. ex Gaertn.) G.Don,Callistemon viminalis,Plantae,1956,Zimbabwe,ZWE,7,terrestrial,"introduced (alien, exotic, non-native, nonindigenous); introduced",TRUE,USRIIS; FirstRecords; GRIIS
"Callithrix jacchus (Linnaeus, 1758)",Callithrix jacchus,Animalia,1900,Brazil,BRA,1,terrestrial,introduced,TRUE,FirstRecords; GRIIS
"Callithrix penicillata (É.Geoffroy Saint-Hilaire, 1812)",Callithrix penicillata,Animalia,NA,NA,NA,1,terrestrial,introduced,TRUE,FirstRecords; GRIIS
Callitriche stagnalis Scop.,Callitriche stagnalis,Plantae,1770,Australia,AUS,4,freshwater; terrestrial,"introduced (alien, exotic, non-native, nonindigenous); introduced",TRUE,USRIIS; FirstRecords; GRIIS
"Callosciurus erythraeus (Pallas, 1779)",Callosciurus erythraeus,Animalia,1933,Japan,JPN,7,terrestrial,introduced,TRUE,TrIAS; FirstRecords; GRIIS
"Callosciurus finlaysonii (Horsfield, 1823)",Callosciurus finlaysonii,Animalia,1970,Japan; Singapore,JPN; SGP,4,terrestrial,introduced,TRUE,FirstRecords; GRIIS
"Callosobruchus analis (Fabricius, 1781)",Callosobruchus analis,Animalia,1961,Sweden,SWE,3,terrestrial,introduced,TRUE,FirstRecords; GRIIS
"Callosobruchus chinensis (Linnaeus, 1758)",Callosobruchus chinensis,Animalia,1853,United States,USA,15,terrestrial,"introduced (alien, exotic, non-native, nonindigenous); introduced",TRUE,USRIIS; FirstRecords; GRIIS
"Callosobruchus maculatus (Fabricius, 1775)",Callosobruchus maculatus,Animalia,1833,United States,USA,9,terrestrial,"introduced (alien, exotic, non-native, nonindigenous); introduced",TRUE,USRIIS; FirstRecords; GRIIS
Calluna vulgaris (L.) Hull,Calluna vulgaris,Plantae,1823,Estonia,EST,7,terrestrial,"introduced (alien, exotic, non-native, nonindigenous); introduced",TRUE,SINAS; USRIIS; FirstRecords; GRIIS
Calophyllum inophyllum L.,Calophyllum inophyllum,Plantae,NA,NA,NA,11,freshwater; terrestrial,"introduced (alien, exotic, non-native, nonindigenous); introduced",TRUE,USRIIS; FirstRecords; GRIIS
Calopogonium caeruleum (Benth.) C.Wright,Calopogonium caeruleum,Plantae,1988,Solomon Islands,SLB,7,terrestrial,introduced,TRUE,CABI; FirstRecords; GRIIS
Calopogonium mucunoides Desv.,Calopogonium mucunoides,Plantae,1858,Indonesia,IDN,43,terrestrial,introduced,TRUE,FirstRecords; GRIIS
"Caloptilia azaleella (Brants, 1913)",Caloptilia azaleella,Animalia,1920,Sweden,SWE,11,terrestrial,"introduced (alien, exotic, non-native, nonindigenous); introduced",TRUE,USRIIS; FirstRecords; GRIIS; InstytutOchronyPrzyrody
"Calotes versicolor (Daudin, 1802)",Calotes versicolor,Animalia,1900,Mauritius,MUS,7,terrestrial,"introduced (alien, exotic, non-native, nonindigenous); introduced",TRUE,SINAS; USRIIS; FirstRecords; GRIIS
Calotropis gigantea (L.) W.T. Aiton; Calotropis gigantea (L.) W.T.Aiton,Calotropis gigantea,Plantae,1908,United States,USA,23,terrestrial,"introduced (alien, exotic, non-native, nonindigenous); introduced",TRUE,USRIIS; FirstRecords; GRIIS
Calotropis procera (Aiton) W.T. Aiton; Calotropis procera (Aiton) W.T.Aiton,Calotropis procera,Plantae,1824,India,IND,43,terrestrial,"introduced (alien, exotic, non-native, nonindigenous); introduced",TRUE,SINAS; USRIIS; GRIIS; FirstRecords
Calyptocarpus vialis Less.,Calyptocarpus vialis,Plantae,1930,Indonesia,IDN,10,terrestrial,"introduced (alien, exotic, non-native, nonindigenous); introduced",TRUE,SINAS; USRIIS; FirstRecords; GRIIS
Calystegia ×pulchra Brumm. & Heywood; Calystegia × pulchra Brumm. & Heywood,Calystegia pulchra,Plantae,1500,Germany,DEU,10,terrestrial,introduced,TRUE,DAISIE; TrIAS; FirstRecords; GRIIS; Artsdatabanken
Calystegia sepium (L.) R. Br.; Calystegia sepium (L.) R.Br.,Calystegia sepium,Plantae,1837,Norway,NOR,11,terrestrial,"introduced (alien, exotic, non-native, nonindigenous); introduced",TRUE,SINAS; USRIIS; FirstRecords; GRIIS
Calystegia sepium subsp. spectabilis Brummitt,Calystegia sepium spectabilis,Plantae,1938,Norway,NOR,3,terrestrial,introduced,TRUE,FirstRecords; GRIIS; Artsdatabanken
Calystegia silvatica (Kit.) Griseb.,Calystegia silvatica,Plantae,1500,United Kingdom,GBR,9,terrestrial,introduced,TRUE,DAISIE; FirstRecords; GRIIS
Camelina alyssum (Mill.) Thell.,Camelina alyssum,Plantae,1500,Poland,POL,13,terrestrial,"introduced (alien, exotic, non-native, nonindigenous); introduced",TRUE,USRIIS; TrIAS; FirstRecords; GRIIS; InstytutOchronyPrzyrody
Camelina microcarpa DC.; Camelina microcarpa Andrz. ex DC.,Camelina microcarpa,Plantae,1500,Germany,DEU,17,freshwater; terrestrial,"introduced (alien, exotic, non-native, nonindigenous); introduced",TRUE,DAISIE; USRIIS; TrIAS; FirstRecords; GRIIS; InstytutOchronyPrzyrody
Camelina sativa (L.) Crantz,Camelina sativa,Plantae,1500,Poland,POL,26,freshwater; terrestrial,"introduced (alien, exotic, non-native, nonindigenous); introduced",TRUE,USRIIS; TrIAS; FirstRecords; GRIIS; InstytutOchronyPrzyrody
Camellia sinensis (L.) Kuntze,Camellia sinensis,Plantae,1776,Bhutan,BTN,13,terrestrial,"introduced (alien, exotic, non-native, nonindigenous); introduced",TRUE,SINAS; USRIIS; FirstRecords; GRIIS
"Camelus dromedarius Linnaeus, 1758",Camelus dromedarius,Animalia,1868,Australia,AUS,3,terrestrial,introduced,TRUE,FirstRecords; GRIIS
Cameraria latifolia L.,Cameraria latifolia,Plantae,1919,China,CHN,1,terrestrial,introduced,TRUE,FirstRecords; GRIIS
"Cameraria ohridella Deschka & Dimić, 1986",Cameraria ohridella,Animalia,1947,Norway,NOR,26,terrestrial,introduced,TRUE,SINAS; TrIAS; FirstRecords; GRIIS; InstytutOchronyPrzyrody
Campanula glomerata L.,Campanula glomerata,Plantae,1662,Sweden,SWE,6,terrestrial,"introduced (alien, exotic, non-native, nonindigenous); introduced",TRUE,USRIIS; FirstRecords; GRIIS
Campanula latifolia L.,Campanula latifolia,Plantae,1500,Ireland,IRL,9,terrestrial,"introduced (alien, exotic, non-native, nonindigenous); introduced",TRUE,DAISIE; USRIIS; TrIAS; FirstRecords; GRIIS
Campanula medium L.,Campanula medium,Plantae,1500,Germany,DEU,14,terrestrial,"introduced (alien, exotic, non-native, nonindigenous); introduced",TRUE,DAISIE; USRIIS; TrIAS; FirstRecords; GRIIS
Campanula rapunculoides L.,Campanula rapunculoides,Plantae,1500,United Kingdom,GBR,11,terrestrial,"introduced (alien, exotic, non-native, nonindigenous); introduced",TRUE,DAISIE; USRIIS; FirstRecords; GRIIS; Artsdatabanken
Campuloclinium macrocephalum (Less.) DC.,Campuloclinium macrocephalum,Plantae,1962,South Africa,ZAF,1,terrestrial,introduced,TRUE,FirstRecords; GRIIS
Campylopus introflexus (Hedw.) Brid.,Campylopus introflexus,Plantae,1941,United Kingdom,GBR,14,freshwater; terrestrial,introduced,TRUE,TrIAS; FirstRecords; GRIIS; Artsdatabanken
Cananga odorata (Lam.) Hook.f. & Thomson,Cananga odorata,Plantae,NA,NA,NA,16,terrestrial,introduced,TRUE,FirstRecords; GRIIS
Canavalia cathartica Thouars,Canavalia cathartica,Plantae,1908,United States,USA,2,terrestrial,"introduced (alien, exotic, non-native, nonindigenous); introduced",TRUE,USRIIS; FirstRecords; GRIIS
Canavalia ensiformis (L.) DC.,Canavalia ensiformis,Plantae,1645,Nigeria,NGA,15,terrestrial,"introduced (alien, exotic, non-native, nonindigenous); introduced",TRUE,SINAS; USRIIS; FirstRecords; GRIIS
"Candoia carinata (Schneider, 1801)",Candoia carinata,Animalia,NA,NA,NA,1,terrestrial,introduced,TRUE,FirstRecords; GRIIS
"Canis lupus Linnaeus, 1758",Canis lupus,Animalia,1000,Indonesia,IDN,23,terrestrial,introduced,TRUE,SINAS; FirstRecords; GRIIS
"Canis lupus familiaris Linnaeus, 1758",Canis lupus familiaris,Animalia,1788,Australia,AUS,23,terrestrial,"introduced (alien, exotic, non-native, nonindigenous); introduced",TRUE,USRIIS; FirstRecords; GRIIS; M.McGeoch_AUS_2025
Canna × generalis Jinnye,Canna generalis,Plantae,1964,South Africa,ZAF,16,terrestrial,introduced,TRUE,FirstRecords; GRIIS
Canna indica L.,Canna indica,Plantae,1500,Italy,ITA,60,terrestrial,"introduced (alien, exotic, non-native, nonindigenous); introduced",TRUE,DAISIE; USRIIS; FirstRecords; GRIIS
Canna tuerckheimii Kraenzl.,Canna tuerckheimii,Plantae,NA,NA,NA,2,terrestrial,introduced,TRUE,FirstRecords; GRIIS
Cannabis sativa L.,Cannabis sativa,Plantae,-550,Denmark,DNK,46,freshwater; terrestrial,"introduced (alien, exotic, non-native, nonindigenous); introduced",TRUE,USRIIS; TrIAS; FirstRecords; GRIIS
Cantinoa americana (Aubl.) Harley & J.F.B.Pastore,Cantinoa americana,Plantae,1838,Philippines,PHL,10,terrestrial,introduced,TRUE,FirstRecords; GRIIS
"Capra hircus Linnaeus, 1758",Capra hircus,Animalia,1350,United Kingdom,GBR,51,terrestrial,"introduced (alien, exotic, non-native, nonindigenous); introduced",TRUE,USRIIS; FirstRecords; GRIIS
Capsella bursa-pastoris (L.) Medik.,Capsella bursa-pastoris,Plantae,1500,Slovakia,SVK,35,terrestrial,"introduced (alien, exotic, non-native, nonindigenous); introduced",TRUE,DAISIE; USRIIS; FirstRecords; GRIIS; B.Shrestha_NPL_2026; InstytutOchronyPrzyrody
Capsella grandiflora (Fauché & Chaub.) Boiss.,Capsella grandiflora,Plantae,1500,Italy,ITA,2,terrestrial,introduced,TRUE,DAISIE; FirstRecords; GRIIS
Capsicum annuum L.,Capsicum annuum,Plantae,1500,Italy,ITA,33,terrestrial,"introduced (alien, exotic, non-native, nonindigenous); introduced",TRUE,DAISIE; USRIIS; TrIAS; FirstRecords; GRIIS
Capsicum frutescens L.,Capsicum frutescens,Plantae,1666,Bhutan,BTN,25,terrestrial,introduced,TRUE,SINAS; FirstRecords; GRIIS
"Caquetaia kraussii (Steindachner, 1878)",Caquetaia kraussii,Animalia,NA,NA,NA,1,freshwater,introduced,TRUE,FirstRecords; GRIIS
Caragana arborescens Lam.,Caragana arborescens,Plantae,1500,Austria,AUT,18,freshwater; terrestrial,"introduced (alien, exotic, non-native, nonindigenous); introduced",TRUE,DAISIE; USRIIS; FirstRecords; GRIIS; Artsdatabanken; InstytutOchronyPrzyrody
"Carasobarbus canis (Valenciennes, 1842)",Carasobarbus canis,Animalia,NA,NA,NA,1,freshwater,introduced,TRUE,FirstRecords; GRIIS
"Carassius auratus (Linnaeus, 1758)",Carassius auratus,Animalia,1601,Belgium,BEL,59,brackish; freshwater,"introduced (alien, exotic, non-native, nonindigenous); introduced",TRUE,USRIIS; TrIAS; FirstRecords; GRIIS; Artsdatabanken
Carassius auratus var. auratus,Carassius auratus auratus,Animalia,1500,Sweden,SWE,12,brackish; freshwater,introduced,TRUE,SINAS; GRIIS; FirstRecords
"Carassius carassius (Linnaeus, 1758)",Carassius carassius,Animalia,1000,United Kingdom,GBR,16,brackish; freshwater; terrestrial,introduced,TRUE,DAISIE; FirstRecords; GRIIS; Artsdatabanken
"Carassius cuvieri Temminck & Schlegel, 1846",Carassius cuvieri,Animalia,1931,Japan,JPN,2,freshwater,introduced,TRUE,FirstRecords; GRIIS
"Carassius gibelio (Bloch, 1782)",Carassius gibelio,Animalia,1601,Belgium,BEL,30,brackish; freshwater,introduced,TRUE,TrIAS; FirstRecords; GRIIS; InstytutOchronyPrzyrody
"Carcinus maenas (Linnaeus, 1758)",Carcinus maenas,Animalia,1808,Egypt,EGY,2,brackish; marine,"introduced (alien, exotic, non-native, nonindigenous)",TRUE,SINAS; USRIIS
Cardamine flexuosa With.,Cardamine flexuosa,Plantae,1840,United States,USA,19,brackish; freshwater,"introduced (alien, exotic, non-native, nonindigenous); introduced",TRUE,USRIIS; FirstRecords; GRIIS; B.Shrestha_NPL_2026
Cardamine hirsuta L.,Cardamine hirsuta,Plantae,1500,Bulgaria,BGR,21,terrestrial,"introduced (alien, exotic, non-native, nonindigenous); introduced",TRUE,DAISIE; USRIIS; FirstRecords; GRIIS
Cardamine impatiens L.,Cardamine impatiens,Plantae,1912,South Africa,ZAF,3,terrestrial,"introduced (alien, exotic, non-native, nonindigenous); introduced",TRUE,USRIIS; FirstRecords; GRIIS
Cardamine trichocarpa Hochst. ex A.Rich.,Cardamine trichocarpa,Plantae,NA,NA,NA,1,terrestrial,introduced,TRUE,FirstRecords; GRIIS
"Cardiocondyla emeryi Forel, 1881",Cardiocondyla emeryi,Animalia,1894,Portugal,PRT,16,terrestrial,"introduced (alien, exotic, non-native, nonindigenous); introduced",TRUE,"SINAS, DAISIE; USRIIS; FirstRecords; GRIIS"
"Cardiocondyla minutior Forel, 1899",Cardiocondyla minutior,Animalia,1893,United States,USA,6,terrestrial,"introduced (alien, exotic, non-native, nonindigenous); introduced",TRUE,USRIIS; FirstRecords; GRIIS
"Cardiocondyla obscurior Wheeler, 1929",Cardiocondyla obscurior,Animalia,1930,Israel,ISR,7,terrestrial,"introduced (alien, exotic, non-native, nonindigenous); introduced",TRUE,SINAS; USRIIS; FirstRecords; GRIIS
Cardiospermum grandiflorum Sw.,Cardiospermum grandiflorum,Plantae,1500,Italy,ITA,19,terrestrial,"introduced (alien, exotic, non-native, nonindigenous); introduced",TRUE,DAISIE; USRIIS; TrIAS; FirstRecords; GRIIS
Cardiospermum halicacabum L.,Cardiospermum halicacabum,Plantae,1800,Sweden,SWE,34,terrestrial,"introduced (alien, exotic, non-native, nonindigenous); introduced",TRUE,SINAS; USRIIS; TrIAS; FirstRecords; GRIIS
Cardiospermum microcarpum Kunth,Cardiospermum microcarpum,Plantae,NA,NA,NA,4,terrestrial,introduced,TRUE,FirstRecords; GRIIS
"Carduelis carduelis (Linnaeus, 1758)",Carduelis carduelis,Animalia,1801,Mauritius,MUS,9,freshwater; terrestrial,introduced,TRUE,SINAS; FirstRecords; GRIIS
Carduus acanthoides L.,Carduus acanthoides,Plantae,1500,Poland,POL,20,terrestrial,"introduced (alien, exotic, non-native, nonindigenous); introduced",TRUE,USRIIS; TrIAS; FirstRecords; GRIIS; Artsdatabanken; InstytutOchronyPrzyrody
Carduus crispus L.,Carduus crispus,Plantae,-5300,Czechia,CZE,9,terrestrial,"introduced (alien, exotic, non-native, nonindigenous); introduced",TRUE,DAISIE; USRIIS; FirstRecords; GRIIS
Carduus nutans L.,Carduus nutans,Plantae,1500,Poland,POL,16,terrestrial,"introduced (alien, exotic, non-native, nonindigenous); introduced",TRUE,USRIIS; FirstRecords; GRIIS; InstytutOchronyPrzyrody
Carduus pycnocephalus L.,Carduus pycnocephalus,Plantae,1500,United Kingdom,GBR,11,terrestrial,"introduced (alien, exotic, non-native, nonindigenous); introduced",TRUE,DAISIE; USRIIS; TrIAS; FirstRecords; GRIIS
Carduus tenuiflorus W. Curtis; Carduus tenuiflorus Curtis,Carduus tenuiflorus,Plantae,1860,Norway,NOR,7,terrestrial,"introduced (alien, exotic, non-native, nonindigenous); introduced",TRUE,SINAS; USRIIS; FirstRecords; GRIIS
Carex acutiformis Ehrh.,Carex acutiformis,Plantae,1865,United States,USA,3,freshwater; brackish; terrestrial,"introduced (alien, exotic, non-native, nonindigenous); introduced",TRUE,USRIIS; FirstRecords; GRIIS
Carex demissa Hornem.,Carex demissa,Plantae,NA,NA,NA,1,brackish; freshwater,introduced,TRUE,GRIIS
Carex diluta M. Bieb.; Carex diluta M.Bieb.,Carex diluta,Plantae,NA,NA,NA,2,freshwater; terrestrial,"introduced (alien, exotic, non-native, nonindigenous); introduced",TRUE,USRIIS; FirstRecords; GRIIS
Carex divisa Huds.,Carex divisa,Plantae,1830,South Africa,ZAF,4,freshwater; terrestrial,"introduced (alien, exotic, non-native, nonindigenous); introduced",TRUE,USRIIS; FirstRecords; GRIIS
Carex divulsa Stokes,Carex divulsa,Plantae,1918,New Zealand,NZL,4,freshwater; terrestrial,"introduced (alien, exotic, non-native, nonindigenous); introduced",TRUE,USRIIS; FirstRecords; GRIIS
Carex flacca Schreb.,Carex flacca,Plantae,1883,New Zealand,NZL,4,brackish; freshwater; terrestrial,"introduced (alien, exotic, non-native, nonindigenous); introduced",TRUE,USRIIS; FirstRecords; GRIIS
Carex gmelinii Hook. & Arn.,Carex gmelinii,Plantae,NA,NA,NA,1,freshwater; terrestrial,introduced,TRUE,FirstRecords; GRIIS
Carex hirta L.,Carex hirta,Plantae,1942,New Zealand,NZL,4,freshwater; terrestrial,"introduced (alien, exotic, non-native, nonindigenous); introduced",TRUE,SINAS; USRIIS; FirstRecords; GRIIS
Carex leporina L.,Carex leporina,Plantae,NA,NA,NA,3,freshwater; terrestrial,introduced,TRUE,FirstRecords; GRIIS
Carex longebrachiata Boeckeler,Carex longebrachiata,Plantae,NA,NA,NA,1,freshwater; terrestrial,introduced,TRUE,GRIIS
Carex longii Mack.,Carex longii,Plantae,NA,NA,NA,3,freshwater; terrestrial,"introduced (alien, exotic, non-native, nonindigenous); introduced",TRUE,USRIIS; FirstRecords; GRIIS
Carex lurida Wahlenb.,Carex lurida,Plantae,1945,New Zealand,NZL,1,freshwater; terrestrial,introduced,TRUE,FirstRecords; GRIIS
Carex lyngbyei Hornem.,Carex lyngbyei,Plantae,NA,NA,NA,1,freshwater; terrestrial,introduced,TRUE,FirstRecords; GRIIS
Carex pendula Huds.,Carex pendula,Plantae,1962,New Zealand,NZL,5,freshwater; terrestrial,"introduced (alien, exotic, non-native, nonindigenous); introduced",TRUE,USRIIS; FirstRecords; GRIIS; Artsdatabanken
Carex scoparia Schkuhr ex Willd.,Carex scoparia,Plantae,1500,Slovakia,SVK,5,freshwater; terrestrial,introduced,TRUE,DAISIE; TrIAS; FirstRecords; GRIIS
Carex spicata Huds.,Carex spicata,Plantae,NA,NA,NA,2,freshwater; terrestrial,"introduced (alien, exotic, non-native, nonindigenous); introduced",TRUE,USRIIS; FirstRecords; GRIIS
Carica papaya L.,Carica papaya,Plantae,1647,Nigeria,NGA,31,terrestrial,"introduced (alien, exotic, non-native, nonindigenous); introduced",TRUE,SINAS; USRIIS; FirstRecords; GRIIS
Carissa macrocarpa (Eckl.) A. DC.; Carissa macrocarpa (Eckl.) A.DC.,Carissa macrocarpa,Plantae,1992,United States,USA,3,terrestrial,"introduced (alien, exotic, non-native, nonindigenous); introduced",TRUE,USRIIS; FirstRecords; GRIIS
Carludovica palmata Ruiz & Pav.,Carludovica palmata,Plantae,NA,NA,NA,10,terrestrial,introduced,TRUE,FirstRecords; GRIIS
Carpobrotus acinaciformis (L.) L.Bolus,Carpobrotus acinaciformis,Plantae,1500,United Kingdom,GBR,12,terrestrial,introduced,TRUE,DAISIE; FirstRecords; GRIIS
Carpobrotus acinaciformis x Carpobrotus edulis,Carpobrotus acinaciformis x Carpobrotus edulis,Plantae,NA,NA,NA,1,terrestrial,introduced,TRUE,FirstRecords; GRIIS
Carpobrotus chilensis (Molina) N.E. Br.; Carpobrotus chilensis (Molina) N.E.Br.,Carpobrotus chilensis,Plantae,1992,Mexico,MEX,5,terrestrial,"introduced (alien, exotic, non-native, nonindigenous); introduced",TRUE,USRIIS; FirstRecords; GRIIS
Carpobrotus edulis (L.) N.E. Br.; Carpobrotus edulis (L.) N.E.Br.,Carpobrotus edulis,Plantae,1500,United Kingdom,GBR,27,terrestrial,"introduced (alien, exotic, non-native, nonindigenous); introduced",TRUE,DAISIE; USRIIS; TrIAS; FirstRecords; GRIIS
"Carpomya pardalina (Bigot, 1891)",Carpomya pardalina,Animalia,NA,NA,NA,2,terrestrial,introduced,TRUE,FirstRecords; GRIIS
"Carpomya vesuviana Costa, 1854",Carpomya vesuviana,Animalia,2007,China,CHN,2,terrestrial,introduced,TRUE,FirstRecords; GRIIS
"Carpophilus hemipterus (Linnaeus, 1758)",Carpophilus hemipterus,Animalia,1620,United States,USA,14,terrestrial,"introduced (alien, exotic, non-native, nonindigenous); introduced",TRUE,USRIIS; FirstRecords; GRIIS; Artsdatabanken; InstytutOchronyPrzyrody
Carrichtera annua (L.) DC.,Carrichtera annua,Plantae,1846,United Kingdom,GBR,7,terrestrial,"introduced (alien, exotic, non-native, nonindigenous); introduced",TRUE,SINAS; USRIIS; TrIAS; FirstRecords; GRIIS
Carthamus lanatus L.,Carthamus lanatus,Plantae,1500,Czechia,CZE,20,terrestrial,"introduced (alien, exotic, non-native, nonindigenous); introduced",TRUE,DAISIE; USRIIS; TrIAS; FirstRecords; GRIIS
Carthamus oxyacanthus M.Bieb.,Carthamus oxyacanthus,Plantae,NA,NA,NA,3,terrestrial,introduced,TRUE,FirstRecords; GRIIS
Carthamus tinctorius L.,Carthamus tinctorius,Plantae,1500,Austria,AUT,31,freshwater; terrestrial,"introduced (alien, exotic, non-native, nonindigenous); introduced",TRUE,DAISIE; USRIIS; TrIAS; FirstRecords; GRIIS
"Cartodere bifasciata (Reitter, 1877)",Cartodere bifasciata,Animalia,1917,Norway,NOR,7,terrestrial,introduced,TRUE,FirstRecords; GRIIS; Artsdatabanken
"Carulaspis minima Targioni-tozzetti, 1868; Carulaspis minima (Signoret, 1869)",Carulaspis minima,Animalia,1932,United States,USA,2,terrestrial,"introduced (alien, exotic, non-native, nonindigenous); introduced",TRUE,USRIIS; GRIIS
Carum carvi L.,Carum carvi,Plantae,1500,United Kingdom,GBR,7,terrestrial,"introduced (alien, exotic, non-native, nonindigenous); introduced",TRUE,DAISIE; USRIIS; FirstRecords; GRIIS
"Caryedon serratus (Olivier, 1790)",Caryedon serratus,Animalia,1900,Czech Republic,CZE,5,terrestrial,"introduced (alien, exotic, non-native, nonindigenous); introduced",TRUE,USRIIS; FirstRecords; GRIIS
Caryota mitis Lour.,Caryota mitis,Plantae,1945,United States,USA,9,terrestrial,"introduced (alien, exotic, non-native, nonindigenous); introduced",TRUE,USRIIS; FirstRecords; GRIIS
Cascabela thevetia (L.) Lippold,Cascabela thevetia,Plantae,1795,India,IND,43,terrestrial,introduced,TRUE,FirstRecords; GRIIS
Cassia javanica L.,Cassia javanica,Plantae,1949,India,IND,18,terrestrial,"introduced (alien, exotic, non-native, nonindigenous); introduced",TRUE,USRIIS; GRIIS; FirstRecords
Cassytha filiformis L.,Cassytha filiformis,Plantae,NA,NA,NA,6,terrestrial,introduced,TRUE,GRIIS
Castanea sativa Mill.,Castanea sativa,Plantae,-200,Liechtenstein,LIE,15,terrestrial,"introduced (alien, exotic, non-native, nonindigenous); introduced",TRUE,DAISIE; USRIIS; TrIAS; FirstRecords; GRIIS; Artsdatabanken; InstytutOchronyPrzyrody
Castilla elastica Sesse; Castilla elastica Cerv.,Castilla elastica,Plantae,1933,United States,USA,17,terrestrial,"introduced (alien, exotic, non-native, nonindigenous); introduced",TRUE,USRIIS; FirstRecords; GRIIS
"Castor canadensis Kuhl, 1820",Castor canadensis,Animalia,1860,United Kingdom,GBR,12,freshwater; terrestrial,introduced,TRUE,SINAS; TrIAS; FirstRecords; GRIIS; InstytutOchronyPrzyrody
"Castor fiber Linnaeus, 1758",Castor fiber,Animalia,1870,United Kingdom,GBR,4,freshwater; terrestrial,introduced,TRUE,SINAS; FirstRecords; GRIIS
Casuarina cunninghamiana Miq.,Casuarina cunninghamiana,Plantae,1500,Italy,ITA,29,terrestrial,"introduced (alien, exotic, non-native, nonindigenous); introduced",TRUE,DAISIE; USRIIS; FirstRecords; GRIIS
Casuarina equisetifolia L.,Casuarina equisetifolia,Plantae,1825,United States,USA,93,terrestrial,"introduced (alien, exotic, non-native, nonindigenous); introduced",TRUE,USRIIS; FirstRecords; GRIIS
Casuarina glauca Sieber ex Spreng.; Casuarina glauca Sieber,Casuarina glauca,Plantae,1894,Indonesia,IDN,39,terrestrial,"introduced (alien, exotic, non-native, nonindigenous); introduced",TRUE,SINAS; USRIIS; FirstRecords; GRIIS
Catalpa bignonioides Walter,Catalpa bignonioides,Plantae,1500,Czechia,CZE,22,terrestrial,introduced,TRUE,DAISIE; TrIAS; FirstRecords; GRIIS; InstytutOchronyPrzyrody
Catalpa ovata G. Don; Catalpa ovata G.Don,Catalpa ovata,Plantae,1500,Italy,ITA,7,terrestrial,"introduced (alien, exotic, non-native, nonindigenous); introduced",TRUE,DAISIE; USRIIS; TrIAS; FirstRecords; GRIIS
Catapodium rigidum (L.) Dony; Catapodium rigidum (L.) C.E.Hubb.,Catapodium rigidum,Plantae,1500,Czechia,CZE,14,terrestrial,"introduced (alien, exotic, non-native, nonindigenous); introduced",TRUE,DAISIE; USRIIS; FirstRecords; GRIIS
Catha edulis (Vahl) Forssk. ex Endl.; Catha edulis Forssk.,Catha edulis,Plantae,1954,United States,USA,3,terrestrial,"introduced (alien, exotic, non-native, nonindigenous); introduced",TRUE,USRIIS; FirstRecords; GRIIS
Catharanthus lanceus (Bojer ex A.DC.) Pichon,Catharanthus lanceus,Plantae,NA,NA,NA,1,terrestrial,introduced,TRUE,FirstRecords; GRIIS
Catharanthus roseus (L.) G. Don; Catharanthus roseus (L.) G.Don,Catharanthus roseus,Plantae,1500,Italy,ITA,69,terrestrial,"introduced (alien, exotic, non-native, nonindigenous); introduced",TRUE,DAISIE; USRIIS; FirstRecords; GRIIS
Caucalis platycarpos L.,Caucalis platycarpos,Plantae,1688,Denmark,DNK,11,freshwater; terrestrial,"introduced (alien, exotic, non-native, nonindigenous); introduced",TRUE,USRIIS; FirstRecords; GRIIS
"Cavia porcellus (Linnaeus, 1758)",Cavia porcellus,Animalia,NA,NA,NA,3,terrestrial,introduced,TRUE,FirstRecords; GRIIS
Cecropia obtusifolia Bertol.,Cecropia obtusifolia,Plantae,1924,United States,USA,5,terrestrial,"introduced (alien, exotic, non-native, nonindigenous); introduced",TRUE,USRIIS; FirstRecords; GRIIS
Cecropia pachystachya Trecul; Cecropia pachystachya Trécul,Cecropia pachystachya,Plantae,1930,Democratic Republic of the Congo,COD,3,terrestrial,"introduced (alien, exotic, non-native, nonindigenous); introduced",TRUE,USRIIS; FirstRecords; GRIIS
Cecropia peltata L.,Cecropia peltata,Plantae,1888,Indonesia,IDN,11,terrestrial,introduced,TRUE,FirstRecords; GRIIS
Cecropia schreberiana Miq.,Cecropia schreberiana,Plantae,NA,NA,NA,3,terrestrial,introduced,TRUE,FirstRecords; GRIIS
Cedrela odorata L.,Cedrela odorata,Plantae,1898,Nigeria,NGA,28,terrestrial,"introduced (alien, exotic, non-native, nonindigenous); introduced",TRUE,USRIIS; FirstRecords; GRIIS
Cedrus atlantica (Endl.) Manetti ex Carriere,Cedrus atlantica,Plantae,1500,United Kingdom,GBR,8,terrestrial,introduced,TRUE,DAISIE; FirstRecords; GRIIS
Cedrus deodara (Roxb. ex D. Don) G. Don; Cedrus deodara (Lamb.) G.Don,Cedrus deodara,Plantae,1500,United Kingdom,GBR,14,terrestrial,"introduced (alien, exotic, non-native, nonindigenous); introduced",TRUE,DAISIE; USRIIS; FirstRecords; GRIIS
Ceiba pentandra (L.) Gaertn.,Ceiba pentandra,Plantae,NA,NA,NA,26,terrestrial,introduced,TRUE,FirstRecords; GRIIS
"Ceiba speciosa (A.St.-Hil., A.Juss. & Cambess.) Ravenna",Ceiba speciosa,Plantae,NA,NA,NA,2,terrestrial,introduced,TRUE,FirstRecords; GRIIS
Celastrus orbiculatus Thunb.,Celastrus orbiculatus,Plantae,1500,Czechia,CZE,12,terrestrial,"introduced (alien, exotic, non-native, nonindigenous); introduced",TRUE,DAISIE; USRIIS; TrIAS; FirstRecords; GRIIS; InstytutOchronyPrzyrody
Celosia argentea L.,Celosia argentea,Plantae,1500,Austria,AUT,46,freshwater; terrestrial,"introduced (alien, exotic, non-native, nonindigenous); introduced",TRUE,DAISIE; USRIIS; FirstRecords; GRIIS
Celtis australis L.,Celtis australis,Plantae,1500,Ukraine,UKR,12,terrestrial,"introduced (alien, exotic, non-native, nonindigenous); introduced",TRUE,DAISIE; USRIIS; TrIAS; FirstRecords; GRIIS
Celtis sinensis Pers.,Celtis sinensis,Plantae,1905,South Africa,ZAF,4,terrestrial,"introduced (alien, exotic, non-native, nonindigenous); introduced",TRUE,USRIIS; FirstRecords; GRIIS
Cenchrus alopecuroides (L.) Thunb.,Cenchrus alopecuroides,Plantae,1802,Australia,AUS,6,terrestrial,introduced,TRUE,SINAS; TrIAS; FirstRecords; GRIIS
Cenchrus americanus (L.) Morrone,Cenchrus americanus,Plantae,NA,NA,NA,15,terrestrial,"introduced (alien, exotic, non-native, nonindigenous); introduced",TRUE,USRIIS; FirstRecords; GRIIS
Cenchrus biflorus Roxb.,Cenchrus biflorus,Plantae,1947,Australia,AUS,8,terrestrial,"introduced (alien, exotic, non-native, nonindigenous); introduced",TRUE,USRIIS; FirstRecords; GRIIS
Cenchrus brownii Roem. & Schult.,Cenchrus brownii,Plantae,1890,Mexico,MEX,15,terrestrial,introduced,TRUE,SINAS; FirstRecords; GRIIS
Cenchrus caudatus (Schrad.) Kuntze,Cenchrus caudatus,Plantae,1885,Australia,AUS,3,terrestrial,introduced,TRUE,FirstRecords; GRIIS
Cenchrus ciliaris L.,Cenchrus ciliaris,Plantae,1787,Portugal,PRT,35,terrestrial,"introduced (alien, exotic, non-native, nonindigenous); introduced",TRUE,"SINAS, DAISIE; USRIIS; FirstRecords; GRIIS"
Cenchrus clandestinus (Hochst. ex Chiov.) Morrone,Cenchrus clandestinus,Plantae,1770,Australia,AUS,46,terrestrial,"introduced (alien, exotic, non-native, nonindigenous); introduced",TRUE,SINAS; USRIIS; FirstRecords; GRIIS; B.Shrestha_NPL_2026
Cenchrus echinatus L.,Cenchrus echinatus,Plantae,1500,Czechia,CZE,54,terrestrial,"introduced (alien, exotic, non-native, nonindigenous); introduced",TRUE,DAISIE; USRIIS; TrIAS; FirstRecords; GRIIS
Cenchrus longisetus M.C. Johnst.; Cenchrus longisetus M.C.Johnst.,Cenchrus longisetus,Plantae,2020,Belgium,BEL,17,terrestrial,"introduced (alien, exotic, non-native, nonindigenous); introduced",TRUE,USRIIS; TrIAS; FirstRecords; GRIIS
Cenchrus longispinus (Hack.) Fernald,Cenchrus longispinus,Plantae,1500,Italy,ITA,11,terrestrial,introduced,TRUE,DAISIE; TrIAS; FirstRecords; GRIIS
Cenchrus myosuroides Kunth,Cenchrus myosuroides,Plantae,1885,Mexico,MEX,2,terrestrial,introduced,TRUE,SINAS; FirstRecords; GRIIS
Cenchrus orientalis (Rich.) Morrone,Cenchrus orientalis,Plantae,NA,NA,NA,6,terrestrial,"introduced (alien, exotic, non-native, nonindigenous); introduced",TRUE,USRIIS; FirstRecords; GRIIS
Cenchrus pedicellatus (Trin.) Morrone,Cenchrus pedicellatus,Plantae,1897,Australia,AUS,9,terrestrial,"introduced (alien, exotic, non-native, nonindigenous); introduced",TRUE,SINAS; USRIIS; FirstRecords; GRIIS
Cenchrus purpureus (Schumach.) Morrone,Cenchrus purpureus,Plantae,1930,Australia,AUS,59,terrestrial,"introduced (alien, exotic, non-native, nonindigenous); introduced",TRUE,SINAS; USRIIS; FirstRecords; GRIIS; B.Shrestha_NPL_2026
Cenchrus setaceus (Forssk.) Morrone,Cenchrus setaceus,Plantae,1930,Australia,AUS,18,terrestrial,"introduced (alien, exotic, non-native, nonindigenous); introduced",TRUE,USRIIS; FirstRecords; GRIIS
Cenchrus spinifex Cav.,Cenchrus spinifex,Plantae,1902,Australia,AUS,23,terrestrial,introduced,TRUE,SINAS; TrIAS; FirstRecords; GRIIS
Centaurea benedicta (L.) L.,Centaurea benedicta,Plantae,1783,Bhutan,BTN,20,terrestrial,"introduced (alien, exotic, non-native, nonindigenous); introduced",TRUE,SINAS; USRIIS; TrIAS; FirstRecords; GRIIS
Centaurea calcitrapa L.,Centaurea calcitrapa,Plantae,1500,Austria,AUT,20,terrestrial,"introduced (alien, exotic, non-native, nonindigenous); introduced",TRUE,DAISIE; USRIIS; FirstRecords; GRIIS
Centaurea cyanus L.,Centaurea cyanus,Plantae,-2200,Czechia,CZE,29,terrestrial,"introduced (alien, exotic, non-native, nonindigenous); introduced",TRUE,DAISIE; USRIIS; FirstRecords; GRIIS; InstytutOchronyPrzyrody
Centaurea depressa M. Bieb.; Centaurea depressa M.Bieb.,Centaurea depressa,Plantae,NA,NA,NA,4,terrestrial,"introduced (alien, exotic, non-native, nonindigenous); introduced",TRUE,USRIIS; FirstRecords; GRIIS
Centaurea diffusa Lam.,Centaurea diffusa,Plantae,1500,Czechia,CZE,31,freshwater; terrestrial,"introduced (alien, exotic, non-native, nonindigenous); introduced",TRUE,DAISIE; USRIIS; TrIAS; FirstRecords; GRIIS; InstytutOchronyPrzyrody
Centaurea diluta Aiton,Centaurea diluta,Plantae,1500,Austria,AUT,7,terrestrial,"introduced (alien, exotic, non-native, nonindigenous); introduced",TRUE,DAISIE; USRIIS; TrIAS; FirstRecords; GRIIS
Centaurea iberica Trevir. ex Spreng.; Centaurea iberica Trevis. ex Spreng.,Centaurea iberica,Plantae,1500,Italy,ITA,15,freshwater; terrestrial,"introduced (alien, exotic, non-native, nonindigenous); introduced",TRUE,DAISIE; USRIIS; FirstRecords; GRIIS
Centaurea jacea L.,Centaurea jacea,Plantae,1600,Sweden,SWE,11,terrestrial,"introduced (alien, exotic, non-native, nonindigenous); introduced",TRUE,USRIIS; FirstRecords; GRIIS
Centaurea macrocephala Puschk. ex Willd.; Centaurea macrocephala Muss.Puschk. ex Willd.,Centaurea macrocephala,Plantae,1918,United States,USA,9,terrestrial,"introduced (alien, exotic, non-native, nonindigenous); introduced",TRUE,USRIIS; TrIAS; FirstRecords; GRIIS; InstytutOchronyPrzyrody
Centaurea melitensis L.,Centaurea melitensis,Plantae,1500,Czechia,CZE,20,terrestrial,"introduced (alien, exotic, non-native, nonindigenous); introduced",TRUE,DAISIE; USRIIS; TrIAS; FirstRecords; GRIIS
Centaurea montana L.,Centaurea montana,Plantae,1500,United Kingdom,GBR,9,freshwater; terrestrial,"introduced (alien, exotic, non-native, nonindigenous); introduced",TRUE,DAISIE; USRIIS; FirstRecords; GRIIS; Artsdatabanken
Centaurea nigra L.,Centaurea nigra,Plantae,1500,Austria,AUT,9,terrestrial,"introduced (alien, exotic, non-native, nonindigenous); introduced",TRUE,DAISIE; USRIIS; FirstRecords; GRIIS
Centaurea nigrescens Willd.,Centaurea nigrescens,Plantae,1500,Liechtenstein,LIE,10,terrestrial,"introduced (alien, exotic, non-native, nonindigenous); introduced",TRUE,DAISIE; USRIIS; TrIAS; FirstRecords; GRIIS
Centaurea pallescens Delile,Centaurea pallescens,Plantae,NA,NA,NA,2,terrestrial,introduced,TRUE,FirstRecords; GRIIS
Centaurea pullata L.,Centaurea pullata,Plantae,NA,NA,NA,2,terrestrial,introduced,TRUE,FirstRecords; GRIIS
Centaurea scabiosa L.,Centaurea scabiosa,Plantae,1500,Austria,AUT,6,terrestrial,"introduced (alien, exotic, non-native, nonindigenous); introduced",TRUE,DAISIE; USRIIS; FirstRecords; GRIIS
Centaurea solstitialis L.,Centaurea solstitialis,Plantae,1500,Austria,AUT,30,freshwater; terrestrial,"introduced (alien, exotic, non-native, nonindigenous); introduced",TRUE,DAISIE; USRIIS; FirstRecords; GRIIS
Centaurea stoebe L.,Centaurea stoebe,Plantae,1658,Sweden,SWE,9,freshwater; terrestrial,"introduced (alien, exotic, non-native, nonindigenous); introduced",TRUE,USRIIS; TrIAS; FirstRecords; GRIIS; Artsdatabanken
Centaurea virgata Lam.,Centaurea virgata,Plantae,NA,NA,NA,2,terrestrial,"introduced (alien, exotic, non-native, nonindigenous); introduced",TRUE,USRIIS; FirstRecords; GRIIS
Centaurium erythraea Rafn,Centaurium erythraea,Plantae,1770,Australia,AUS,8,terrestrial,"introduced (alien, exotic, non-native, nonindigenous); introduced",TRUE,USRIIS; FirstRecords; GRIIS
"Centaurium pulchellum (Sw.) Hayek ex Hand.-Mazz., Stadlm., Janch. and Faltis; Centaurium pulchellum (Sw.) Druce",Centaurium pulchellum,Plantae,1874,Australia,AUS,8,terrestrial,"introduced (alien, exotic, non-native, nonindigenous); introduced",TRUE,USRIIS; FirstRecords; GRIIS
Centella asiatica (L.) Urb.,Centella asiatica,Plantae,1815,Madagascar,MDG,23,terrestrial,"introduced (alien, exotic, non-native, nonindigenous); introduced",TRUE,USRIIS; FirstRecords; GRIIS
Centranthus ruber (L.) DC.,Centranthus ruber,Plantae,1500,Austria,AUT,17,terrestrial,"introduced (alien, exotic, non-native, nonindigenous); introduced",TRUE,DAISIE; USRIIS; TrIAS; FirstRecords; GRIIS; Artsdatabanken
Centratherum punctatum Cass.,Centratherum punctatum,Plantae,1958,Zimbabwe,ZWE,12,terrestrial,"introduced (alien, exotic, non-native, nonindigenous); introduced",TRUE,USRIIS; FirstRecords; GRIIS
"Centrocestus formosanus (Nishigori, 1924) Price, 1932",Centrocestus formosanus,Animalia,NA,NA,NA,1,brackish; freshwater,"introduced (alien, exotic, non-native, nonindigenous)",TRUE,USRIIS
"Centrocoris volxemi (Puton, 1878)",Centrocoris volxemi,Animalia,2021,United States,USA,1,terrestrial,"introduced (alien, exotic, non-native, nonindigenous)",TRUE,USRIIS
Centrosema molle Mart. ex Benth.,Centrosema molle,Plantae,1942,Australia,AUS,16,terrestrial,"introduced (alien, exotic, non-native, nonindigenous); introduced",TRUE,USRIIS; FirstRecords; GRIIS
Centrosema pubescens Benth.,Centrosema pubescens,Plantae,1893,Indonesia,IDN,18,terrestrial,introduced,TRUE,FirstRecords; GRIIS
"Cephalcia lariciphila (Wachtl, 1898)",Cephalcia lariciphila,Animalia,1941,Netherlands,NLD,2,terrestrial,"introduced (alien, exotic, non-native, nonindigenous); introduced",TRUE,DAISIE; USRIIS; GRIIS
Cerastium L.,Cerastium,Plantae,NA,NA,NA,1,terrestrial,introduced,TRUE,GRIIS
Cerastium arvense L.,Cerastium arvense,Plantae,1744,Sweden,SWE,6,terrestrial,introduced,TRUE,FirstRecords; GRIIS
Cerastium biebersteinii DC.,Cerastium biebersteinii,Plantae,1500,Czechia,CZE,12,terrestrial,"introduced (alien, exotic, non-native, nonindigenous); introduced",TRUE,DAISIE; USRIIS; FirstRecords; GRIIS; Artsdatabanken
Cerastium fontanum Baumg.,Cerastium fontanum,Plantae,1843,New Zealand,NZL,8,terrestrial,"introduced (alien, exotic, non-native, nonindigenous); introduced",TRUE,SINAS; USRIIS; FirstRecords; GRIIS
Cerastium glomeratum Thuill.,Cerastium glomeratum,Plantae,1406,China,CHN,20,terrestrial,"introduced (alien, exotic, non-native, nonindigenous); introduced",TRUE,SINAS; USRIIS; FirstRecords; GRIIS
Cerastium holosteoides Fr.,Cerastium holosteoides,Plantae,NA,NA,NA,3,terrestrial,introduced,TRUE,FirstRecords; GRIIS
Cerastium nemorale M.Bieb.,Cerastium nemorale,Plantae,2011,Kyrgyzstan,KGZ,2,terrestrial,introduced,TRUE,FirstRecords; GRIIS
Cerastium pumilum W. Curtis; Cerastium pumilum Curtis,Cerastium pumilum,Plantae,1879,Australia,AUS,3,terrestrial,"introduced (alien, exotic, non-native, nonindigenous); introduced",TRUE,USRIIS; FirstRecords; GRIIS
Cerastium tomentosum L.,Cerastium tomentosum,Plantae,1500,Austria,AUT,19,freshwater; terrestrial,"introduced (alien, exotic, non-native, nonindigenous); introduced",TRUE,DAISIE; USRIIS; TrIAS; FirstRecords; GRIIS; Artsdatabanken
"Cerataphis lataniae (Boisduval, 1867)",Cerataphis lataniae,Animalia,1867,France,FRA,3,terrestrial,"introduced (alien, exotic, non-native, nonindigenous); introduced",TRUE,"SINAS, DAISIE; USRIIS; GRIIS"
"Cerataphis orchidearum (Westwood, 1879)",Cerataphis orchidearum,Animalia,1906,Sweden,SWE,3,terrestrial,"introduced (alien, exotic, non-native, nonindigenous); introduced",TRUE,SINAS; USRIIS; GRIIS
"Ceratitis capitata (Wiedemann, 1824)",Ceratitis capitata,Animalia,1873,Italy,ITA,44,terrestrial,"introduced (alien, exotic, non-native, nonindigenous); introduced",TRUE,SINAS; USRIIS; FirstRecords; GRIIS
Ceratophyllum demersum L.,Ceratophyllum demersum,Plantae,1901,Romania,ROU,19,freshwater; terrestrial,"introduced (alien, exotic, non-native, nonindigenous); introduced",TRUE,DAISIE; USRIIS; FirstRecords; GRIIS
Ceratophyllum submersum L.,Ceratophyllum submersum,Plantae,1779,Sweden,SWE,5,freshwater; terrestrial,introduced,TRUE,FirstRecords; GRIIS
Ceratopteris thalictroides (L.) Brongn.,Ceratopteris thalictroides,Plantae,1950,Austria,AUT,6,freshwater; terrestrial,introduced,TRUE,FirstRecords; GRIIS
"Ceratothripoides brunneus Bagnall, 1918",Ceratothripoides brunneus,Animalia,2017,United States,USA,1,terrestrial,"introduced (alien, exotic, non-native, nonindigenous)",TRUE,USRIIS
Cerbera manghas L.,Cerbera manghas,Plantae,NA,NA,NA,1,terrestrial,introduced,TRUE,FirstRecords; GRIIS
"Cercopagis pengoi (Ostroumov, 1891)",Cercopagis pengoi,Animalia,1959,Ukraine,UKR,10,freshwater; terrestrial,"introduced (alien, exotic, non-native, nonindigenous); introduced",TRUE,USRIIS; FirstRecords; GRIIS; InstytutOchronyPrzyrody
"Cercopithecus mona (Schreber, 1775)",Cercopithecus mona,Animalia,1475,São Tomé and Príncipe,STP,2,terrestrial,introduced,TRUE,FirstRecords; GRIIS
Cereus jamacaru DC.,Cereus jamacaru,Plantae,1925,South Africa,ZAF,10,terrestrial,introduced,TRUE,FirstRecords; GRIIS
Cereus repandus (L.) Mill.,Cereus repandus,Plantae,1968,India,IND,2,terrestrial,"introduced (alien, exotic, non-native, nonindigenous); introduced",TRUE,USRIIS; FirstRecords; GRIIS
"Cernuella aginnica (Locard, 1882)",Cernuella aginnica,Animalia,1944,Belgium,BEL,1,terrestrial,introduced,TRUE,TrIAS
"Cernuella neglecta (Draparnaud, 1805)",Cernuella neglecta,Animalia,1900,Poland,POL,5,terrestrial,introduced,TRUE,SINAS; TrIAS; FirstRecords; GRIIS
"Cernuella virgata (Müller, 1774); Cernuella virgata (Muller, 1774); Cernuella virgata (Da Costa, 1778)",Cernuella virgata,Animalia,1867,Belgium,BEL,7,terrestrial,"introduced (alien, exotic, non-native, nonindigenous); introduced",TRUE,USRIIS; TrIAS; FirstRecords; GRIIS
Ceropegia mixta (Masson) Bruyns,Ceropegia mixta,Plantae,1967,Australia,AUS,3,terrestrial,introduced,TRUE,FirstRecords; GRIIS
"Ceroplastes eugeniae Hall, 1931",Ceroplastes eugeniae,Animalia,2008,United States,USA,1,terrestrial,"introduced (alien, exotic, non-native, nonindigenous)",TRUE,USRIIS
"Ceroplastes stellifer Westwood, 1871",Ceroplastes stellifer,Animalia,1929,China,CHN,2,terrestrial,"introduced (alien, exotic, non-native, nonindigenous)",TRUE,SINAS; USRIIS
"Cervus elaphus Linnaeus, 1758",Cervus elaphus,Animalia,-6000,Italy,ITA,16,terrestrial,introduced,TRUE,FirstRecords; GRIIS
"Cervus nippon Temminck, 1838",Cervus nippon,Animalia,1860,United Kingdom; Ireland,GBR; IRL,22,terrestrial,"introduced (alien, exotic, non-native, nonindigenous); introduced",TRUE,USRIIS; FirstRecords; GRIIS; InstytutOchronyPrzyrody
"Cervus nippon mageshimae Kuroda & Okada, 1950",Cervus nippon mageshimae,Animalia,NA,NA,NA,1,terrestrial,introduced,TRUE,FirstRecords; GRIIS
Cestrum aurantiacum Lindl.,Cestrum aurantiacum,Plantae,1843,Australia,AUS,13,terrestrial,"introduced (alien, exotic, non-native, nonindigenous); introduced",TRUE,USRIIS; FirstRecords; GRIIS
Cestrum diurnum L.,Cestrum diurnum,Plantae,1888,Australia,AUS,13,terrestrial,"introduced (alien, exotic, non-native, nonindigenous); introduced",TRUE,SINAS; USRIIS; FirstRecords; GRIIS; B.Shrestha_NPL_2026
Cestrum elegans (Brongn. ex Neumann) Schltdl.,Cestrum elegans,Plantae,1843,Australia,AUS,9,terrestrial,introduced,TRUE,FirstRecords; GRIIS
Cestrum fasciculatum (Schltdl.) Miers,Cestrum fasciculatum,Plantae,1843,Australia,AUS,4,terrestrial,"introduced (alien, exotic, non-native, nonindigenous); introduced",TRUE,SINAS; USRIIS; FirstRecords; GRIIS
Cestrum laevigatum Schltdl.,Cestrum laevigatum,Plantae,1891,South Africa,ZAF,5,terrestrial,introduced,TRUE,FirstRecords; GRIIS
Cestrum nocturnum L.,Cestrum nocturnum,Plantae,1845,India,IND,32,terrestrial,"introduced (alien, exotic, non-native, nonindigenous); introduced",TRUE,USRIIS; FirstRecords; GRIIS
Cestrum parqui L'Her.; Cestrum parqui (Lam.) L'Hér.,Cestrum parqui,Plantae,1500,Italy,ITA,11,terrestrial,"introduced (alien, exotic, non-native, nonindigenous); introduced",TRUE,DAISIE; USRIIS; FirstRecords; GRIIS
Chaenorhinum minus (L.) Lange,Chaenorhinum minus,Plantae,1633,United Kingdom,GBR,11,freshwater; terrestrial,"introduced (alien, exotic, non-native, nonindigenous); introduced",TRUE,USRIIS; FirstRecords; GRIIS
"Chaenotetrastichus semiflavus (Girault, 1917)",Chaenotetrastichus semiflavus,Animalia,NA,NA,NA,1,terrestrial,introduced,TRUE,FirstRecords; GRIIS
Chaerophyllum aureum L.,Chaerophyllum aureum,Plantae,1500,United Kingdom,GBR,8,terrestrial,introduced,TRUE,DAISIE; TrIAS; FirstRecords; GRIIS; InstytutOchronyPrzyrody
Chaerophyllum temulum L.,Chaerophyllum temulum,Plantae,1894,Norway,NOR,6,terrestrial,"introduced (alien, exotic, non-native, nonindigenous); introduced",TRUE,SINAS; USRIIS; FirstRecords; GRIIS; Artsdatabanken
"Chaetanaphothrips orchidii (Moulton, 1907)",Chaetanaphothrips orchidii,Animalia,1905,United States,USA,3,terrestrial,"introduced (alien, exotic, non-native, nonindigenous); introduced",TRUE,USRIIS; TrIAS; FirstRecords; GRIIS
"Chaetogammarus ischnus (Stebbing, 1899)",Chaetogammarus ischnus,Animalia,1928,Poland,POL,7,brackish; freshwater,introduced,TRUE,FirstRecords; GRIIS; InstytutOchronyPrzyrody
"Chaetogammarus trichiatus Martynov, 1932",Chaetogammarus trichiatus,Animalia,2009,Belgium,BEL,10,brackish; freshwater,introduced,TRUE,TrIAS; FirstRecords; GRIIS; Artsdatabanken; InstytutOchronyPrzyrody
"Chaetogammarus warpachowskyi (G.O.Sars, 1894)",Chaetogammarus warpachowskyi,Animalia,1953,Ukraine,UKR,4,brackish; freshwater,introduced,TRUE,FirstRecords; GRIIS
"Chaetophractus villosus (Desmarest, 1804)",Chaetophractus villosus,Animalia,1982,Argentina,ARG,1,terrestrial,introduced,TRUE,FirstRecords; GRIIS
"Chaliopsis junodi (Heylaerts, 1890)",Chaliopsis junodi,Animalia,NA,NA,NA,1,terrestrial,introduced,TRUE,FirstRecords; GRIIS
Chamaecereus silvestrii (Speg.) Britton & Rose,Chamaecereus silvestrii,Plantae,NA,NA,NA,3,terrestrial,introduced,TRUE,FirstRecords; GRIIS
Chamaecrista mimosoides (L.) Greene,Chamaecrista mimosoides,Plantae,1869,Indonesia,IDN,12,terrestrial,introduced,TRUE,SINAS; FirstRecords; GRIIS
Chamaecrista nictitans (L.) Moench,Chamaecrista nictitans,Plantae,1957,Japan,JPN,15,terrestrial,introduced,TRUE,FirstRecords; GRIIS
Chamaecrista rotundifolia (Pers.) Greene,Chamaecrista rotundifolia,Plantae,1955,Zimbabwe,ZWE,3,terrestrial,introduced,TRUE,FirstRecords; GRIIS
Chamaecytisus prolifer (L.f.) Link,Chamaecytisus prolifer,Plantae,NA,NA,NA,2,terrestrial,introduced,TRUE,GRIIS
Chamaedorea elegans Mart.,Chamaedorea elegans,Plantae,NA,NA,NA,3,terrestrial,introduced,TRUE,FirstRecords; GRIIS
Chamaedorea seifrizii Burret,Chamaedorea seifrizii,Plantae,NA,NA,NA,3,terrestrial,"introduced (alien, exotic, non-native, nonindigenous); introduced",TRUE,USRIIS; FirstRecords; GRIIS
"Chamaeleo calyptratus A. M. C. Dumeril and A. H. A. Dumeril, 1851; Chamaeleo calyptratus Duméril & Duméril, 1851",Chamaeleo calyptratus,Animalia,1995,United States,USA,5,terrestrial,"introduced (alien, exotic, non-native, nonindigenous); introduced",TRUE,USRIIS; TrIAS; FirstRecords; GRIIS
"Chamaeleo gracilis Hallowell, 1844",Chamaeleo gracilis,Animalia,NA,NA,NA,1,terrestrial,introduced,TRUE,FirstRecords; GRIIS
"Chamaeleo senegalensis Daudin, 1802",Chamaeleo senegalensis,Animalia,NA,NA,NA,1,terrestrial,introduced,TRUE,FirstRecords; GRIIS
"Chamberlinius hualienensis Wang, 1956",Chamberlinius hualienensis,Animalia,1983,Japan,JPN,1,terrestrial,introduced,TRUE,FirstRecords; GRIIS
"Channa argus (Cantor, 1842)",Channa argus,Animalia,1923,Japan,JPN,11,brackish; freshwater,"introduced (alien, exotic, non-native, nonindigenous); introduced",TRUE,USRIIS; FirstRecords; GRIIS
"Channa asiatica (Linnaeus, 1758)",Channa asiatica,Animalia,1960,Japan,JPN,1,brackish; freshwater,introduced,TRUE,FirstRecords; GRIIS
"Channa aurolineata Day, 1870",Channa aurolineata,Animalia,2000,United States,USA,1,brackish; freshwater,"introduced (alien, exotic, non-native, nonindigenous)",TRUE,USRIIS
"Channa maculata (Lacepede, 1801); Channa maculata (Lacepède, 1801)",Channa maculata,Animalia,1906,Japan,JPN,3,freshwater,"introduced (alien, exotic, non-native, nonindigenous); introduced",TRUE,USRIIS; FirstRecords; GRIIS
"Channa marulius (Hamilton, 1822)",Channa marulius,Animalia,NA,NA,NA,1,freshwater,introduced,TRUE,FirstRecords; GRIIS
"Channa micropeltes (Cuvier, 1831)",Channa micropeltes,Animalia,1986,China,CHN,4,freshwater,introduced,TRUE,SINAS; FirstRecords; GRIIS
"Channa striata (Bloch, 1793)",Channa striata,Animalia,1908,Philippines,PHL,7,brackish; freshwater,introduced,TRUE,FirstRecords; GRIIS
"Charybdis hellerii (A. Milne-Edwards, 1867); Charybdis hellerii (A.Milne-Edwards, 1867)",Charybdis hellerii,Animalia,1923,Australia,AUS,3,terrestrial,"introduced (alien, exotic, non-native, nonindigenous); introduced",TRUE,SINAS; USRIIS; GRIIS
Chasmanthe aethiopica (L.) N.E.Br.,Chasmanthe aethiopica,Plantae,1500,Italy,ITA,7,terrestrial,introduced,TRUE,DAISIE; FirstRecords; GRIIS
Chasmanthe floribunda (Salisb.) N.E. Br.; Chasmanthe floribunda (Salisb.) N.E.Br.,Chasmanthe floribunda,Plantae,1869,New Zealand,NZL,6,terrestrial,"introduced (alien, exotic, non-native, nonindigenous); introduced",TRUE,SINAS; USRIIS; FirstRecords; GRIIS
Cheilanthes viridis Sw.; Cheilanthes viridis (Forssk.) Sw.,Cheilanthes viridis,Plantae,1928,United States,USA,5,terrestrial,"introduced (alien, exotic, non-native, nonindigenous); introduced",TRUE,USRIIS; FirstRecords; GRIIS
"Cheiracanthium mordax L. Koch, 1866",Cheiracanthium mordax,Animalia,NA,NA,NA,1,terrestrial,"introduced (alien, exotic, non-native, nonindigenous)",TRUE,USRIIS
"Cheirodon interruptus (Jenyns, 1842)",Cheirodon interruptus,Animalia,1960,Chile,CHL,3,freshwater,introduced,TRUE,FirstRecords; GRIIS
"Chelicorophium curvispinum (G.O.Sars, 1895)",Chelicorophium curvispinum,Animalia,1900,Belarus; Poland,BLR; POL,12,brackish; freshwater,introduced,TRUE,TrIAS; FirstRecords; GRIIS; InstytutOchronyPrzyrody
"Chelicorophium robustum (G.O.Sars, 1895)",Chelicorophium robustum,Animalia,2002,Germany,DEU,3,brackish; freshwater,introduced,TRUE,FirstRecords; GRIIS
"Chelicorophium sowinskyi (Martynov, 1924)",Chelicorophium sowinskyi,Animalia,NA,NA,NA,1,brackish; freshwater,introduced,TRUE,FirstRecords; GRIIS
Chelidonium majus L.,Chelidonium majus,Plantae,550,Czechia,CZE,12,terrestrial,"introduced (alien, exotic, non-native, nonindigenous); introduced",TRUE,DAISIE; USRIIS; FirstRecords; GRIIS
"Chelydra serpentina (Linnaeus, 1758)",Chelydra serpentina,Animalia,1900,Mexico,MEX,12,freshwater; terrestrial,introduced,TRUE,SINAS; TrIAS; FirstRecords; GRIIS
"Chenopodiastrum hybridum (L.) S.Fuentes, Uotila & Borsch",Chenopodiastrum hybridum,Plantae,1500,Poland,POL,11,terrestrial,introduced,TRUE,FirstRecords; GRIIS; InstytutOchronyPrzyrody
"Chenopodiastrum murale (L.) S.Fuentes, Uotila & Borsch",Chenopodiastrum murale,Plantae,1500,Poland,POL,41,terrestrial,"introduced (alien, exotic, non-native, nonindigenous); introduced",TRUE,USRIIS; FirstRecords; GRIIS; Artsdatabanken; InstytutOchronyPrzyrody
Chenopodium album L.,Chenopodium album,Plantae,1500,Czechia,CZE,59,terrestrial,"introduced (alien, exotic, non-native, nonindigenous); introduced",TRUE,DAISIE; USRIIS; FirstRecords; GRIIS; InstytutOchronyPrzyrody
Chenopodium album var. album,Chenopodium album album,Plantae,NA,NA,NA,2,terrestrial,introduced,TRUE,GRIIS
Chenopodium ficifolium Sm.,Chenopodium ficifolium,Plantae,-5300,Czechia,CZE,18,freshwater; terrestrial,"introduced (alien, exotic, non-native, nonindigenous); introduced",TRUE,DAISIE; USRIIS; FirstRecords; GRIIS; Artsdatabanken; InstytutOchronyPrzyrody
Chenopodium giganteum D.Don,Chenopodium giganteum,Plantae,1905,Austria,AUT,16,terrestrial,introduced,TRUE,TrIAS; FirstRecords; GRIIS
Chenopodium hircinum Schrad.,Chenopodium hircinum,Plantae,1500,Germany,DEU,12,terrestrial,"introduced (alien, exotic, non-native, nonindigenous); introduced",TRUE,DAISIE; USRIIS; TrIAS; FirstRecords; GRIIS
Chenopodium nutans (R.Br.) S.Fuentes & Borsch,Chenopodium nutans,Plantae,NA,NA,NA,3,terrestrial,introduced,TRUE,FirstRecords; GRIIS
Chenopodium vulvaria L.,Chenopodium vulvaria,Plantae,550,Czechia,CZE,18,freshwater; terrestrial,"introduced (alien, exotic, non-native, nonindigenous); introduced",TRUE,DAISIE; USRIIS; FirstRecords; GRIIS; InstytutOchronyPrzyrody
"Cherax destructor Clark, 1936",Cherax destructor,Animalia,1983,Spain,ESP,7,brackish; freshwater,introduced,TRUE,FirstRecords; GRIIS
"Cherax quadricarinatus (von Martens, 1868)",Cherax quadricarinatus,Animalia,1980,China,CHN,24,brackish; freshwater; marine,"introduced (alien, exotic, non-native, nonindigenous); introduced",TRUE,USRIIS; FirstRecords; GRIIS
"Cherax tenuimanus Smith, 1912",Cherax tenuimanus,Animalia,1986,China,CHN,10,brackish; freshwater,introduced,TRUE,FirstRecords; GRIIS
"Chilo partellus Swinhoe, 1885",Chilo partellus,Animalia,NA,NA,NA,2,terrestrial,introduced,TRUE,FirstRecords; GRIIS
"Chilo suppressalis (Walker, 1863); Chilo suppressalis Walker, 1863",Chilo suppressalis,Animalia,1949,Spain,ESP,4,terrestrial,"introduced (alien, exotic, non-native, nonindigenous); introduced",TRUE,"SINAS, DAISIE; USRIIS; FirstRecords; GRIIS"
Chimonobambusa quadrangularis (Franceschi) Makino,Chimonobambusa quadrangularis,Plantae,1500,United Kingdom,GBR,3,terrestrial,introduced,TRUE,DAISIE; FirstRecords; GRIIS
Chloris barbata Sw.,Chloris barbata,Plantae,1851,Singapore,SGP,39,terrestrial,"introduced (alien, exotic, non-native, nonindigenous); introduced",TRUE,USRIIS; FirstRecords; GRIIS
Chloris divaricata R. Br.; Chloris divaricata R.Br.,Chloris divaricata,Plantae,1889,Belgium,BEL,6,terrestrial,"introduced (alien, exotic, non-native, nonindigenous); introduced",TRUE,USRIIS; TrIAS; FirstRecords; GRIIS
Chloris gayana Kunth,Chloris gayana,Plantae,1900,Spain,ESP,28,terrestrial,"introduced (alien, exotic, non-native, nonindigenous); introduced",TRUE,DAISIE; USRIIS; FirstRecords; GRIIS
Chloris radiata (L.) Sw.,Chloris radiata,Plantae,1851,United States,USA,9,terrestrial,"introduced (alien, exotic, non-native, nonindigenous); introduced",TRUE,USRIIS; FirstRecords; GRIIS
Chloris virgata Sw.,Chloris virgata,Plantae,1858,United Kingdom,GBR,29,terrestrial,"introduced (alien, exotic, non-native, nonindigenous); introduced",TRUE,SINAS; USRIIS; TrIAS; FirstRecords; GRIIS
"Chlorocebus aethiops (Linnaeus, 1758)",Chlorocebus aethiops,Animalia,1600,Barbados,BRB,3,terrestrial,introduced,TRUE,SINAS; FirstRecords; GRIIS
"Chlorocebus sabaeus (Linnaeus, 1766)",Chlorocebus sabaeus,Animalia,1465,Cape Verde,CPV,3,terrestrial,"introduced (alien, exotic, non-native, nonindigenous); introduced",TRUE,SINAS; USRIIS; FirstRecords; GRIIS
"Chlorophorus annularis (Fabricius, 1787)",Chlorophorus annularis,Animalia,NA,NA,NA,5,terrestrial,"introduced (alien, exotic, non-native, nonindigenous); introduced",TRUE,USRIIS; FirstRecords; GRIIS
Chlorophytum comosum (Thunb.) Jacques,Chlorophytum comosum,Plantae,1500,Italy,ITA,12,terrestrial,"introduced (alien, exotic, non-native, nonindigenous); introduced",TRUE,DAISIE; USRIIS; TrIAS; FirstRecords; GRIIS
Chondrilla juncea L.,Chondrilla juncea,Plantae,1897,Australia,AUS,11,terrestrial,"introduced (alien, exotic, non-native, nonindigenous); introduced",TRUE,USRIIS; TrIAS; FirstRecords; GRIIS
Chorispora tenella (Pall.) DC.,Chorispora tenella,Plantae,1500,Italy,ITA,24,freshwater; terrestrial,"introduced (alien, exotic, non-native, nonindigenous); introduced",TRUE,DAISIE; USRIIS; TrIAS; FirstRecords; GRIIS
Christella dentata (Forssk.) Brownsey & Jermy,Christella dentata,Plantae,1500,Italy,ITA,20,freshwater; terrestrial,introduced,TRUE,DAISIE; FirstRecords; GRIIS
"Chromaphis juglandicola (Kaltenbach, 1843)",Chromaphis juglandicola,Animalia,1758,Sweden,SWE,5,terrestrial,"introduced (alien, exotic, non-native, nonindigenous); introduced",TRUE,SINAS; USRIIS; GRIIS
Chromolaena odorata (L.) R.M. King and H. Rob.; Chromolaena odorata (L.) R.M.King & H.Rob.,Chromolaena odorata,Plantae,1825,Nepal,NPL,55,terrestrial,"introduced (alien, exotic, non-native, nonindigenous); introduced",TRUE,USRIIS; FirstRecords; GRIIS; GRIIS ; J.Ganglo_BEN_2026
"Chrysanthemum segetum Forssk. ex DC., 1838",Chrysanthemum segetum,Plantae,1500,Switzerland,CHE,11,freshwater; terrestrial,introduced,TRUE,DAISIE; FirstRecords; GRIIS
"Chrysis marginata aliunda Linsenmaier, 1959",Chrysis marginata aliunda,Animalia,NA,NA,NA,1,terrestrial,introduced,TRUE,FirstRecords; GRIIS
Chrysobalanus icaco L.,Chrysobalanus icaco,Plantae,1960,India,IND,10,terrestrial,"introduced (alien, exotic, non-native, nonindigenous); introduced",TRUE,USRIIS; FirstRecords; GRIIS
Chrysobalanus icaco subsp. atacorensis (A.Chev.) F.White,Chrysobalanus icaco atacorensis,Plantae,NA,NA,NA,1,terrestrial,introduced,TRUE,FirstRecords; GRIIS
"Chrysodeixis chalcites (Esper, 1789)",Chrysodeixis chalcites,Animalia,NA,NA,NA,2,terrestrial,introduced,TRUE,FirstRecords; GRIIS
Chrysojasminum humile (L.) Banfi,Chrysojasminum humile,Plantae,NA,NA,NA,4,terrestrial,introduced,TRUE,FirstRecords; GRIIS
"Chrysolina americana (Linnaeus, 1758)",Chrysolina americana,Animalia,1963,United Kingdom,GBR,6,terrestrial,introduced,TRUE,DAISIE; TrIAS; FirstRecords; GRIIS
"Chrysomphalus aonidum (Linnaeus, 1758)",Chrysomphalus aonidum,Animalia,1880,United States,USA,2,terrestrial,"introduced (alien, exotic, non-native, nonindigenous); introduced",TRUE,USRIIS; GRIIS
"Chrysomya albiceps (Wiedemann, 1819)",Chrysomya albiceps,Animalia,NA,NA,NA,3,terrestrial,introduced,TRUE,FirstRecords; GRIIS
"Chrysomya chloropyga (Wiedemann, 1818)",Chrysomya chloropyga,Animalia,1977,Spain,ESP,1,terrestrial,introduced,TRUE,FirstRecords; GRIIS
"Chrysomya megacephala (Fabricius, 1794)",Chrysomya megacephala,Animalia,1978,Spain,ESP,5,terrestrial,"introduced (alien, exotic, non-native, nonindigenous); introduced",TRUE,USRIIS; FirstRecords; GRIIS
"Chrysomya rufifacies (Macquart, 1844)",Chrysomya rufifacies,Animalia,1911,New Zealand,NZL,3,terrestrial,"introduced (alien, exotic, non-native, nonindigenous); introduced",TRUE,SINAS; USRIIS; FirstRecords; GRIIS
Chrysophyllum cainito L.,Chrysophyllum cainito,Plantae,1794,Nigeria,NGA,10,terrestrial,introduced,TRUE,SINAS; FirstRecords; GRIIS
Chrysopogon aciculatus (Retz.) Trin.,Chrysopogon aciculatus,Plantae,1840,Indonesia,IDN,20,terrestrial,introduced,TRUE,SINAS; FirstRecords; GRIIS
Chrysopogon zizanioides (L.) Roberty,Chrysopogon zizanioides,Plantae,1896,Indonesia,IDN,21,terrestrial,"introduced (alien, exotic, non-native, nonindigenous); introduced",TRUE,SINAS; USRIIS; FirstRecords; GRIIS
Chusquea scandens Kunth,Chusquea scandens,Plantae,NA,NA,NA,1,terrestrial,introduced,TRUE,FirstRecords; GRIIS
"Cichla kelberi Kullander & Ferreira, 2006",Cichla kelberi,Animalia,NA,NA,NA,1,freshwater,introduced,TRUE,FirstRecords; GRIIS
"Cichla ocellaris Bloch and Schneider, 1801; Cichla ocellaris Bloch & Schneider, 1801",Cichla ocellaris,Animalia,1957,United States,USA,11,brackish; freshwater,"introduced (alien, exotic, non-native, nonindigenous); introduced",TRUE,USRIIS; FirstRecords; GRIIS
"Cichla orinocensis Humboldt, 1821",Cichla orinocensis,Animalia,NA,NA,NA,1,freshwater,introduced,TRUE,FirstRecords; GRIIS
"Cichla piquiti Kullander & Ferreira, 2006",Cichla piquiti,Animalia,NA,NA,NA,2,freshwater,introduced,TRUE,FirstRecords; GRIIS
"Cichlasoma bimaculatum (Linnaeus, 1758)",Cichlasoma bimaculatum,Animalia,1965,United States,USA,2,freshwater,"introduced (alien, exotic, non-native, nonindigenous); introduced",TRUE,USRIIS; FirstRecords; GRIIS
"Cichlasoma urophthalmus (Günther, 1862)",Cichlasoma urophthalmus,Animalia,NA,NA,NA,2,brackish; freshwater,introduced,TRUE,GRIIS
Cichorium endivia L.,Cichorium endivia,Plantae,1814,India,IND,17,terrestrial,"introduced (alien, exotic, non-native, nonindigenous); introduced",TRUE,USRIIS; TrIAS; FirstRecords; GRIIS
Cichorium intybus L.,Cichorium intybus,Plantae,1500,Poland,POL,28,freshwater; terrestrial,"introduced (alien, exotic, non-native, nonindigenous); introduced",TRUE,USRIIS; FirstRecords; GRIIS; InstytutOchronyPrzyrody
Cichorium intybus subsp. intybus,Cichorium intybus intybus,Plantae,1500,Poland,POL,2,terrestrial,introduced,TRUE,FirstRecords; GRIIS; InstytutOchronyPrzyrody
"Cinara cupressi (Buckton, 1881)",Cinara cupressi,Animalia,1879,United Kingdom,GBR,3,terrestrial,"introduced (alien, exotic, non-native, nonindigenous); introduced",TRUE,DAISIE; USRIIS; GRIIS
"Cinara curvipes (Patch, 1912)",Cinara curvipes,Animalia,1999,United Kingdom,GBR,2,terrestrial,introduced,TRUE,"GBIF, SINAS, DAISIE; GRIIS; InstytutOchronyPrzyrody"
Cinchona pubescens Vahl,Cinchona pubescens,Plantae,1865,Indonesia; India,IDN; IND,12,terrestrial,"introduced (alien, exotic, non-native, nonindigenous); introduced",TRUE,USRIIS; FirstRecords; GRIIS
Cinnamomum burmanni (Nees & T.Nees) Blume,Cinnamomum burmanni,Plantae,NA,NA,NA,2,terrestrial,introduced,TRUE,FirstRecords; GRIIS
Cinnamomum camphora (L.) J. Presl; Cinnamomum camphora (L.) J.Presl,Cinnamomum camphora,Plantae,1824,South Africa,ZAF,27,terrestrial,"introduced (alien, exotic, non-native, nonindigenous); introduced",TRUE,USRIIS; FirstRecords; GRIIS
Cinnamomum verum J. Presl; Cinnamomum verum J.Presl,Cinnamomum verum,Plantae,1767,Venezuela,VEN,30,terrestrial,"introduced (alien, exotic, non-native, nonindigenous); introduced",TRUE,USRIIS; FirstRecords; GRIIS
"Cipangopaludina chinensis (Gray, 1834); Cipangopaludina chinensis (J.E.Gray, 1833)",Cipangopaludina chinensis,Animalia,1900,United States,USA,5,freshwater,"introduced (alien, exotic, non-native, nonindigenous); introduced",TRUE,USRIIS; TrIAS; FirstRecords; GRIIS; Artsdatabanken
"Cirrhinus cirrhosus (Bloch, 1795)",Cirrhinus cirrhosus,Animalia,1960,Mauritius; Malaysia,MUS; MYS,9,brackish; freshwater,introduced,TRUE,FirstRecords; GRIIS
"Cirrhinus mrigala (Hamilton, 1822)",Cirrhinus mrigala,Animalia,NA,NA,NA,4,brackish; freshwater,introduced,TRUE,FirstRecords; GRIIS
Cirsium arvense (L.) Scop.,Cirsium arvense,Plantae,1650,United States,USA,14,terrestrial,"introduced (alien, exotic, non-native, nonindigenous); introduced",TRUE,USRIIS; FirstRecords; GRIIS
Cirsium mexicanum DC.,Cirsium mexicanum,Plantae,NA,NA,NA,2,terrestrial,introduced,TRUE,FirstRecords; GRIIS
Cirsium palustre (L.) Scop.,Cirsium palustre,Plantae,1911,New Zealand,NZL,4,brackish; freshwater; terrestrial,"introduced (alien, exotic, non-native, nonindigenous); introduced",TRUE,SINAS; USRIIS; FirstRecords; GRIIS
Cirsium vulgare (Savi) Ten.,Cirsium vulgare,Plantae,1769,Sweden,SWE,28,terrestrial,"introduced (alien, exotic, non-native, nonindigenous); introduced",TRUE,USRIIS; FirstRecords; GRIIS; InstytutOchronyPrzyrody
Cissampelos pareira L.,Cissampelos pareira,Plantae,1835,India,IND,2,terrestrial,introduced,TRUE,FirstRecords; GRIIS
Cissus L.,Cissus,Plantae,NA,NA,NA,1,terrestrial,introduced,TRUE,GRIIS
Cissus arguta Hook.fil.,Cissus arguta,Plantae,NA,NA,NA,1,terrestrial,introduced,TRUE,FirstRecords; GRIIS
Cissus quadrangularis L.,Cissus quadrangularis,Plantae,1986,United States,USA,8,terrestrial,"introduced (alien, exotic, non-native, nonindigenous); introduced",TRUE,USRIIS; FirstRecords; GRIIS
Cissus rotundifolia (Forssk.) Vahl,Cissus rotundifolia,Plantae,1985,United States,USA,4,terrestrial,"introduced (alien, exotic, non-native, nonindigenous); introduced",TRUE,USRIIS; FirstRecords; GRIIS
Cistus creticus L.,Cistus creticus,Plantae,NA,NA,NA,1,terrestrial,introduced,TRUE,FirstRecords; GRIIS
Citharexylum caudatum L.,Citharexylum caudatum,Plantae,1937,United States,USA,3,terrestrial,"introduced (alien, exotic, non-native, nonindigenous); introduced",TRUE,USRIIS; FirstRecords; GRIIS
Citharexylum ellipticum Moc. & Sessé ex D.Don,Citharexylum ellipticum,Plantae,NA,NA,NA,1,terrestrial,introduced,TRUE,FirstRecords; GRIIS
Citharexylum spinosum L.,Citharexylum spinosum,Plantae,1815,India,IND,9,terrestrial,"introduced (alien, exotic, non-native, nonindigenous); introduced",TRUE,USRIIS; FirstRecords; GRIIS
"Citrostichus phyllocnistoides (Narayanan, 1960)",Citrostichus phyllocnistoides,Animalia,1995,Israel,ISR,3,terrestrial,introduced: assisted colonization; introduced,TRUE,USRIIS; FirstRecords; GRIIS
Citrullus colocynthis (L.) Schrad.,Citrullus colocynthis,Plantae,1500,Bulgaria,BGR,9,terrestrial,"introduced (alien, exotic, non-native, nonindigenous); introduced",TRUE,DAISIE; USRIIS; FirstRecords; GRIIS
Citrullus lanatus (Thunb.) Matsum. and Nakai; Citrullus lanatus (Thunb.) Matsum. & Nakai,Citrullus lanatus,Plantae,1500,Italy,ITA,44,freshwater; terrestrial,"introduced (alien, exotic, non-native, nonindigenous); introduced",TRUE,DAISIE; USRIIS; TrIAS; FirstRecords; GRIIS
Citrus × aurantiifolia (Christm.) Swingle,Citrus aurantiifolia,Plantae,1337,Nigeria,NGA,23,terrestrial,introduced,TRUE,SINAS; FirstRecords; GRIIS
Citrus ×aurantium L.; Citrus × aurantium L.,Citrus aurantium,Plantae,1337,Nigeria,NGA,33,terrestrial,introduced,TRUE,SINAS; TrIAS; FirstRecords; GRIIS
Citrus × limon (L.) Osbeck,Citrus limon,Plantae,1337,Nigeria,NGA,27,terrestrial,introduced,TRUE,SINAS; FirstRecords; GRIIS
Citrus medica L.,Citrus medica,Plantae,1337,Nigeria,NGA,11,terrestrial,"introduced (alien, exotic, non-native, nonindigenous); introduced",TRUE,SINAS; USRIIS; FirstRecords; GRIIS
Citrus trifoliata L.,Citrus trifoliata,Plantae,NA,NA,NA,5,terrestrial,introduced,TRUE,FirstRecords; GRIIS
"Civettictis civetta (Schreber, 1776)",Civettictis civetta,Animalia,NA,NA,NA,1,terrestrial,introduced,TRUE,FirstRecords; GRIIS
Cladanthus mixtus (L.) Chevall.,Cladanthus mixtus,Plantae,1832,United Kingdom,GBR,7,terrestrial,"introduced (alien, exotic, non-native, nonindigenous); introduced",TRUE,SINAS; USRIIS; TrIAS; FirstRecords; GRIIS
"Clarias batrachus (Linnaeus, 1758)",Clarias batrachus,Animalia,1939,Indonesia,IDN,13,brackish; freshwater,"introduced (alien, exotic, non-native, nonindigenous); introduced",TRUE,USRIIS; FirstRecords; GRIIS
"Clarias fuscus (Lacepede, 1803); Clarias fuscus (Lacepède, 1803)",Clarias fuscus,Animalia,1900,United States,USA,2,freshwater,"introduced (alien, exotic, non-native, nonindigenous); introduced",TRUE,USRIIS; FirstRecords; GRIIS
"Clarias gariepinus (Burchell, 1822)",Clarias gariepinus,Animalia,1972,Côte d'Ivoire; Cameroon; Democratic Republic of the Congo,CIV; CMR; COD,40,brackish; freshwater,introduced,TRUE,TrIAS; FirstRecords; GRIIS
"Clarias macrocephalus Günther, 1864",Clarias macrocephalus,Animalia,1950,Malaysia,MYS,4,brackish; freshwater,introduced,TRUE,FirstRecords; GRIIS
Claytonia sibirica L.,Claytonia sibirica,Plantae,1500,Bulgaria,BGR,14,terrestrial,introduced,TRUE,DAISIE; TrIAS; FirstRecords; GRIIS; Artsdatabanken
Clematis alpina (L.) Mill.,Clematis alpina,Plantae,1998,Sweden,SWE,3,terrestrial,introduced,TRUE,FirstRecords; GRIIS; Artsdatabanken
Clematis flammula L.,Clematis flammula,Plantae,1500,Czechia,CZE,7,terrestrial,introduced,TRUE,DAISIE; TrIAS; FirstRecords; GRIIS
Clematis orientalis L.,Clematis orientalis,Plantae,1500,United Kingdom,GBR,5,terrestrial,"introduced (alien, exotic, non-native, nonindigenous); introduced",TRUE,DAISIE; USRIIS; FirstRecords; GRIIS
Clematis tangutica (Maxim.) Korsh.,Clematis tangutica,Plantae,1890,Austria,AUT,12,freshwater; terrestrial,"introduced (alien, exotic, non-native, nonindigenous); introduced",TRUE,USRIIS; TrIAS; FirstRecords; GRIIS
Clematis terniflora DC.,Clematis terniflora,Plantae,1968,India,IND,6,terrestrial,"introduced (alien, exotic, non-native, nonindigenous); introduced",TRUE,USRIIS; FirstRecords; GRIIS
Clematis vitalba L.,Clematis vitalba,Plantae,1500,Ireland,IRL,15,freshwater; terrestrial,"introduced (alien, exotic, non-native, nonindigenous); introduced",TRUE,DAISIE; USRIIS; FirstRecords; GRIIS; Artsdatabanken; InstytutOchronyPrzyrody
Clerodendrum buchananii (Roxb.) Walp.,Clerodendrum buchananii,Plantae,NA,NA,NA,2,terrestrial,introduced,TRUE,FirstRecords; GRIIS
Clerodendrum bungei Steud.,Clerodendrum bungei,Plantae,1500,Italy,ITA,9,terrestrial,"introduced (alien, exotic, non-native, nonindigenous); introduced",TRUE,DAISIE; USRIIS; TrIAS; FirstRecords; GRIIS
Clerodendrum chinense (Osbeck) Mabb.,Clerodendrum chinense,Plantae,1836,Philippines,PHL,36,terrestrial,"introduced (alien, exotic, non-native, nonindigenous); introduced",TRUE,SINAS; USRIIS; FirstRecords; GRIIS
Clerodendrum indicum (L.) Kuntze,Clerodendrum indicum,Plantae,NA,NA,NA,7,terrestrial,"introduced (alien, exotic, non-native, nonindigenous); introduced",TRUE,USRIIS; FirstRecords; GRIIS
Clerodendrum japonicum (Thunb.) Sweet,Clerodendrum japonicum,Plantae,1905,Japan,JPN,4,terrestrial,"introduced (alien, exotic, non-native, nonindigenous); introduced",TRUE,USRIIS; FirstRecords; GRIIS
Clerodendrum paniculatum L.,Clerodendrum paniculatum,Plantae,1900,Singapore,SGP,14,terrestrial,introduced,TRUE,FirstRecords; GRIIS
Clerodendrum quadriloculare (Blanco) Merr.,Clerodendrum quadriloculare,Plantae,NA,NA,NA,9,terrestrial,introduced,TRUE,FirstRecords; GRIIS
Clerodendrum speciosissimum Drapiez; Clerodendrum speciosissimum Jacob-Makoy,Clerodendrum speciosissimum,Plantae,NA,NA,NA,17,terrestrial,"introduced (alien, exotic, non-native, nonindigenous); introduced",TRUE,USRIIS; FirstRecords; GRIIS
Clibadium surinamense L.,Clibadium surinamense,Plantae,1893,Indonesia,IDN,3,terrestrial,introduced,TRUE,FirstRecords; GRIIS
Clinopodium acinos (L.) Kuntze,Clinopodium acinos,Plantae,1838,Ireland,IRL,4,terrestrial,"introduced (alien, exotic, non-native, nonindigenous); introduced",TRUE,SINAS; USRIIS; FirstRecords; GRIIS
Clitoria ternatea L.,Clitoria ternatea,Plantae,1700,India,IND,38,terrestrial,"introduced (alien, exotic, non-native, nonindigenous); introduced",TRUE,USRIIS; FirstRecords; GRIIS; B.Shrestha_NPL_2026
Clusia rosea Jacq.,Clusia rosea,Plantae,1866,Sri Lanka,LKA,8,terrestrial,"introduced (alien, exotic, non-native, nonindigenous); introduced",TRUE,USRIIS; FirstRecords; GRIIS
Cobaea scandens Cav.,Cobaea scandens,Plantae,1945,New Zealand,NZL,8,terrestrial,introduced,TRUE,FirstRecords; GRIIS
"Coccinella septempunctata Linnaeus, 1758",Coccinella septempunctata,Animalia,1979,United States,USA,3,terrestrial,introduced: assisted colonization; introduced,TRUE,USRIIS; FirstRecords; GRIIS
Coccinia grandis (L.) Voigt,Coccinia grandis,Plantae,1974,United States,USA,18,terrestrial,"introduced (alien, exotic, non-native, nonindigenous); introduced",TRUE,USRIIS; FirstRecords; GRIIS
Coccothrinax barbadensis (Lodd. ex Mart.) Becc.,Coccothrinax barbadensis,Plantae,1961,United States,USA,2,terrestrial,"introduced (alien, exotic, non-native, nonindigenous); introduced",TRUE,USRIIS; FirstRecords; GRIIS
"Coccotydaeolus krantzi Baker, 1965",Coccotydaeolus krantzi,Animalia,2013,Antarctica,ATA,1,terrestrial,introduced,TRUE,AntarcticAliens
"Cochliomyia hominivorax (Coquerel, 1858)",Cochliomyia hominivorax,Animalia,1955,United States,USA,1,terrestrial,"introduced (alien, exotic, non-native, nonindigenous)",TRUE,USRIIS
Cocos nucifera L.,Cocos nucifera,Plantae,1485,Nigeria,NGA,22,terrestrial,"introduced (alien, exotic, non-native, nonindigenous); introduced",TRUE,USRIIS; FirstRecords; GRIIS
Codiaeum variegatum (L.) Rumph. ex A.Juss.,Codiaeum variegatum,Plantae,1901,Philippines,PHL,14,terrestrial,introduced,TRUE,FirstRecords; GRIIS
Codium fragile (Suringar) Har.,Codium fragile,Plantae,NA,NA,NA,1,terrestrial,introduced,TRUE,GRIIS
Coffea arabica L.,Coffea arabica,Plantae,1790,Nigeria,NGA,27,terrestrial,"introduced (alien, exotic, non-native, nonindigenous); introduced",TRUE,SINAS; USRIIS; FirstRecords; GRIIS
Coffea canephora Pierre ex A.Froehner,Coffea canephora,Plantae,NA,NA,NA,5,terrestrial,introduced,TRUE,FirstRecords; GRIIS
Coffea liberica W. Bull ex Hiern.; Coffea liberica W.Bull,Coffea liberica,Plantae,1926,United States,USA,10,terrestrial,"introduced (alien, exotic, non-native, nonindigenous); introduced",TRUE,USRIIS; FirstRecords; GRIIS
Coix lacryma-jobi L.,Coix lacryma-jobi,Plantae,1500,Italy,ITA,43,freshwater; terrestrial,"introduced (alien, exotic, non-native, nonindigenous); introduced",TRUE,DAISIE; USRIIS; TrIAS; FirstRecords; GRIIS
Cola nitida (Vent.) Schott & Endl.,Cola nitida,Plantae,NA,NA,NA,3,terrestrial,introduced,TRUE,FirstRecords; GRIIS
Colchicum autumnale L.,Colchicum autumnale,Plantae,1816,Sweden,SWE,8,terrestrial,"introduced (alien, exotic, non-native, nonindigenous); introduced",TRUE,USRIIS; FirstRecords; GRIIS; Artsdatabanken
"Coleophora laricella (Hubner); Coleophora laricella (Hübner, 1817)",Coleophora laricella,Animalia,1886,United States,USA,5,terrestrial,"introduced (alien, exotic, non-native, nonindigenous); introduced",TRUE,USRIIS; FirstRecords; GRIIS
Coleostephus myconis (L.) Rchb.fil.,Coleostephus myconis,Plantae,1500,Czechia,CZE,8,terrestrial,introduced,TRUE,DAISIE; FirstRecords; GRIIS
Coleus amboinicus Lour.,Coleus amboinicus,Plantae,1957,Australia,AUS,19,terrestrial,introduced,TRUE,FirstRecords; GRIIS
Coleus barbatus (Andrews) Benth. ex G.Don,Coleus barbatus,Plantae,1947,South Africa,ZAF,3,terrestrial,introduced,TRUE,SINAS; FirstRecords; GRIIS
Coleus scutellarioides (L.) Benth.,Coleus scutellarioides,Plantae,1890,United States,USA,28,terrestrial,"introduced (alien, exotic, non-native, nonindigenous); introduced",TRUE,USRIIS; FirstRecords; GRIIS
"Colinus virginianus (Linnaeus, 1758)",Colinus virginianus,Animalia,1700,Haiti,HTI,10,freshwater; terrestrial,introduced: assisted colonization; introduced,TRUE,USRIIS; TrIAS; FirstRecords; GRIIS
Collomia linearis Nutt.,Collomia linearis,Plantae,1500,Italy,ITA,7,freshwater; terrestrial,"introduced (alien, exotic, non-native, nonindigenous); introduced",TRUE,DAISIE; USRIIS; FirstRecords; GRIIS
Colocasia esculenta (L.) Schott,Colocasia esculenta,Plantae,1305,Nigeria,NGA,62,freshwater; terrestrial,"introduced (alien, exotic, non-native, nonindigenous); introduced",TRUE,USRIIS; FirstRecords; GRIIS
"Colomesus psittacus (Bloch & Schneider, 1801)",Colomesus psittacus,Animalia,NA,NA,NA,1,brackish; freshwater; marine,introduced,TRUE,FirstRecords; GRIIS
"Colossoma macropomum (Cuvier, 1816)",Colossoma macropomum,Animalia,1980,Panama,PAN,16,freshwater; terrestrial,introduced,TRUE,FirstRecords; GRIIS
Colubrina asiatica (L.) Brongn.,Colubrina asiatica,Plantae,NA,NA,NA,5,terrestrial,"introduced (alien, exotic, non-native, nonindigenous); introduced",TRUE,USRIIS; FirstRecords; GRIIS
"Columba guinea Linnaeus, 1758",Columba guinea,Animalia,NA,NA,NA,1,freshwater; terrestrial,introduced,TRUE,FirstRecords; GRIIS
"Columba livia J. F. Gmelin, 1789; Columba livia J.F.Gmelin, 1789",Columba livia,Animalia,1299,United Kingdom,GBR,87,freshwater; terrestrial,introduced: assisted colonization; introduced,TRUE,USRIIS; TrIAS; FirstRecords; GRIIS; InstytutOchronyPrzyrody
Colutea arborescens L.,Colutea arborescens,Plantae,1500,United Kingdom,GBR,11,freshwater; terrestrial,"introduced (alien, exotic, non-native, nonindigenous); introduced",TRUE,DAISIE; USRIIS; TrIAS; FirstRecords; GRIIS
Combretum indicum (L.) DeFilipps; Combretum indicum (L.) De Filipps,Combretum indicum,Plantae,1850,Nigeria,NGA,23,freshwater; terrestrial,"introduced (alien, exotic, non-native, nonindigenous); introduced",TRUE,SINAS; USRIIS; FirstRecords; GRIIS
Commelina benghalensis L.,Commelina benghalensis,Plantae,1893,Indonesia,IDN,33,terrestrial,"introduced (alien, exotic, non-native, nonindigenous); introduced",TRUE,SINAS; USRIIS; FirstRecords; GRIIS
Commelina communis L.,Commelina communis,Plantae,1500,Bulgaria,BGR,31,terrestrial,"introduced (alien, exotic, non-native, nonindigenous); introduced",TRUE,DAISIE; USRIIS; TrIAS; FirstRecords; GRIIS
Commelina diffusa Burm. f.; Commelina diffusa Burm.f.,Commelina diffusa,Plantae,1835,United States,USA,35,terrestrial,"introduced (alien, exotic, non-native, nonindigenous); introduced",TRUE,USRIIS; TrIAS; FirstRecords; GRIIS
Commelina obliqua Vahl,Commelina obliqua,Plantae,1999,Belgium,BEL,2,terrestrial,introduced,TRUE,TrIAS; FirstRecords; GRIIS
"Comstockaspis perniciosa (Comstock) , 1881",Comstockaspis perniciosa,Animalia,NA,NA,NA,1,terrestrial,introduced,TRUE,GRIIS
Conicosia pugioniformis (L.) N.E. Br.; Conicosia pugioniformis (L.) N.E.Br.,Conicosia pugioniformis,Plantae,NA,NA,NA,2,terrestrial,"introduced (alien, exotic, non-native, nonindigenous); introduced",TRUE,USRIIS; FirstRecords; GRIIS
Conium maculatum L.,Conium maculatum,Plantae,550,Czechia,CZE,32,brackish; freshwater; terrestrial,"introduced (alien, exotic, non-native, nonindigenous); introduced",TRUE,DAISIE; USRIIS; FirstRecords; GRIIS; Artsdatabanken; InstytutOchronyPrzyrody
Conocarpus erectus L.,Conocarpus erectus,Plantae,1935,United States,USA,7,terrestrial,"introduced (alien, exotic, non-native, nonindigenous); introduced",TRUE,USRIIS; FirstRecords; GRIIS
Conringia orientalis (L.) Dumort.,Conringia orientalis,Plantae,-2200,Czechia,CZE,21,freshwater; terrestrial,"introduced (alien, exotic, non-native, nonindigenous); introduced",TRUE,DAISIE; USRIIS; TrIAS; FirstRecords; GRIIS; InstytutOchronyPrzyrody
"Contarinia baeri (Prell, 1931)",Contarinia baeri,Animalia,1960,United States,USA,2,terrestrial,"introduced (alien, exotic, non-native, nonindigenous); introduced",TRUE,USRIIS; FirstRecords; GRIIS
"Contarinia constricta Condrashoff, 1961",Contarinia constricta,Animalia,NA,NA,NA,1,terrestrial,introduced,TRUE,FirstRecords; GRIIS
"Contarinia pisi (Winnertz, 1854)",Contarinia pisi,Animalia,1898,France,FRA,6,terrestrial,introduced,TRUE,DAISIE; FirstRecords; GRIIS; Artsdatabanken
"Contarinia pseudotsugae Condrashoff, 1961",Contarinia pseudotsugae,Animalia,NA,NA,NA,1,terrestrial,introduced,TRUE,FirstRecords; GRIIS
"Contarinia pyrivora (Riley, 1886)",Contarinia pyrivora,Animalia,1877,United States,USA,3,terrestrial,"introduced (alien, exotic, non-native, nonindigenous); introduced",TRUE,USRIIS; FirstRecords; GRIIS; Artsdatabanken
"Contarinia quinquenotata (Löw, 1888)",Contarinia quinquenotata,Animalia,1885,Austria; Sweden,AUT; SWE,8,terrestrial,"introduced (alien, exotic, non-native, nonindigenous); introduced",TRUE,USRIIS; FirstRecords; GRIIS
Convallaria majalis L.,Convallaria majalis,Plantae,1500,Ireland,IRL,5,terrestrial,"introduced (alien, exotic, non-native, nonindigenous); introduced",TRUE,DAISIE; USRIIS; FirstRecords; GRIIS
Convolvulus arvensis L.,Convolvulus arvensis,Plantae,-5300,Czechia,CZE,37,terrestrial,"introduced (alien, exotic, non-native, nonindigenous); introduced",TRUE,DAISIE; USRIIS; FirstRecords; GRIIS
"Conyza sumatrensis (S.F.Blake) Pruski & G.Sancho, 2006",Conyza sumatrensis,Plantae,1500,Germany,DEU,23,terrestrial,introduced,TRUE,DAISIE; FirstRecords; GRIIS
Coprosma repens A. Rich.; Coprosma repens A.Rich.,Coprosma repens,Plantae,1500,United Kingdom,GBR,4,terrestrial,"introduced (alien, exotic, non-native, nonindigenous); introduced",TRUE,DAISIE; USRIIS; FirstRecords; GRIIS
"Coptodon rendalli (Boulenger, 1897)",Coptodon rendalli,Animalia,1948,Zambia,ZMB,24,brackish; freshwater,introduced,TRUE,FirstRecords; GRIIS
"Coptodon tholloni (Sauvage, 1884)",Coptodon tholloni,Animalia,NA,NA,NA,1,freshwater,introduced,TRUE,FirstRecords; GRIIS
"Coptodon zillii (Gervais, 1848)",Coptodon zillii,Animalia,1943,Antigua & Barbuda,ATG,29,brackish; freshwater,"introduced (alien, exotic, non-native, nonindigenous); introduced",TRUE,SINAS; USRIIS; FirstRecords; GRIIS; M.McGeoch_AUS_2025
"Coptotermes formosanus Shiraki, 1909",Coptotermes formosanus,Animalia,1600,Japan,JPN,5,terrestrial,"introduced (alien, exotic, non-native, nonindigenous); introduced",TRUE,USRIIS; FirstRecords; GRIIS
"Corbicula fluminalis (O.F.Müller, 1774)",Corbicula fluminalis,Animalia,1980,France,FRA,15,freshwater,introduced,TRUE,TrIAS; FirstRecords; GRIIS; InstytutOchronyPrzyrody
"Corbicula fluminea (O. F. Müller, 1774); Corbicula fluminea (O.F.Müller, 1774)",Corbicula fluminea,Animalia,1900,Canada,CAN,33,brackish; freshwater; marine,"introduced (alien, exotic, non-native, nonindigenous); introduced",TRUE,USRIIS; TrIAS; FirstRecords; GRIIS; InstytutOchronyPrzyrody
"Corbicula largillierti (Philippi, 1844); Corbicula largillierti (R.A.Philippi, 1844)",Corbicula largillierti,Animalia,1970,Argentina,ARG,4,brackish; freshwater,"introduced (alien, exotic, non-native, nonindigenous); introduced",TRUE,USRIIS; FirstRecords; GRIIS
"Corbicula leana Prime, 1864",Corbicula leana,Animalia,NA,NA,NA,1,freshwater,introduced,TRUE,GRIIS
Corchorus aestuans L.,Corchorus aestuans,Plantae,1803,Australia,AUS,17,terrestrial,"introduced (alien, exotic, non-native, nonindigenous); introduced",TRUE,USRIIS; FirstRecords; GRIIS
Corchorus fascicularis Lam.,Corchorus fascicularis,Plantae,NA,NA,NA,3,terrestrial,introduced,TRUE,FirstRecords; GRIIS
Corchorus hirtus L.,Corchorus hirtus,Plantae,2011,Afghanistan,AFG,2,terrestrial,introduced,TRUE,CABI; FirstRecords; GRIIS
Corchorus olitorius L.,Corchorus olitorius,Plantae,1571,Cyprus,CYP,21,terrestrial,introduced,TRUE,DAISIE; FirstRecords; GRIIS
Corchorus tridens L.,Corchorus tridens,Plantae,1894,South Africa,ZAF,4,terrestrial,"introduced (alien, exotic, non-native, nonindigenous); introduced",TRUE,USRIIS; FirstRecords; GRIIS
Corchorus trilocularis L.,Corchorus trilocularis,Plantae,1847,Australia,AUS,8,terrestrial,introduced,TRUE,FirstRecords; GRIIS
"Corcyra cephalonica (Stainton, 1866)",Corcyra cephalonica,Animalia,1866,Sweden,SWE,8,terrestrial,"introduced (alien, exotic, non-native, nonindigenous); introduced",TRUE,USRIIS; FirstRecords; GRIIS
Cordia alliodora (Ruiz and Pav.) Oken; Cordia alliodora (Ruiz & Pav.) Oken,Cordia alliodora,Plantae,2009,United States,USA,21,terrestrial,"introduced (alien, exotic, non-native, nonindigenous); introduced",TRUE,USRIIS; FirstRecords; GRIIS
Cordia dichotoma G. Forst.; Cordia dichotoma G.Forst.,Cordia dichotoma,Plantae,1924,Australia,AUS,7,terrestrial,"introduced (alien, exotic, non-native, nonindigenous); introduced",TRUE,SINAS; USRIIS; FirstRecords; GRIIS
"Cordia obliqua B.Heyne ex DC., 1845",Cordia obliqua,Plantae,NA,NA,NA,5,terrestrial,introduced,TRUE,FirstRecords; GRIIS
Cordia sebestena L.,Cordia sebestena,Plantae,NA,NA,NA,4,terrestrial,"introduced (alien, exotic, non-native, nonindigenous); introduced",TRUE,USRIIS; FirstRecords; GRIIS
Cordyline australis (G. Forst.) Endl.; Cordyline australis (G.Forst.) Endl.,Cordyline australis,Plantae,1500,United Kingdom,GBR,9,terrestrial,"introduced (alien, exotic, non-native, nonindigenous); introduced",TRUE,DAISIE; USRIIS; FirstRecords; GRIIS
"Cordylophora caspia (Pallas, 1771)",Cordylophora caspia,Animalia,1001,Austria,AUT,18,brackish; freshwater; marine; terrestrial,"introduced (alien, exotic, non-native, nonindigenous); introduced",TRUE,DAISIE; USRIIS; TrIAS; FirstRecords; GRIIS; Artsdatabanken; InstytutOchronyPrzyrody
"Coregonus albula (Linnaeus, 1758)",Coregonus albula,Animalia,1872,Russia,RUS,8,brackish; freshwater,introduced,TRUE,FirstRecords; GRIIS; Artsdatabanken
"Coregonus clupeaformis (Mitchill, 1818)",Coregonus clupeaformis,Animalia,1880,United Kingdom,GBR,4,brackish; freshwater,introduced,TRUE,DAISIE; FirstRecords; GRIIS
"Coregonus lavaretus (Linnaeus, 1758)",Coregonus lavaretus,Animalia,1880,Italy,ITA,12,brackish; freshwater,introduced,TRUE,"SINAS, DAISIE; TrIAS; FirstRecords; GRIIS"
"Coregonus lavaretus var. maraenoides Berg, 1916",Coregonus lavaretus maraenoides,Animalia,NA,NA,NA,1,brackish; freshwater,introduced,TRUE,GRIIS
"Coregonus migratorius (Georgi, 1775)",Coregonus migratorius,Animalia,NA,NA,NA,3,brackish; freshwater; marine,introduced,TRUE,FirstRecords; GRIIS
"Coregonus muksun (Pallas, 1814)",Coregonus muksun,Animalia,1965,Russia,RUS,4,freshwater,introduced,TRUE,"SINAS, DAISIE; FirstRecords; GRIIS"
"Coregonus pallasii Valenciennes, 1848",Coregonus pallasii,Animalia,NA,NA,NA,1,brackish; freshwater,introduced,TRUE,FirstRecords; GRIIS
"Coregonus peled (Gmelin, 1789)",Coregonus peled,Animalia,1937,Croatia,HRV,19,freshwater,introduced,TRUE,DAISIE; TrIAS; FirstRecords; GRIIS
Coreopsis lanceolata L.,Coreopsis lanceolata,Plantae,1500,Italy,ITA,19,terrestrial,"introduced (alien, exotic, non-native, nonindigenous); introduced",TRUE,DAISIE; USRIIS; TrIAS; FirstRecords; GRIIS
Coreopsis tinctoria Nutt.,Coreopsis tinctoria,Plantae,1855,Austria,AUT,22,terrestrial,introduced,TRUE,TrIAS; FirstRecords; GRIIS
Corispermum marschallii Steven,Corispermum marschallii,Plantae,1500,Bulgaria,BGR,6,terrestrial,introduced,TRUE,DAISIE; FirstRecords; GRIIS; InstytutOchronyPrzyrody
Corispermum pallasii Steven,Corispermum pallasii,Plantae,1849,Germany,DEU,15,freshwater; terrestrial,"introduced (alien, exotic, non-native, nonindigenous); introduced",TRUE,USRIIS; TrIAS; FirstRecords; GRIIS
"Cornu aspersum (O .F. Müller, 1774); Cornu aspersum (O.F.Müller, 1774)",Cornu aspersum,Animalia,1500,Chile,CHL,37,terrestrial,"introduced (alien, exotic, non-native, nonindigenous); introduced",TRUE,USRIIS; FirstRecords; GRIIS; Artsdatabanken; InstytutOchronyPrzyrody
Cornus alba L.,Cornus alba,Plantae,1500,Germany,DEU,14,freshwater; terrestrial,introduced,TRUE,DAISIE; FirstRecords; GRIIS; Artsdatabanken; InstytutOchronyPrzyrody
Cornus capitata Wall.,Cornus capitata,Plantae,1888,Australia,AUS,4,terrestrial,introduced,TRUE,FirstRecords; GRIIS
Cornus kousa Hance; Cornus kousa Bürger ex Hance,Cornus kousa,Plantae,NA,NA,NA,2,terrestrial,"introduced (alien, exotic, non-native, nonindigenous); introduced",TRUE,USRIIS; FirstRecords; GRIIS
Cornus sericea L.,Cornus sericea,Plantae,1500,Switzerland,CHE,17,freshwater; terrestrial,introduced,TRUE,DAISIE; TrIAS; FirstRecords; GRIIS; Artsdatabanken; InstytutOchronyPrzyrody
Coronilla varia L.,Coronilla varia,Plantae,1878,New Zealand,NZL,16,freshwater; terrestrial,introduced,TRUE,SINAS; TrIAS; FirstRecords; GRIIS; Artsdatabanken
Cortaderia jubata (Lemoine) Stapf,Cortaderia jubata,Plantae,1950,New Zealand,NZL,6,terrestrial,"introduced (alien, exotic, non-native, nonindigenous); introduced",TRUE,USRIIS; FirstRecords; GRIIS
Cortaderia selloana (Schult. and Schult. f.) Asch. and Graebn.; Cortaderia selloana (Schult. & Schult.f.) Asch. & Graebn.,Cortaderia selloana,Plantae,1500,United Kingdom,GBR,19,terrestrial,"introduced (alien, exotic, non-native, nonindigenous); introduced",TRUE,DAISIE; USRIIS; TrIAS; FirstRecords; GRIIS
"Corticeus pini (Panzer, 1799)",Corticeus pini,Animalia,1975,United Kingdom,GBR,3,terrestrial,introduced,TRUE,DAISIE; FirstRecords; GRIIS
"Corvus albus Statius Muller, 1776",Corvus albus,Animalia,1759,Mauritius,MUS,6,freshwater; terrestrial,introduced,TRUE,SINAS; TrIAS; FirstRecords; GRIIS
"Corvus splendens Vieillot, 1817",Corvus splendens,Animalia,1610,Mauritius,MUS,31,terrestrial,introduced,TRUE,TrIAS; FirstRecords; GRIIS
Corydalis solida (L.) Clairv.,Corydalis solida,Plantae,1500,United Kingdom,GBR,6,terrestrial,"introduced (alien, exotic, non-native, nonindigenous); introduced",TRUE,DAISIE; USRIIS; FirstRecords; GRIIS; Artsdatabanken
Corylus avellana L.,Corylus avellana,Plantae,NA,NA,NA,4,terrestrial,"introduced (alien, exotic, non-native, nonindigenous); introduced",TRUE,USRIIS; FirstRecords; GRIIS
Corymbia citriodora (Hook.) K.D. Hill and L.A.S. Johnson; Corymbia citriodora (Hook.) K.D.Hill & L.A.S.Johnson,Corymbia citriodora,Plantae,1888,Australia,AUS,19,terrestrial,"introduced (alien, exotic, non-native, nonindigenous); introduced",TRUE,SINAS; USRIIS; FirstRecords; GRIIS
Corynephorus fasciculatus Boiss. & Reut.,Corynephorus fasciculatus,Plantae,1954,South Africa,ZAF,2,terrestrial,introduced,TRUE,FirstRecords; GRIIS
"Corythucha arcuata (Say, 1832)",Corythucha arcuata,Animalia,2000,Italy,ITA,5,terrestrial,introduced,TRUE,SINAS; GRIIS; InstytutOchronyPrzyrody
"Corythucha ciliata (Say, 1832)",Corythucha ciliata,Animalia,NA,NA,NA,3,terrestrial,introduced,TRUE,GRIIS
"Cosmopolites sordidus (Germar, 1824); Cosmopolites sordidus (E.F.Germar, 1823)",Cosmopolites sordidus,Animalia,1909,China,CHN,7,terrestrial,"introduced (alien, exotic, non-native, nonindigenous); introduced",TRUE,USRIIS; FirstRecords; GRIIS
Cosmos bipinnatus Cav.,Cosmos bipinnatus,Plantae,1500,Czechia,CZE,40,freshwater; terrestrial,"introduced (alien, exotic, non-native, nonindigenous); introduced",TRUE,DAISIE; USRIIS; TrIAS; FirstRecords; GRIIS
Cosmos caudatus Kunth,Cosmos caudatus,Plantae,1888,Indonesia,IDN,23,terrestrial,"introduced (alien, exotic, non-native, nonindigenous); introduced",TRUE,SINAS; USRIIS; FirstRecords; GRIIS
Cosmos sulphureus Cav.,Cosmos sulphureus,Plantae,1900,Democratic Republic of the Congo,COD,20,terrestrial,"introduced (alien, exotic, non-native, nonindigenous); introduced",TRUE,USRIIS; TrIAS; FirstRecords; GRIIS
Costus pulverulentus C. Presl; Costus pulverulentus C.Presl,Costus pulverulentus,Plantae,1954,United States,USA,3,terrestrial,"introduced (alien, exotic, non-native, nonindigenous); introduced",TRUE,USRIIS; FirstRecords; GRIIS
Costus spicatus (Jacq.) Sw.,Costus spicatus,Plantae,NA,NA,NA,1,terrestrial,introduced,TRUE,FirstRecords; GRIIS
Costus woodsonii Maas,Costus woodsonii,Plantae,1932,United States,USA,5,terrestrial,"introduced (alien, exotic, non-native, nonindigenous); introduced",TRUE,USRIIS; FirstRecords; GRIIS
Cota tinctoria (L.) J. Gay; Cota tinctoria (L.) J.Gay,Cota tinctoria,Plantae,1658,Sweden,SWE,12,terrestrial,"introduced (alien, exotic, non-native, nonindigenous); introduced",TRUE,USRIIS; FirstRecords; GRIIS
Cota triumfetti (L.) Gay,Cota triumfetti,Plantae,NA,NA,NA,1,terrestrial,introduced,TRUE,FirstRecords; GRIIS
Cotoneaster acutifolius Turcz.,Cotoneaster acutifolius,Plantae,1500,Czechia,CZE,17,freshwater; terrestrial,"introduced (alien, exotic, non-native, nonindigenous); introduced",TRUE,DAISIE; USRIIS; TrIAS; FirstRecords; GRIIS; Artsdatabanken; InstytutOchronyPrzyrody
Cotoneaster ambiguus Rehder & E.H.Wilson,Cotoneaster ambiguus,Plantae,1974,Sweden,SWE,5,terrestrial,introduced,TRUE,TrIAS; FirstRecords; GRIIS; Artsdatabanken
Cotoneaster ascendens Flinck & B.Hylmö,Cotoneaster ascendens,Plantae,1500,United Kingdom,GBR,5,terrestrial,introduced,TRUE,DAISIE; TrIAS; FirstRecords; GRIIS; Artsdatabanken
Cotoneaster bullatus Bois; Cotoneaster bullatus Bois ex Bilm. & Bois,Cotoneaster bullatus,Plantae,1500,Germany,DEU,11,terrestrial,"introduced (alien, exotic, non-native, nonindigenous); introduced",TRUE,DAISIE; USRIIS; TrIAS; FirstRecords; GRIIS; Artsdatabanken
Cotoneaster coriaceus Franch.,Cotoneaster coriaceus,Plantae,1500,United Kingdom,GBR,7,terrestrial,introduced,TRUE,DAISIE; TrIAS; FirstRecords; GRIIS
Cotoneaster dammeri C.K. Schneid.; Cotoneaster dammeri C.K.Schneid.,Cotoneaster dammeri,Plantae,1500,Italy,ITA,11,terrestrial,"introduced (alien, exotic, non-native, nonindigenous); introduced",TRUE,DAISIE; USRIIS; TrIAS; FirstRecords; GRIIS; Artsdatabanken
Cotoneaster dielsianus E. Pritz. ex Diels; Cotoneaster dielsianus E.Pritz.,Cotoneaster dielsianus,Plantae,1500,Germany,DEU,10,terrestrial,"introduced (alien, exotic, non-native, nonindigenous); introduced",TRUE,DAISIE; USRIIS; TrIAS; FirstRecords; GRIIS; Artsdatabanken
Cotoneaster divaricatus Rehder and E.H. Wilson; Cotoneaster divaricatus Rehder & E.H.Wilson,Cotoneaster divaricatus,Plantae,1500,Germany,DEU,14,freshwater; terrestrial,"introduced (alien, exotic, non-native, nonindigenous); introduced",TRUE,DAISIE; USRIIS; TrIAS; FirstRecords; GRIIS; Artsdatabanken; InstytutOchronyPrzyrody
Cotoneaster franchetii Bois; Cotoneaster franchetii Boiss.,Cotoneaster franchetii,Plantae,1500,United Kingdom,GBR,12,terrestrial,"introduced (alien, exotic, non-native, nonindigenous); introduced",TRUE,DAISIE; USRIIS; TrIAS; FirstRecords; GRIIS
Cotoneaster glaucophyllus Franch.,Cotoneaster glaucophyllus,Plantae,1940,Australia,AUS,4,terrestrial,introduced,TRUE,FirstRecords; GRIIS
Cotoneaster hebephyllus Diels,Cotoneaster hebephyllus,Plantae,1981,United Kingdom,GBR,3,terrestrial,introduced,TRUE,FirstRecords; GRIIS; Artsdatabanken
Cotoneaster hjelmqvistii Flinck and B. Hylmo; Cotoneaster hjelmqvistii Flinck & B.Hylmö,Cotoneaster hjelmqvistii,Plantae,1500,United Kingdom,GBR,7,terrestrial,"introduced (alien, exotic, non-native, nonindigenous); introduced",TRUE,DAISIE; USRIIS; TrIAS; FirstRecords; GRIIS; Artsdatabanken
Cotoneaster horizontalis Decne.,Cotoneaster horizontalis,Plantae,1500,Germany,DEU,24,terrestrial,"introduced (alien, exotic, non-native, nonindigenous); introduced",TRUE,DAISIE; USRIIS; TrIAS; FirstRecords; GRIIS; Artsdatabanken
Cotoneaster integrifolius (Roxb.) G.Klotz,Cotoneaster integrifolius,Plantae,1895,United Kingdom,GBR,4,terrestrial,introduced,TRUE,TrIAS; FirstRecords; GRIIS
Cotoneaster latifolius J.Fryer & B.Hylmö,Cotoneaster latifolius,Plantae,1913,Norway,NOR,2,terrestrial,introduced,TRUE,SINAS; FirstRecords; GRIIS; Artsdatabanken
Cotoneaster moupinensis Franch.,Cotoneaster moupinensis,Plantae,1500,United Kingdom,GBR,6,freshwater; terrestrial,introduced,TRUE,DAISIE; TrIAS; FirstRecords; GRIIS; Artsdatabanken
Cotoneaster multiflorus Bunge,Cotoneaster multiflorus,Plantae,1950,Austria,AUT,7,terrestrial,"introduced (alien, exotic, non-native, nonindigenous); introduced",TRUE,USRIIS; FirstRecords; GRIIS; Artsdatabanken
Cotoneaster pannosus Franch.,Cotoneaster pannosus,Plantae,1500,United Kingdom,GBR,10,terrestrial,"introduced (alien, exotic, non-native, nonindigenous); introduced",TRUE,DAISIE; USRIIS; FirstRecords; GRIIS
Cotoneaster salicifolius Franch.,Cotoneaster salicifolius,Plantae,1500,United Kingdom,GBR,11,terrestrial,"introduced (alien, exotic, non-native, nonindigenous); introduced",TRUE,DAISIE; USRIIS; TrIAS; FirstRecords; GRIIS; Artsdatabanken
Cotoneaster simonsii Baker,Cotoneaster simonsii,Plantae,1500,Germany,DEU,12,terrestrial,"introduced (alien, exotic, non-native, nonindigenous); introduced",TRUE,DAISIE; USRIIS; TrIAS; FirstRecords; GRIIS
Cotoneaster ×suecicus G.Klotz; Cotoneaster × suecicus G.Klotz,Cotoneaster suecicus,Plantae,NA,NA,NA,3,terrestrial,introduced,TRUE,TrIAS; FirstRecords; GRIIS; Artsdatabanken
Cotoneaster symondsii T.Moore,Cotoneaster symondsii,Plantae,1993,Norway,NOR,1,terrestrial,introduced,TRUE,FirstRecords; GRIIS; Artsdatabanken
Cotoneaster tomentosus (Aiton) Lindl.,Cotoneaster tomentosus,Plantae,1926,Norway,NOR,3,terrestrial,introduced,TRUE,FirstRecords; GRIIS; Artsdatabanken
Cotula australis (Sieber ex Spreng.) Hook. f.; Cotula australis (Sieber ex Spreng.) Hook.fil.,Cotula australis,Plantae,1500,United Kingdom,GBR,18,terrestrial,"introduced (alien, exotic, non-native, nonindigenous); introduced",TRUE,DAISIE; USRIIS; TrIAS; FirstRecords; GRIIS
Cotula coronopifolia L.,Cotula coronopifolia,Plantae,1500,United Kingdom,GBR,23,terrestrial,"introduced (alien, exotic, non-native, nonindigenous); introduced",TRUE,DAISIE; USRIIS; TrIAS; FirstRecords; GRIIS; Artsdatabanken
"Coturnix coturnix (Linnaeus, 1758)",Coturnix coturnix,Animalia,NA,NA,NA,2,terrestrial,introduced,TRUE,FirstRecords; GRIIS
"Coturnix japonica Temminck and Schlegel, 1849; Coturnix japonica Temminck & Schlegel, 1848",Coturnix japonica,Animalia,1921,United States,USA,6,terrestrial,introduced: assisted colonization; introduced,TRUE,USRIIS; TrIAS; FirstRecords; GRIIS
Cotyledon orbiculata L.,Cotyledon orbiculata,Plantae,1500,Italy,ITA,6,terrestrial,"introduced (alien, exotic, non-native, nonindigenous); introduced",TRUE,DAISIE; USRIIS; FirstRecords; GRIIS
Coulteria cubensis (Greenm.) Sotuyo & G.P.Lewis,Coulteria cubensis,Plantae,NA,NA,NA,3,terrestrial,introduced,TRUE,FirstRecords; GRIIS
"Crangonyx floridanus Bousfield, 1963",Crangonyx floridanus,Animalia,1989,Japan,JPN,1,freshwater,introduced,TRUE,FirstRecords; GRIIS
"Crangonyx pseudogracilis Bousfield, 1958",Crangonyx pseudogracilis,Animalia,1930,United Kingdom,GBR,6,freshwater,introduced,TRUE,DAISIE; TrIAS; FirstRecords; GRIIS; Artsdatabanken
"Cranoglanis Peters, 1881",Cranoglanis,Animalia,NA,NA,NA,1,freshwater,introduced,TRUE,FirstRecords; GRIIS
"Craspedacusta sowerbii Lankester, 1880",Craspedacusta sowerbii,Animalia,1801,Austria,AUT,17,brackish; freshwater,"introduced (alien, exotic, non-native, nonindigenous); introduced",TRUE,DAISIE; USRIIS; FirstRecords; GRIIS; Artsdatabanken; InstytutOchronyPrzyrody
Crassocephalum crepidioides (Benth.) S. Moore; Crassocephalum crepidioides (Benth.) S.Moore,Crassocephalum crepidioides,Plantae,1840,Indonesia,IDN,37,brackish; freshwater,"introduced (alien, exotic, non-native, nonindigenous); introduced",TRUE,USRIIS; FirstRecords; GRIIS; B.Shrestha_NPL_2026
Crassocephalum rubens (Juss. ex Jacq.) S.Moore,Crassocephalum rubens,Plantae,2000,China,CHN,2,terrestrial,introduced,TRUE,FirstRecords; GRIIS
Crassula helmsii (Kirk) Cockayne,Crassula helmsii,Plantae,1500,United Kingdom,GBR,10,freshwater; terrestrial,introduced,TRUE,DAISIE; TrIAS; FirstRecords; GRIIS; Artsdatabanken
Crassula multicava Lem.,Crassula multicava,Plantae,1800,Spain,ESP,7,terrestrial,"introduced (alien, exotic, non-native, nonindigenous); introduced",TRUE,DAISIE; USRIIS; FirstRecords; GRIIS
Crassula muscosa L.,Crassula muscosa,Plantae,NA,NA,NA,3,terrestrial,introduced,TRUE,FirstRecords; GRIIS
Crassula ovata (Mill.) Druce,Crassula ovata,Plantae,1500,Italy,ITA,4,terrestrial,"introduced (alien, exotic, non-native, nonindigenous); introduced",TRUE,DAISIE; USRIIS; FirstRecords; GRIIS
Crassula sarmentosa Harv.,Crassula sarmentosa,Plantae,NA,NA,NA,1,terrestrial,introduced,TRUE,FirstRecords; GRIIS
Crataegus laevigata (Poir.) DC.,Crataegus laevigata,Plantae,1500,Ireland,IRL,6,freshwater; terrestrial,"introduced (alien, exotic, non-native, nonindigenous); introduced",TRUE,DAISIE; USRIIS; FirstRecords; GRIIS; Artsdatabanken
Crataegus monogyna Jacq.,Crataegus monogyna,Plantae,1770,Australia,AUS,12,freshwater; terrestrial,"introduced (alien, exotic, non-native, nonindigenous); introduced",TRUE,USRIIS; FirstRecords; GRIIS
Crataegus sanguinea Pall.,Crataegus sanguinea,Plantae,1800,Austria,AUT,5,freshwater; terrestrial,introduced,TRUE,DAISIE; FirstRecords; GRIIS; Artsdatabanken
"Craterostigma nummulariifolium (D.Don) Eb.Fisch., Schäferh. & Kai Müll.",Craterostigma nummulariifolium,Plantae,NA,NA,NA,3,freshwater; terrestrial,introduced,TRUE,FirstRecords; GRIIS
"Creaserinus fodiens (Cottle, 1863)",Creaserinus fodiens,Animalia,NA,NA,NA,1,freshwater,introduced,TRUE,GRIIS
"Crepidula fornicata (Linnaeus, 1758)",Crepidula fornicata,Animalia,1857,Norway,NOR,2,terrestrial,introduced,TRUE,SINAS; FirstRecords; GRIIS
Crepis biennis L.,Crepis biennis,Plantae,1500,Czechia,CZE,5,terrestrial,"introduced (alien, exotic, non-native, nonindigenous); introduced",TRUE,DAISIE; USRIIS; FirstRecords; GRIIS; Artsdatabanken
Crepis capillaris (L.) Wallr.,Crepis capillaris,Plantae,1500,Bulgaria,BGR,16,freshwater; terrestrial,"introduced (alien, exotic, non-native, nonindigenous); introduced",TRUE,DAISIE; USRIIS; FirstRecords; GRIIS; Artsdatabanken
Crepis foetida L.,Crepis foetida,Plantae,1500,Germany,DEU,8,terrestrial,"introduced (alien, exotic, non-native, nonindigenous); introduced",TRUE,DAISIE; USRIIS; FirstRecords; GRIIS
Crepis nicaeensis Balbis ex Pers.; Crepis nicaeensis Balb.; Crepis nicaeensis Balb. ex Pers.,Crepis nicaeensis,Plantae,1500,Slovakia,SVK,10,terrestrial,"introduced (alien, exotic, non-native, nonindigenous); introduced",TRUE,DAISIE; USRIIS; TrIAS; FirstRecords; GRIIS
Crepis setosa Haller f.; Crepis setosa Haller fil.,Crepis setosa,Plantae,-5300,Czechia,CZE,14,terrestrial,"introduced (alien, exotic, non-native, nonindigenous); introduced",TRUE,DAISIE; USRIIS; TrIAS; FirstRecords; GRIIS
Crepis tectorum L.,Crepis tectorum,Plantae,1500,Czechia,CZE,9,terrestrial,"introduced (alien, exotic, non-native, nonindigenous); introduced",TRUE,DAISIE; USRIIS; TrIAS; FirstRecords; GRIIS
Crepis vesicaria L.,Crepis vesicaria,Plantae,1500,United Kingdom,GBR,9,terrestrial,"introduced (alien, exotic, non-native, nonindigenous); introduced",TRUE,DAISIE; USRIIS; FirstRecords; GRIIS
Crinum asiaticum L.,Crinum asiaticum,Plantae,NA,NA,NA,12,terrestrial,"introduced (alien, exotic, non-native, nonindigenous); introduced",TRUE,USRIIS; FirstRecords; GRIIS
"Crioceris asparagi (Linnaeus, 1758)",Crioceris asparagi,Animalia,1801,United States,USA,2,terrestrial,"introduced (alien, exotic, non-native, nonindigenous); introduced",TRUE,USRIIS; FirstRecords; GRIIS
"Crithagra mozambica (P. L. Statius Muller, 1776); Crithagra mozambica (P.L.Statius Müller, 1776)",Crithagra mozambica,Animalia,1750,Mauritius,MUS,5,terrestrial,"introduced (alien, exotic, non-native, nonindigenous); introduced",TRUE,SINAS; USRIIS; TrIAS; FirstRecords; GRIIS
"Crocidura dsinezumi (Temminck, 1842)",Crocidura dsinezumi,Animalia,1934,South Korea,KOR,2,terrestrial,introduced,TRUE,SINAS; FirstRecords; GRIIS
"Crocidura russula (Hermann, 1780)",Crocidura russula,Animalia,-6000,Spain,ESP,3,terrestrial,introduced,TRUE,FirstRecords; GRIIS; Artsdatabanken
"Crocodylus rhombifer (Cuvier, 1807)",Crocodylus rhombifer,Animalia,NA,NA,NA,1,freshwater; terrestrial,introduced,TRUE,FirstRecords; GRIIS
Crocosmia ×crocosmiiflora (Lemoine) N.E.Br.; Crocosmia × crocosmiiflora (Lemoine) N.E.Br.,Crocosmia crocosmiiflora,Plantae,1500,United Kingdom,GBR,30,terrestrial,introduced,TRUE,DAISIE; TrIAS; FirstRecords; GRIIS
Cronquistianthus bulliferus (S.F.Blake) R.M.King & H.Rob.,Cronquistianthus bulliferus,Plantae,NA,NA,NA,1,terrestrial,introduced,TRUE,FirstRecords; GRIIS
Crotalaria agatiflora Schweinf.,Crotalaria agatiflora,Plantae,1921,South Africa,ZAF,4,terrestrial,introduced,TRUE,FirstRecords; GRIIS
Crotalaria berteroana DC.,Crotalaria berteroana,Plantae,1843,Madagascar,MDG,3,terrestrial,"introduced (alien, exotic, non-native, nonindigenous); introduced",TRUE,USRIIS; FirstRecords; GRIIS
Crotalaria brevidens Benth.,Crotalaria brevidens,Plantae,1964,South Africa,ZAF,2,terrestrial,"introduced (alien, exotic, non-native, nonindigenous); introduced",TRUE,USRIIS; FirstRecords; GRIIS
Crotalaria goreensis Guill. & Perr.,Crotalaria goreensis,Plantae,1933,Australia,AUS,9,terrestrial,introduced,TRUE,FirstRecords; GRIIS
Crotalaria grahamiana Wight & Arn.,Crotalaria grahamiana,Plantae,1907,Australia,AUS,3,terrestrial,introduced,TRUE,FirstRecords; GRIIS
Crotalaria incana L.,Crotalaria incana,Plantae,1802,Australia,AUS,23,terrestrial,"introduced (alien, exotic, non-native, nonindigenous); introduced",TRUE,USRIIS; FirstRecords; GRIIS
Crotalaria juncea L.,Crotalaria juncea,Plantae,1829,Australia,AUS,24,terrestrial,"introduced (alien, exotic, non-native, nonindigenous); introduced",TRUE,USRIIS; FirstRecords; GRIIS
Crotalaria lanceolata E. Mey.; Crotalaria lanceolata E.Mey.,Crotalaria lanceolata,Plantae,1933,Australia,AUS,4,terrestrial,"introduced (alien, exotic, non-native, nonindigenous); introduced",TRUE,USRIIS; FirstRecords; GRIIS
Crotalaria maypurensis Kunth,Crotalaria maypurensis,Plantae,NA,NA,NA,1,terrestrial,introduced,TRUE,FirstRecords; GRIIS
Crotalaria micans Link,Crotalaria micans,Plantae,1910,China,CHN,16,terrestrial,"introduced (alien, exotic, non-native, nonindigenous); introduced",TRUE,USRIIS; FirstRecords; GRIIS
Crotalaria pallida Aiton,Crotalaria pallida,Plantae,1878,Australia,AUS,24,terrestrial,"introduced (alien, exotic, non-native, nonindigenous); introduced",TRUE,USRIIS; FirstRecords; GRIIS
Crotalaria pallida var. obovata (G.Don) Polhill,Crotalaria pallida obovata,Plantae,NA,NA,NA,3,terrestrial,introduced,TRUE,FirstRecords; GRIIS
Crotalaria quinquefolia L.,Crotalaria quinquefolia,Plantae,NA,NA,NA,8,terrestrial,introduced,TRUE,FirstRecords; GRIIS
Crotalaria retusa L.,Crotalaria retusa,Plantae,1903,Congo - Kinshasa,COD,40,terrestrial,"introduced (alien, exotic, non-native, nonindigenous); introduced",TRUE,SINAS; USRIIS; FirstRecords; GRIIS
Crotalaria spectabilis Roth,Crotalaria spectabilis,Plantae,1837,Madagascar,MDG,15,terrestrial,"introduced (alien, exotic, non-native, nonindigenous); introduced",TRUE,USRIIS; FirstRecords; GRIIS
Crotalaria trichotoma Bojer,Crotalaria trichotoma,Plantae,1931,China,CHN,16,terrestrial,"introduced (alien, exotic, non-native, nonindigenous); introduced",TRUE,USRIIS; FirstRecords; GRIIS
Crotalaria verrucosa L.,Crotalaria verrucosa,Plantae,1903,Philippines,PHL,12,terrestrial,"introduced (alien, exotic, non-native, nonindigenous); introduced",TRUE,USRIIS; FirstRecords; GRIIS
Croton argenteus L.,Croton argenteus,Plantae,NA,NA,NA,3,terrestrial,"introduced (alien, exotic, non-native, nonindigenous); introduced",TRUE,USRIIS; FirstRecords; GRIIS
Croton bonplandianus Baill.,Croton bonplandianus,Plantae,1897,India,IND,13,terrestrial,"introduced (alien, exotic, non-native, nonindigenous); introduced",TRUE,USRIIS; FirstRecords; GRIIS
Croton hirtus L'Hér.,Croton hirtus,Plantae,1959,Congo - Kinshasa,COD,13,terrestrial,introduced,TRUE,SINAS; FirstRecords; GRIIS
Cruciata laevipes Opiz,Cruciata laevipes,Plantae,1500,Ireland,IRL,7,terrestrial,"introduced (alien, exotic, non-native, nonindigenous); introduced",TRUE,DAISIE; USRIIS; FirstRecords; GRIIS; Artsdatabanken
Crupina vulgaris Cass.; Crupina vulgaris (Pers.) Cass.,Crupina vulgaris,Plantae,1891,Poland,POL,3,terrestrial,"introduced (alien, exotic, non-native, nonindigenous); introduced",TRUE,SINAS; USRIIS; FirstRecords; GRIIS
"Cryptolestes pusillus (Schonherr, 1817); Cryptolestes pusillus (Schénherr, 1817)",Cryptolestes pusillus,Animalia,1875,Czechia,CZE,12,terrestrial,"introduced (alien, exotic, non-native, nonindigenous); introduced",TRUE,"SINAS, DAISIE; USRIIS; FirstRecords; GRIIS"
"Cryptolestes turcicus (Grouvelle, 1876)",Cryptolestes turcicus,Animalia,1939,Sweden,SWE,5,terrestrial,introduced,TRUE,FirstRecords; GRIIS
Cryptomeria japonica (L. f.) D. Don; Cryptomeria japonica (Thunb. ex L.f.) D.Don,Cryptomeria japonica,Plantae,1500,United Kingdom,GBR,21,terrestrial,"introduced (alien, exotic, non-native, nonindigenous); introduced",TRUE,DAISIE; USRIIS; TrIAS; FirstRecords; GRIIS
"Cryptorhynchus lapathi (Linnaeus, 1758); Cryptorhynchus lapathi (C.Linnaeus, 1758)",Cryptorhynchus lapathi,Animalia,1882,United States,USA,2,terrestrial,"introduced (alien, exotic, non-native, nonindigenous); introduced",TRUE,USRIIS; FirstRecords; GRIIS
Cryptostegia grandiflora R. Br.; Cryptostegia grandiflora (Roxb.) R.Br.,Cryptostegia grandiflora,Plantae,1849,India,IND,33,terrestrial,"introduced (alien, exotic, non-native, nonindigenous); introduced",TRUE,USRIIS; FirstRecords; GRIIS
Cryptostegia madagascariensis Bojer ex Decne.; Cryptostegia madagascariensis Bojer,Cryptostegia madagascariensis,Plantae,1926,Cuba,CUB,25,terrestrial,"introduced (alien, exotic, non-native, nonindigenous); introduced",TRUE,"CABI, SINAS; USRIIS; FirstRecords; GRIIS"
"Cryptotermes brevis (Walker, 1853)",Cryptotermes brevis,Animalia,1853,Colombia,COL,13,terrestrial,"introduced (alien, exotic, non-native, nonindigenous); introduced",TRUE,CABI; USRIIS; FirstRecords; GRIIS
"Cryptotermes dudleyi Banks, 1918",Cryptotermes dudleyi,Animalia,NA,NA,NA,1,terrestrial,introduced,TRUE,FirstRecords; GRIIS
"Crypturgus W.F.Erichson, 1836",Crypturgus,Animalia,NA,NA,NA,1,terrestrial,introduced,TRUE,FirstRecords; GRIIS
"Ctenarytaina eucalypti (Maskell, 1890)",Ctenarytaina eucalypti,Animalia,1889,New Zealand,NZL,4,terrestrial,"introduced (alien, exotic, non-native, nonindigenous); introduced",TRUE,SINAS; USRIIS; GRIIS
"Ctenocephalides felis (Bouche, 1835); Ctenocephalides felis (Bouché, 1835)",Ctenocephalides felis,Animalia,1881,Denmark,DNK,4,terrestrial,"introduced (alien, exotic, non-native, nonindigenous); introduced",TRUE,SINAS; USRIIS; GRIIS
"Ctenopharyngodon idella (Valenciennes in Cuvier and Valenciennes, 1844); Ctenopharyngodon idella (Valenciennes, 1844)",Ctenopharyngodon idella,Animalia,1878,Japan,JPN,96,brackish; freshwater,"introduced (alien, exotic, non-native, nonindigenous); introduced",TRUE,USRIIS; TrIAS; FirstRecords; GRIIS
"Ctenosaura similis (Gray, 1831)",Ctenosaura similis,Animalia,1978,United States,USA,4,brackish; freshwater,"introduced (alien, exotic, non-native, nonindigenous); introduced",TRUE,USRIIS; TrIAS; FirstRecords; GRIIS
Cucumis anguria L.,Cucumis anguria,Plantae,1916,Australia,AUS,13,terrestrial,"introduced (alien, exotic, non-native, nonindigenous); introduced",TRUE,USRIIS; FirstRecords; GRIIS
Cucumis dipsaceus Ehrenb. ex Spach,Cucumis dipsaceus,Plantae,1899,Mexico,MEX,6,terrestrial,"introduced (alien, exotic, non-native, nonindigenous); introduced",TRUE,USRIIS; TrIAS; FirstRecords; GRIIS
Cucumis melo L.,Cucumis melo,Plantae,1500,Italy,ITA,36,freshwater; terrestrial,"introduced (alien, exotic, non-native, nonindigenous); introduced",TRUE,DAISIE; USRIIS; TrIAS; FirstRecords; GRIIS
"Culex coronator Dyar and Knab, 1906",Culex coronator,Animalia,1920,United States,USA,1,brackish; freshwater; marine; terrestrial,"introduced (alien, exotic, non-native, nonindigenous)",TRUE,USRIIS
"Culex panocossa Dyar, 1923",Culex panocossa,Animalia,2016,United States,USA,1,brackish; freshwater; marine; terrestrial,"introduced (alien, exotic, non-native, nonindigenous)",TRUE,USRIIS
"Culex pipiens molestus Forskal, 1775",Culex pipiens molestus,Animalia,1981,Estonia,EST,3,freshwater; terrestrial,introduced,TRUE,FirstRecords; GRIIS
"Culex quinquefasciatus Say, 1823",Culex quinquefasciatus,Animalia,1826,United States,USA,53,freshwater; terrestrial,"introduced (alien, exotic, non-native, nonindigenous); introduced",TRUE,USRIIS; FirstRecords; GRIIS
"Culicoides kingi (Austen, 1912)",Culicoides kingi,Animalia,NA,NA,NA,1,terrestrial,introduced,TRUE,FirstRecords; GRIIS
"Cuniculus paca (Linnaeus, 1766)",Cuniculus paca,Animalia,1930,Cuba,CUB,1,terrestrial,introduced,TRUE,FirstRecords; GRIIS
Cunninghamia lanceolata (Lamb.) Hook.,Cunninghamia lanceolata,Plantae,NA,NA,NA,3,terrestrial,"introduced (alien, exotic, non-native, nonindigenous); introduced",TRUE,USRIIS; FirstRecords; GRIIS
"Cuora flavomarginata flavomarginata (Gray, 1863)",Cuora flavomarginata flavomarginata,Animalia,NA,NA,NA,1,freshwater; terrestrial,introduced,TRUE,FirstRecords; GRIIS
Cupaniopsis anacardioides (A. Rich.) Radlk.; Cupaniopsis anacardioides (A.Rich.) Radlk.,Cupaniopsis anacardioides,Plantae,1950,United States,USA,2,terrestrial,"introduced (alien, exotic, non-native, nonindigenous); introduced",TRUE,USRIIS; FirstRecords; GRIIS
Cuphea carthagenensis (Jacq.) J.F. Macbr.; Cuphea carthagenensis (Jacq.) J.F.Macbr.,Cuphea carthagenensis,Plantae,20,China,CHN,20,freshwater; terrestrial,"introduced (alien, exotic, non-native, nonindigenous); introduced",TRUE,USRIIS; FirstRecords; GRIIS
Cuphea hyssopifolia Kunth,Cuphea hyssopifolia,Plantae,1909,United States,USA,12,terrestrial,"introduced (alien, exotic, non-native, nonindigenous); introduced",TRUE,USRIIS; FirstRecords; GRIIS
Cuphea ignea A. DC.; Cuphea ignea A.DC.,Cuphea ignea,Plantae,1843,Australia,AUS,7,terrestrial,"introduced (alien, exotic, non-native, nonindigenous); introduced",TRUE,USRIIS; FirstRecords; GRIIS
Cupressus arizonica Greene,Cupressus arizonica,Plantae,1931,South Africa,ZAF,14,terrestrial,introduced,TRUE,FirstRecords; GRIIS
Cupressus goveniana Gordon,Cupressus goveniana,Plantae,NA,NA,NA,2,terrestrial,introduced,TRUE,FirstRecords; GRIIS
Cupressus lusitanica Mill.,Cupressus lusitanica,Plantae,1650,Portugal,PRT,15,terrestrial,introduced,TRUE,FirstRecords; GRIIS
Cupressus macrocarpa (Hartw.) ex Gordon; Cupressus macrocarpa Hartw. ex Gordon,Cupressus macrocarpa,Plantae,1500,United Kingdom,GBR,15,terrestrial,"introduced (alien, exotic, non-native, nonindigenous); introduced",TRUE,DAISIE; USRIIS; FirstRecords; GRIIS
Cupressus sempervirens L.,Cupressus sempervirens,Plantae,1500,Italy,ITA,17,terrestrial,introduced,TRUE,DAISIE; FirstRecords; GRIIS
Curculigo capitulata (Lour.) Kuntze,Curculigo capitulata,Plantae,NA,NA,NA,4,terrestrial,introduced,TRUE,FirstRecords; GRIIS
Curcuma longa L.,Curcuma longa,Plantae,1799,Nigeria,NGA,11,terrestrial,"introduced (alien, exotic, non-native, nonindigenous); introduced",TRUE,SINAS; USRIIS; FirstRecords; GRIIS
Cuscuta approximata Bab.,Cuscuta approximata,Plantae,NA,NA,NA,3,terrestrial,"introduced (alien, exotic, non-native, nonindigenous); introduced",TRUE,USRIIS; GRIIS
Cuscuta australis R.Br.,Cuscuta australis,Plantae,NA,NA,NA,5,terrestrial,introduced,TRUE,FirstRecords; GRIIS
Cuscuta campestris Yunck.,Cuscuta campestris,Plantae,NA,NA,NA,34,freshwater; terrestrial,introduced,TRUE,TrIAS; GRIIS
Cuscuta chinensis Lam.,Cuscuta chinensis,Plantae,NA,NA,NA,2,terrestrial,introduced,TRUE,GRIIS
Cuscuta epilinum Weihe,Cuscuta epilinum,Plantae,550,Czechia,CZE,11,freshwater; terrestrial,"introduced (alien, exotic, non-native, nonindigenous); introduced",TRUE,DAISIE; USRIIS; TrIAS; GRIIS
Cuscuta epithymum (L.) L.,Cuscuta epithymum,Plantae,NA,NA,NA,3,terrestrial,"introduced (alien, exotic, non-native, nonindigenous); introduced",TRUE,USRIIS; GRIIS
Cuscuta epithymum var. trifolii (Bab.) Trab.,Cuscuta epithymum trifolii,Plantae,NA,NA,NA,3,freshwater; terrestrial,introduced,TRUE,GRIIS
Cuscuta europaea L.,Cuscuta europaea,Plantae,NA,NA,NA,2,terrestrial,"introduced (alien, exotic, non-native, nonindigenous); introduced",TRUE,USRIIS; GRIIS
Cuscuta pentagona Engelm.,Cuscuta pentagona,Plantae,1935,Sweden,SWE,9,brackish; freshwater; terrestrial,"introduced (alien, exotic, non-native, nonindigenous); introduced",TRUE,SINAS; USRIIS; GRIIS
Cuscuta tinei Insenga,Cuscuta tinei,Plantae,NA,NA,NA,1,terrestrial,introduced,TRUE,GRIIS
"Cyanoliseus patagonus (Vieillot, 1818)",Cyanoliseus patagonus,Animalia,NA,NA,NA,2,terrestrial,introduced,TRUE,FirstRecords; GRIIS
Cyanthillium cinereum (L.) H. Rob.; Cyanthillium cinereum (L.) H.Rob.,Cyanthillium cinereum,Plantae,1966,Mexico,MEX,44,terrestrial,"introduced (alien, exotic, non-native, nonindigenous); introduced",TRUE,USRIIS; FirstRecords; GRIIS
Cyathula prostrata (L.) Blume,Cyathula prostrata,Plantae,1953,Madagascar,MDG,14,terrestrial,introduced,TRUE,FirstRecords; GRIIS
"Cybister lateralimarginalis (De Geer, 1774)",Cybister lateralimarginalis,Animalia,NA,NA,NA,1,terrestrial,introduced,TRUE,FirstRecords; GRIIS
Cyclachaena xanthiifolia (Nutt.) Fresen.,Cyclachaena xanthiifolia,Plantae,1864,Poland,POL,28,freshwater; terrestrial,introduced,TRUE,TrIAS; FirstRecords; GRIIS; InstytutOchronyPrzyrody
Cyclamen hederifolium Aiton,Cyclamen hederifolium,Plantae,1500,United Kingdom,GBR,4,terrestrial,"introduced (alien, exotic, non-native, nonindigenous); introduced",TRUE,DAISIE; USRIIS; TrIAS; FirstRecords; GRIIS
Cyclanthera carthagenensis (Jacq.) H.Schaef. & S.S.Renner,Cyclanthera carthagenensis,Plantae,NA,NA,NA,1,terrestrial,introduced,TRUE,FirstRecords; GRIIS
"Cyclocephala pasadenae (Casey, 1915)",Cyclocephala pasadenae,Animalia,2007,United States,USA,1,terrestrial,"introduced (alien, exotic, non-native, nonindigenous)",TRUE,USRIIS
Cyclospermum leptophyllum (Pers.) Sprague ex Britton and P. Wilson; Cyclospermum leptophyllum (Pers.) Sprague,Cyclospermum leptophyllum,Plantae,1500,Italy,ITA,34,terrestrial,"introduced (alien, exotic, non-native, nonindigenous); introduced",TRUE,DAISIE; USRIIS; TrIAS; FirstRecords; GRIIS; Artsdatabanken
"Cydalima perspectalis (Walker, 1859)",Cydalima perspectalis,Animalia,2003,Belgium,BEL,17,terrestrial,"introduced (alien, exotic, non-native, nonindigenous); introduced",TRUE,USRIIS; TrIAS; FirstRecords; GRIIS; InstytutOchronyPrzyrody
"Cydia pomonella (Linnaeus, 1758)",Cydia pomonella,Animalia,1819,United States,USA,4,terrestrial,"introduced (alien, exotic, non-native, nonindigenous); introduced",TRUE,USRIIS; FirstRecords; GRIIS
Cydonia oblonga Mill.,Cydonia oblonga,Plantae,1500,Austria,AUT,26,terrestrial,"introduced (alien, exotic, non-native, nonindigenous); introduced",TRUE,DAISIE; USRIIS; TrIAS; FirstRecords; GRIIS
"Cygnus atratus (Latham, 1790)",Cygnus atratus,Animalia,1750,New Zealand,NZL,22,freshwater; brackish; terrestrial,introduced,TRUE,SINAS; TrIAS; GRIIS
"Cygnus olor (Gmelin, 1789); Cygnus olor (J.F.Gmelin, 1789)",Cygnus olor,Animalia,100,France,FRA,22,brackish; freshwater,"introduced (alien, exotic, non-native, nonindigenous); introduced",TRUE,DAISIE; USRIIS; FirstRecords; GRIIS
"Cylas formicarius (Fabricius, 1798)",Cylas formicarius,Animalia,1875,United States,USA,4,terrestrial,"introduced (alien, exotic, non-native, nonindigenous); introduced",TRUE,USRIIS; FirstRecords; GRIIS
Cylindropuntia fulgida (Engelm.) F.M.Knuth,Cylindropuntia fulgida,Plantae,1973,Zimbabwe,ZWE,3,terrestrial,"introduced (alien, exotic, non-native, nonindigenous); introduced",TRUE,USRIIS; FirstRecords; GRIIS
Cylindropuntia fulgida var. mamillata (Schott) Backeb.,Cylindropuntia fulgida mamillata,Plantae,NA,NA,NA,2,terrestrial,introduced,TRUE,FirstRecords; GRIIS
Cylindropuntia imbricata (Haw.) F.M.Knuth,Cylindropuntia imbricata,Plantae,1788,Australia,AUS,12,terrestrial,introduced,TRUE,FirstRecords; GRIIS
Cylindropuntia kleiniae (DC.) F.M.Knuth,Cylindropuntia kleiniae,Plantae,2000,Australia,AUS,2,terrestrial,introduced,TRUE,FirstRecords; GRIIS
Cylindropuntia leptocaulis (DC.) F.M.Knuth,Cylindropuntia leptocaulis,Plantae,NA,NA,NA,1,terrestrial,introduced,TRUE,FirstRecords; GRIIS
Cylindropuntia prolifera (Engelm.) F.M.Knuth,Cylindropuntia prolifera,Plantae,1993,Australia,AUS,1,terrestrial,introduced,TRUE,FirstRecords; GRIIS
Cylindropuntia ramosissima (Engelm.) F.M.Knuth,Cylindropuntia ramosissima,Plantae,NA,NA,NA,1,terrestrial,introduced,TRUE,FirstRecords; GRIIS
Cylindropuntia tunicata (Lehm.) F.M.Knuth,Cylindropuntia tunicata,Plantae,1973,Australia,AUS,4,terrestrial,introduced,TRUE,FirstRecords; GRIIS
"Cymbalaria muralis G. Gaertn., B. Mey. and Scherb.; Cymbalaria muralis G.Gaertn., B.Mey. & Scherb.",Cymbalaria muralis,Plantae,1500,Bulgaria,BGR,37,freshwater; terrestrial,"introduced (alien, exotic, non-native, nonindigenous); introduced",TRUE,DAISIE; USRIIS; FirstRecords; GRIIS
Cymbopogon citratus (DC.) Stapf,Cymbopogon citratus,Plantae,1913,Philippines,PHL,30,terrestrial,"introduced (alien, exotic, non-native, nonindigenous); introduced",TRUE,SINAS; USRIIS; FirstRecords; GRIIS
Cymbopogon nardus (L.) Rendle,Cymbopogon nardus,Plantae,NA,NA,NA,9,terrestrial,introduced,TRUE,FirstRecords; GRIIS
Cymbopogon refractus (R. Br.) A. Camus; Cymbopogon refractus (R.Br.) A.Camus,Cymbopogon refractus,Plantae,1929,United States,USA,3,terrestrial,"introduced (alien, exotic, non-native, nonindigenous); introduced",TRUE,USRIIS; FirstRecords; GRIIS
Cymbopogon winterianus Jowitt ex Bor,Cymbopogon winterianus,Plantae,2011,Bhutan,BTN,3,terrestrial,introduced,TRUE,SINAS; FirstRecords; GRIIS
Cynanchum acutum L.,Cynanchum acutum,Plantae,NA,NA,NA,4,terrestrial,introduced,TRUE,FirstRecords; GRIIS
Cynara cardunculus L.,Cynara cardunculus,Plantae,1500,Austria,AUT,15,terrestrial,"introduced (alien, exotic, non-native, nonindigenous); introduced",TRUE,DAISIE; USRIIS; TrIAS; FirstRecords; GRIIS
Cynodon aethiopicus Clayton and J.R. Harlan; Cynodon aethiopicus Clayton & J.R.Harlan,Cynodon aethiopicus,Plantae,1931,Zimbabwe,ZWE,6,terrestrial,"introduced (alien, exotic, non-native, nonindigenous); introduced",TRUE,USRIIS; FirstRecords; GRIIS
Cynodon dactylon (L.) Pers.,Cynodon dactylon,Plantae,1500,Switzerland,CHE,87,terrestrial,"introduced (alien, exotic, non-native, nonindigenous); introduced",TRUE,DAISIE; USRIIS; TrIAS; FirstRecords; GRIIS
Cynodon nlemfuensis Vanderyst,Cynodon nlemfuensis,Plantae,1917,Zimbabwe,ZWE,16,terrestrial,"introduced (alien, exotic, non-native, nonindigenous); introduced",TRUE,USRIIS; FirstRecords; GRIIS
Cynodon plectostachyus (K. Schum.) Pilg.; Cynodon plectostachyus (K.Schum.) Pilg.,Cynodon plectostachyus,Plantae,1976,Mexico,MEX,9,terrestrial,"introduced (alien, exotic, non-native, nonindigenous); introduced",TRUE,USRIIS; FirstRecords; GRIIS
Cynoglossum amabile Stapf and J.R. Drumm.; Cynoglossum amabile Stapf & J.R.Drumm.,Cynoglossum amabile,Plantae,1930,United States,USA,11,terrestrial,"introduced (alien, exotic, non-native, nonindigenous); introduced",TRUE,USRIIS; TrIAS; FirstRecords; GRIIS
Cynoglossum officinale L.,Cynoglossum officinale,Plantae,1500,Sweden,SWE,6,terrestrial,"introduced (alien, exotic, non-native, nonindigenous); introduced",TRUE,USRIIS; FirstRecords; GRIIS
Cynosurus echinatus L.,Cynosurus echinatus,Plantae,1500,Austria,AUT,14,terrestrial,"introduced (alien, exotic, non-native, nonindigenous); introduced",TRUE,DAISIE; USRIIS; TrIAS; FirstRecords; GRIIS
Cyperus L.,Cyperus,Plantae,NA,NA,NA,5,freshwater; terrestrial,introduced,TRUE,GRIIS
Cyperus alternifolius L.,Cyperus alternifolius,Plantae,1500,Italy,ITA,22,brackish; freshwater; terrestrial,introduced,TRUE,DAISIE; FirstRecords; GRIIS
Cyperus alternifolius subsp. flabelliformis Kük.,Cyperus alternifolius flabelliformis,Plantae,1999,Nepal,NPL,2,freshwater; terrestrial,introduced,TRUE,GRIIS; B.Shrestha_NPL_2026
Cyperus aromaticus (Ridl.) Mattf. & Kük.,Cyperus aromaticus,Plantae,1979,Australia,AUS,9,freshwater; terrestrial,introduced,TRUE,"GBIF, SINAS; FirstRecords; GRIIS"
Cyperus blepharoleptos Steud.,Cyperus blepharoleptos,Plantae,1882,United States,USA,7,freshwater; terrestrial,"introduced (alien, exotic, non-native, nonindigenous); introduced",TRUE,USRIIS; FirstRecords; GRIIS
Cyperus brevifolius (Rottb.) Hassk.,Cyperus brevifolius,Plantae,NA,NA,NA,7,freshwater; terrestrial,introduced,TRUE,FirstRecords; GRIIS
Cyperus compressus L.,Cyperus compressus,Plantae,1912,Australia,AUS,27,freshwater; terrestrial,"introduced (alien, exotic, non-native, nonindigenous); introduced",TRUE,SINAS; USRIIS; FirstRecords; GRIIS
Cyperus congestus Vahl,Cyperus congestus,Plantae,1868,Australia,AUS,7,freshwater; terrestrial,introduced,TRUE,TrIAS; FirstRecords; GRIIS
Cyperus cyperinus (Retz.) Valck.Sur.,Cyperus cyperinus,Plantae,NA,NA,NA,8,freshwater; terrestrial,introduced,TRUE,FirstRecords; GRIIS
Cyperus cyperoides (L.) Kuntze,Cyperus cyperoides,Plantae,2000,Belgium,BEL,14,freshwater; terrestrial,introduced,TRUE,TrIAS; FirstRecords; GRIIS
Cyperus difformis L.,Cyperus difformis,Plantae,1500,Italy,ITA,38,freshwater; terrestrial,"introduced (alien, exotic, non-native, nonindigenous); introduced",TRUE,DAISIE; USRIIS; TrIAS; FirstRecords; GRIIS
Cyperus distans L.f.,Cyperus distans,Plantae,NA,NA,NA,8,freshwater; terrestrial,introduced,TRUE,FirstRecords; GRIIS
Cyperus eragrostis Lam.,Cyperus eragrostis,Plantae,1500,Switzerland,CHE,25,freshwater; terrestrial,"introduced (alien, exotic, non-native, nonindigenous); introduced",TRUE,DAISIE; USRIIS; TrIAS; FirstRecords; GRIIS
Cyperus esculentus L.,Cyperus esculentus,Plantae,1500,Switzerland,CHE,44,freshwater; terrestrial,"introduced (alien, exotic, non-native, nonindigenous); introduced",TRUE,DAISIE; USRIIS; TrIAS; FirstRecords; GRIIS; InstytutOchronyPrzyrody
Cyperus fulvus R.Br.,Cyperus fulvus,Plantae,2018,United States,USA,1,terrestrial,"introduced (alien, exotic, non-native, nonindigenous)",TRUE,USRIIS
Cyperus fuscus L.,Cyperus fuscus,Plantae,1950,Sweden,SWE,4,freshwater; terrestrial,"introduced (alien, exotic, non-native, nonindigenous); introduced",TRUE,USRIIS; FirstRecords; GRIIS
Cyperus glomeratus L.,Cyperus glomeratus,Plantae,1500,Austria,AUT,5,freshwater; terrestrial,introduced,TRUE,DAISIE; FirstRecords; GRIIS
Cyperus gracilis R. Br.; Cyperus gracilis R.Br.,Cyperus gracilis,Plantae,1929,United States,USA,3,freshwater; terrestrial,"introduced (alien, exotic, non-native, nonindigenous); introduced",TRUE,USRIIS; FirstRecords; GRIIS
Cyperus haspan L.,Cyperus haspan,Plantae,1957,United States,USA,9,freshwater; terrestrial,"introduced (alien, exotic, non-native, nonindigenous); introduced",TRUE,USRIIS; FirstRecords; GRIIS
Cyperus imbricatus Retz.,Cyperus imbricatus,Plantae,1947,Belgium,BEL,10,freshwater; terrestrial,introduced,TRUE,TrIAS; FirstRecords; GRIIS
Cyperus iria L.,Cyperus iria,Plantae,1958,Mexico,MEX,23,freshwater; terrestrial,"introduced (alien, exotic, non-native, nonindigenous); introduced",TRUE,USRIIS; FirstRecords; GRIIS
Cyperus melanospermus (Nees) Valck.Sur.,Cyperus melanospermus,Plantae,1977,Australia,AUS,8,freshwater; terrestrial,introduced,TRUE,FirstRecords; GRIIS
Cyperus microbolbos C.B.Clarke,Cyperus microbolbos,Plantae,NA,NA,NA,4,freshwater; terrestrial,introduced,TRUE,FirstRecords; GRIIS
Cyperus microiria Steud.,Cyperus microiria,Plantae,NA,NA,NA,2,freshwater; terrestrial,"introduced (alien, exotic, non-native, nonindigenous); introduced",TRUE,USRIIS; FirstRecords; GRIIS
Cyperus mindorensis (Steud.) Huygh,Cyperus mindorensis,Plantae,1929,United States,USA,16,freshwater; terrestrial,"introduced (alien, exotic, non-native, nonindigenous); introduced",TRUE,USRIIS; FirstRecords; GRIIS
Cyperus odoratus L.,Cyperus odoratus,Plantae,1905,Japan,JPN,8,freshwater; terrestrial,introduced,TRUE,FirstRecords; GRIIS
Cyperus papyrus L.,Cyperus papyrus,Plantae,1500,Italy,ITA,13,freshwater; terrestrial,"introduced (alien, exotic, non-native, nonindigenous); introduced",TRUE,DAISIE; USRIIS; FirstRecords; GRIIS
Cyperus pilosus Vahl,Cyperus pilosus,Plantae,1916,United States,USA,4,freshwater; terrestrial,"introduced (alien, exotic, non-native, nonindigenous); introduced",TRUE,USRIIS; FirstRecords; GRIIS
"Cyperus polystachys Spreng. ex Kunth, 1837",Cyperus polystachys,Plantae,NA,NA,NA,1,freshwater; terrestrial,introduced,TRUE,FirstRecords; GRIIS
Cyperus procerus Rottb.,Cyperus procerus,Plantae,NA,NA,NA,1,freshwater; terrestrial,introduced,TRUE,FirstRecords; GRIIS
Cyperus prolifer Lam.,Cyperus prolifer,Plantae,1947,United States,USA,7,freshwater; terrestrial,"introduced (alien, exotic, non-native, nonindigenous); introduced",TRUE,USRIIS; FirstRecords; GRIIS
Cyperus pumilus L.,Cyperus pumilus,Plantae,NA,NA,NA,3,freshwater; terrestrial,"introduced (alien, exotic, non-native, nonindigenous); introduced",TRUE,USRIIS; FirstRecords; GRIIS
Cyperus rotundus L.,Cyperus rotundus,Plantae,25,China,CHN,74,freshwater; terrestrial,"introduced (alien, exotic, non-native, nonindigenous); introduced",TRUE,USRIIS; TrIAS; FirstRecords; GRIIS
Cyperus sanguinolentus Vahl,Cyperus sanguinolentus,Plantae,NA,NA,NA,3,freshwater; terrestrial,"introduced (alien, exotic, non-native, nonindigenous); introduced",TRUE,USRIIS; FirstRecords; GRIIS
Cyperus serotinus Rottb.,Cyperus serotinus,Plantae,NA,NA,NA,2,freshwater; terrestrial,"introduced (alien, exotic, non-native, nonindigenous); introduced",TRUE,USRIIS; FirstRecords; GRIIS
Cyperus sphacelatus Rottb.,Cyperus sphacelatus,Plantae,1905,Indonesia,IDN,12,freshwater; terrestrial,"introduced (alien, exotic, non-native, nonindigenous); introduced",TRUE,SINAS; USRIIS; FirstRecords; GRIIS
Cyperus strigosus L.,Cyperus strigosus,Plantae,1500,Italy,ITA,6,freshwater; terrestrial,introduced,TRUE,DAISIE; FirstRecords; GRIIS
Cyperus tenuispica Steud.,Cyperus tenuispica,Plantae,NA,NA,NA,3,freshwater; terrestrial,introduced,TRUE,FirstRecords; GRIIS
"Cyprinella lutrensis (Baird & Girard, 1853)",Cyprinella lutrensis,Animalia,NA,NA,NA,1,freshwater,introduced,TRUE,FirstRecords; GRIIS
"Cyprinus carpio Linnaeus, 1758",Cyprinus carpio,Animalia,1200,Poland,POL,109,freshwater; brackish; terrestrial,"introduced (alien, exotic, non-native, nonindigenous); introduced",TRUE,USRIIS; TrIAS; FirstRecords; GRIIS; Artsdatabanken; InstytutOchronyPrzyrody
Cyprinus carpio var. carpio,Cyprinus carpio carpio,Animalia,NA,NA,NA,7,brackish; freshwater,introduced,TRUE,GRIIS; FirstRecords
"Cyprinus rubrofuscus Lacepede, 1803; Cyprinus rubrofuscus Lacepède, 1803",Cyprinus rubrofuscus,Animalia,2003,United States,USA,3,brackish; freshwater,"introduced (alien, exotic, non-native, nonindigenous); introduced",TRUE,USRIIS; FirstRecords; GRIIS
Cyrtococcum oxyphyllum (Hochst. ex Steud.) Stapf,Cyrtococcum oxyphyllum,Plantae,NA,NA,NA,8,terrestrial,introduced,TRUE,FirstRecords; GRIIS
Cyrtococcum patens (L.) A.Camus,Cyrtococcum patens,Plantae,2019,United States,USA,7,terrestrial,"introduced (alien, exotic, non-native, nonindigenous); introduced",TRUE,USRIIS; FirstRecords; GRIIS
Cyrtococcum trigonum (Retz.) A.Camus,Cyrtococcum trigonum,Plantae,NA,NA,NA,5,terrestrial,introduced,TRUE,FirstRecords; GRIIS
"Cyrtogenius luteus Wood, 1989",Cyrtogenius luteus,Animalia,NA,NA,NA,1,terrestrial,introduced,TRUE,FirstRecords; GRIIS
Cyrtomium falcatum (L. f.) C. Presl; Cyrtomium falcatum (L.fil.) C.Presl,Cyrtomium falcatum,Plantae,1500,United Kingdom,GBR,14,freshwater; terrestrial,"introduced (alien, exotic, non-native, nonindigenous); introduced",TRUE,DAISIE; USRIIS; TrIAS; FirstRecords; GRIIS
"Cyrtopodion scabrum (Heyden in Ruppell, 1827); Cyrtopodion scabrum (Heyden, 1827)",Cyrtopodion scabrum,Animalia,1982,United States,USA,3,terrestrial,"introduced (alien, exotic, non-native, nonindigenous); introduced",TRUE,USRIIS; FirstRecords; GRIIS
Cytisus multiflorus (L'Her.) Sweet; Cytisus multiflorus (L'Hér.) Sweet,Cytisus multiflorus,Plantae,1500,United Kingdom,GBR,9,terrestrial,"introduced (alien, exotic, non-native, nonindigenous); introduced",TRUE,DAISIE; USRIIS; TrIAS; FirstRecords; GRIIS
Cytisus scoparius (L.) Link,Cytisus scoparius,Plantae,1670,Japan,JPN,24,freshwater; terrestrial,"introduced (alien, exotic, non-native, nonindigenous); introduced",TRUE,USRIIS; FirstRecords; GRIIS; Artsdatabanken
"Cytisus scoparius subsp. scoparius (Linnaeus, 1753)",Cytisus scoparius scoparius,Plantae,NA,NA,NA,2,terrestrial,introduced,TRUE,FirstRecords; GRIIS
Cytisus striatus (Hill) Rothm.,Cytisus striatus,Plantae,1500,Germany,DEU,8,terrestrial,"introduced (alien, exotic, non-native, nonindigenous); introduced",TRUE,DAISIE; USRIIS; TrIAS; FirstRecords; GRIIS
Dactylis glomerata L.,Dactylis glomerata,Plantae,1770,Australia,AUS,18,terrestrial,"introduced (alien, exotic, non-native, nonindigenous); introduced",TRUE,USRIIS; FirstRecords; GRIIS
"Dactylis glomerata subsp. glomerata Linnaeus, 1753",Dactylis glomerata glomerata,Plantae,NA,NA,NA,1,terrestrial,introduced,TRUE,GRIIS
Dactyloctenium aegyptium (L.) Willd.,Dactyloctenium aegyptium,Plantae,1500,Czechia,CZE,61,freshwater; terrestrial,"introduced (alien, exotic, non-native, nonindigenous); introduced",TRUE,DAISIE; USRIIS; TrIAS; FirstRecords; GRIIS; B.Shrestha_NPL_2026
"Dactylopius opuntiae (Cockerell, 1896)",Dactylopius opuntiae,Animalia,NA,NA,NA,2,terrestrial,introduced: assisted colonization; introduced,TRUE,USRIIS; GRIIS
Dahlia imperialis Roezl,Dahlia imperialis,Plantae,2012,India,IND,6,terrestrial,introduced,TRUE,FirstRecords; GRIIS
Dalbergia sissoo Roxb. ex DC.,Dalbergia sissoo,Plantae,1910,Zimbabwe,ZWE,27,terrestrial,"introduced (alien, exotic, non-native, nonindigenous); introduced",TRUE,USRIIS; FirstRecords; GRIIS
Dalea scandens (Houst. ex Mill.) R.T.Clausen,Dalea scandens,Plantae,NA,NA,NA,1,terrestrial,introduced,TRUE,FirstRecords; GRIIS
"Dama dama (Linnaeus, 1758)",Dama dama,Animalia,-6000,Greece,GRC,33,terrestrial,"introduced (alien, exotic, non-native, nonindigenous); introduced",TRUE,SINAS; USRIIS; FirstRecords; GRIIS; Artsdatabanken; InstytutOchronyPrzyrody
"Dama dama dama (Linnaeus, 1758)",Dama dama dama,Animalia,NA,NA,NA,1,terrestrial,introduced,TRUE,FirstRecords; GRIIS
"Danio rerio (Hamilton, 1822)",Danio rerio,Animalia,1971,Canada,CAN,6,freshwater,introduced,TRUE,FirstRecords; GRIIS
Danthonia decumbens (L.) DC.,Danthonia decumbens,Plantae,1772,Iceland,ISL,5,terrestrial,"introduced (alien, exotic, non-native, nonindigenous); introduced",TRUE,DAISIE; USRIIS; FirstRecords; GRIIS
Daphne laureola L.,Daphne laureola,Plantae,1500,Ireland,IRL,5,terrestrial,"introduced (alien, exotic, non-native, nonindigenous); introduced",TRUE,DAISIE; USRIIS; FirstRecords; GRIIS
Daphne mezereum L.,Daphne mezereum,Plantae,1878,Canada,CAN,2,terrestrial,"introduced (alien, exotic, non-native, nonindigenous); introduced",TRUE,USRIIS; FirstRecords; GRIIS
"Daphnia lumholtzi G. O. Sars, 1885; Daphnia lumholtzi Sars, 1885",Daphnia lumholtzi,Animalia,1983,United States,USA,4,freshwater,"introduced (alien, exotic, non-native, nonindigenous); introduced",TRUE,USRIIS; FirstRecords; GRIIS
"Daphnia parvula Fordyce, 1901",Daphnia parvula,Animalia,1972,Austria; Switzerland,AUT; CHE,6,freshwater,introduced,TRUE,FirstRecords; GRIIS
"Dasyprocta mexicana Saussure, 1860",Dasyprocta mexicana,Animalia,1930,Cuba,CUB,1,terrestrial,introduced,TRUE,FirstRecords; GRIIS
"Dasyprocta punctata Gray, 1842",Dasyprocta punctata,Animalia,1850,Cuba,CUB,1,terrestrial,introduced,TRUE,FirstRecords; GRIIS
Datura ferox L.,Datura ferox,Plantae,1500,Italy,ITA,24,terrestrial,introduced,TRUE,DAISIE; TrIAS; FirstRecords; GRIIS
Datura innoxia Mill.,Datura innoxia,Plantae,1500,Spain,ESP,68,terrestrial,introduced,TRUE,DAISIE; TrIAS; FirstRecords; GRIIS
Datura metel L.,Datura metel,Plantae,1703,Nigeria,NGA,31,terrestrial,"introduced (alien, exotic, non-native, nonindigenous); introduced",TRUE,SINAS; USRIIS; FirstRecords; GRIIS
Datura quercifolia Kunth,Datura quercifolia,Plantae,1500,Italy,ITA,12,terrestrial,introduced,TRUE,DAISIE; FirstRecords; GRIIS
Datura stramonium L.,Datura stramonium,Plantae,1405,China,CHN,99,freshwater; terrestrial,"introduced (alien, exotic, non-native, nonindigenous); introduced",TRUE,USRIIS; TrIAS; FirstRecords; GRIIS; Artsdatabanken; InstytutOchronyPrzyrody
Daucus carota L.,Daucus carota,Plantae,1406,China,CHN,23,freshwater; terrestrial,"introduced (alien, exotic, non-native, nonindigenous); introduced",TRUE,USRIIS; FirstRecords; GRIIS
Decalobanthus peltatus (L.); Decalobanthus peltatus (L.) A.R.Simões & Staples,Decalobanthus peltatus,Plantae,1976,India,IND,14,terrestrial,"introduced (alien, exotic, non-native, nonindigenous); introduced",TRUE,USRIIS; FirstRecords; GRIIS
Delairea odorata Lem.,Delairea odorata,Plantae,1810,Australia,AUS,13,terrestrial,"introduced (alien, exotic, non-native, nonindigenous); introduced",TRUE,USRIIS; FirstRecords; GRIIS
Delonix regia (Bojer) Raf.; Delonix regia (Bojer ex Hook.) Raf.,Delonix regia,Plantae,1828,India,IND,87,terrestrial,"introduced (alien, exotic, non-native, nonindigenous); introduced",TRUE,USRIIS; FirstRecords; GRIIS
Delphinium hispanicum Costa,Delphinium hispanicum,Plantae,NA,NA,NA,7,terrestrial,introduced,TRUE,TrIAS; FirstRecords; GRIIS
"Delta pyriforme (Fabricius, 1775)",Delta pyriforme,Animalia,1947,United States,USA,2,terrestrial,"introduced (alien, exotic, non-native, nonindigenous); introduced",TRUE,USRIIS; FirstRecords; GRIIS
"Dendroaspis jamesoni (Traill, 1843)",Dendroaspis jamesoni,Animalia,NA,NA,NA,1,terrestrial,introduced,TRUE,FirstRecords; GRIIS
"Dendroaspis viridis (Hallowell, 1844)",Dendroaspis viridis,Animalia,NA,NA,NA,1,terrestrial,introduced,TRUE,FirstRecords; GRIIS
"Dendrobaena octaedra (Savigny, 1826)",Dendrobaena octaedra,Animalia,1821,United States,USA,5,terrestrial,"introduced (alien, exotic, non-native, nonindigenous); introduced",TRUE,USRIIS; FirstRecords; GRIIS
Dendrocalamus strictus (Roxb.) Nees,Dendrocalamus strictus,Plantae,1843,Australia,AUS,7,terrestrial,introduced,TRUE,SINAS; FirstRecords; GRIIS
"Dendroctonus armandi Tsai & Li, 1959",Dendroctonus armandi,Animalia,NA,NA,NA,1,terrestrial,introduced,TRUE,FirstRecords; GRIIS
"Dendroctonus micans (J.G.Kugelann, 1794)",Dendroctonus micans,Animalia,1930,Germany,DEU,4,terrestrial,introduced,TRUE,EPPO Distribution; FirstRecords; GRIIS
"Dendroctonus murrayanae Hopkins, 1909",Dendroctonus murrayanae,Animalia,NA,NA,NA,1,terrestrial,introduced,TRUE,FirstRecords; GRIIS
"Dendroctonus punctatus LeConte, 1868",Dendroctonus punctatus,Animalia,NA,NA,NA,1,terrestrial,introduced,TRUE,FirstRecords; GRIIS
"Dendroctonus rufipennis Kirby, 1837",Dendroctonus rufipennis,Animalia,NA,NA,NA,1,terrestrial,introduced,TRUE,GRIIS
"Dendroctonus simplex LeConte, 1868",Dendroctonus simplex,Animalia,NA,NA,NA,1,terrestrial,introduced,TRUE,FirstRecords; GRIIS
"Dendroctonus terebrans (A.G.Olivier, 1800)",Dendroctonus terebrans,Animalia,NA,NA,NA,1,terrestrial,introduced,TRUE,FirstRecords; GRIIS
"Dendroctonus valens LeConte, 1859",Dendroctonus valens,Animalia,1980,China,CHN,1,terrestrial,introduced,TRUE,FirstRecords; GRIIS
"Dendrolimus sibiricus Chetwerikov, 1908",Dendrolimus sibiricus,Animalia,NA,NA,NA,1,terrestrial,introduced,TRUE,GRIIS
Dentella repens (L.) J.R.Forst. & G.Forst.,Dentella repens,Plantae,1777,India,IND,8,terrestrial,introduced,TRUE,FirstRecords; GRIIS
"Dentella serpyllifolia Airy Shaw, 1932",Dentella serpyllifolia,Plantae,NA,NA,NA,2,terrestrial,introduced,TRUE,GRIIS
Deparia petersenii (Kunze) M. Kato; Deparia petersenii (Kunze) M.Kato,Deparia petersenii,Plantae,1938,United States,USA,3,terrestrial,"introduced (alien, exotic, non-native, nonindigenous); introduced",TRUE,USRIIS; FirstRecords; GRIIS
"Dermestes ater De Geer, 1774; Dermestes ater DeGeer, 1774",Dermestes ater,Animalia,1868,United Kingdom,GBR,7,terrestrial,"introduced (alien, exotic, non-native, nonindigenous); introduced",TRUE,"SINAS, DAISIE; USRIIS; FirstRecords; GRIIS"
"Dermestes bicolor Fabricius, 1781",Dermestes bicolor,Animalia,NA,NA,NA,1,terrestrial,introduced,TRUE,FirstRecords; GRIIS
"Dermestes frischi Kugelann, 1792; Dermestes frischi Kugelman, 1792",Dermestes frischi,Animalia,1879,United States,USA,9,terrestrial,"introduced (alien, exotic, non-native, nonindigenous); introduced",TRUE,USRIIS; FirstRecords; GRIIS
"Dermestes undulatus Brahms, 1790",Dermestes undulatus,Animalia,1911,United States,USA,4,terrestrial,"introduced (alien, exotic, non-native, nonindigenous); introduced",TRUE,USRIIS; FirstRecords; GRIIS
"Deroceras agreste (Linnaeus, 1758)",Deroceras agreste,Animalia,NA,NA,NA,4,terrestrial,"introduced (alien, exotic, non-native, nonindigenous); introduced",TRUE,USRIIS; FirstRecords; GRIIS
"Deroceras invadens Reise, Hutchinson, Schunack and Schlitt, 2011; Deroceras invadens Reise, Hutchinson, Schunack & Schlitt, 2011",Deroceras invadens,Animalia,1820,United Kingdom,GBR,9,terrestrial,"introduced (alien, exotic, non-native, nonindigenous); introduced",TRUE,SINAS; USRIIS; TrIAS; FirstRecords; GRIIS; Artsdatabanken
"Deroceras laeve (Müller, 1774); Deroceras laeve (O.F.Müller, 1774)",Deroceras laeve,Animalia,1896,United States,USA,13,terrestrial,"introduced (alien, exotic, non-native, nonindigenous); introduced",TRUE,USRIIS; FirstRecords; GRIIS
"Deroceras panormitanum (Lessona & Pollonera, 1882)",Deroceras panormitanum,Animalia,1923,Norway,NOR,13,terrestrial,introduced,TRUE,SINAS; FirstRecords; GRIIS; InstytutOchronyPrzyrody
"Deroceras reticulatum (Müller, 1774); Deroceras reticulatum (O.F.Müller, 1774)",Deroceras reticulatum,Animalia,1874,Argentina,ARG,12,terrestrial,"introduced (alien, exotic, non-native, nonindigenous); introduced",TRUE,USRIIS; FirstRecords; GRIIS
Derris elliptica (Wall.) Benth.,Derris elliptica,Plantae,NA,NA,NA,6,terrestrial,introduced,TRUE,FirstRecords; GRIIS
Derris montana Benth.,Derris montana,Plantae,NA,NA,NA,7,terrestrial,introduced,TRUE,FirstRecords; GRIIS
Derris trifoliata Lour.,Derris trifoliata,Plantae,NA,NA,NA,2,terrestrial,introduced,TRUE,FirstRecords; GRIIS
Descurainia sophia (L.) Webb ex Prantl,Descurainia sophia,Plantae,-750,Czechia,CZE,19,terrestrial,"introduced (alien, exotic, non-native, nonindigenous); introduced",TRUE,DAISIE; USRIIS; FirstRecords; GRIIS
Descurainia sophioides (Fisch. ex Hook.) O.E.Schulz,Descurainia sophioides,Plantae,NA,NA,NA,1,terrestrial,introduced,TRUE,FirstRecords; GRIIS
Desmanthus pernambucanus (L.) Thell.,Desmanthus pernambucanus,Plantae,1912,Australia,AUS,9,terrestrial,"introduced (alien, exotic, non-native, nonindigenous); introduced",TRUE,SINAS; USRIIS; FirstRecords; GRIIS
Desmanthus virgatus (L.) Willd.,Desmanthus virgatus,Plantae,1866,India,IND,16,terrestrial,introduced,TRUE,FirstRecords; GRIIS
"Desmodium gangeticum Puri, 1951",Desmodium gangeticum,Plantae,NA,NA,NA,7,terrestrial,introduced,TRUE,FirstRecords; GRIIS
Desmodium incanum DC.; Desmodium incanum (Sw.) DC.,Desmodium incanum,Plantae,1834,Madagascar,MDG,31,terrestrial,"introduced (alien, exotic, non-native, nonindigenous); introduced",TRUE,USRIIS; FirstRecords; GRIIS
Desmodium intortum (Mill.) Urb.,Desmodium intortum,Plantae,1944,Australia,AUS,11,terrestrial,"introduced (alien, exotic, non-native, nonindigenous); introduced",TRUE,USRIIS; FirstRecords; GRIIS
Desmodium paniculatum (L.) DC.,Desmodium paniculatum,Plantae,1942,Japan,JPN,1,terrestrial,introduced,TRUE,FirstRecords; GRIIS
Desmodium scorpiurus (Sw.) Desv.; Desmodium scorpiurus (Sw.) Desv. ex DC.,Desmodium scorpiurus,Plantae,1911,Australia,AUS,14,terrestrial,"introduced (alien, exotic, non-native, nonindigenous); introduced",TRUE,USRIIS; FirstRecords; GRIIS
Desmodium tortuosum (Sw.) DC.,Desmodium tortuosum,Plantae,1847,United States,USA,29,terrestrial,"introduced (alien, exotic, non-native, nonindigenous); introduced",TRUE,USRIIS; FirstRecords; GRIIS
Desmodium uncinatum (Jacq.) DC.,Desmodium uncinatum,Plantae,1912,Indonesia,IDN,21,terrestrial,introduced,TRUE,SINAS; FirstRecords; GRIIS
Desmostachya bipinnata (L.) Stapf,Desmostachya bipinnata,Plantae,2003,Cambodia; Myanmar; Vietnam,KHM; MMR; VNM,3,terrestrial,introduced,TRUE,FirstRecords; GRIIS
Deutzia scabra Thunb.,Deutzia scabra,Plantae,1500,United Kingdom,GBR,14,terrestrial,introduced,TRUE,DAISIE; TrIAS; FirstRecords; GRIIS
"Diabrotica virgifera LeConte, 1868",Diabrotica virgifera,Animalia,1992,Serbia,SRB,10,terrestrial,introduced,TRUE,SINAS; GRIIS; InstytutOchronyPrzyrody
"Diabrotica virgifera virgifera LeConte, 1868",Diabrotica virgifera virgifera,Animalia,1987,Canada,CAN,4,terrestrial,introduced,TRUE,"CABI, EPPO Distribution; FirstRecords; GRIIS"
"Dialeurodes citri (Ashmead, 1885)",Dialeurodes citri,Animalia,1872,United States,USA,2,terrestrial,"introduced (alien, exotic, non-native, nonindigenous); introduced",TRUE,USRIIS; FirstRecords; GRIIS
Dianella ensifolia (L.) DC.; Dianella ensifolia (L.) Redouté,Dianella ensifolia,Plantae,1986,United States,USA,5,terrestrial,"introduced (alien, exotic, non-native, nonindigenous); introduced",TRUE,USRIIS; FirstRecords; GRIIS
Dianthus armeria L.,Dianthus armeria,Plantae,1853,Australia,AUS,6,terrestrial,"introduced (alien, exotic, non-native, nonindigenous); introduced",TRUE,USRIIS; FirstRecords; GRIIS
Dianthus barbatus L.,Dianthus barbatus,Plantae,1500,Germany,DEU,24,freshwater; terrestrial,"introduced (alien, exotic, non-native, nonindigenous); introduced",TRUE,DAISIE; USRIIS; TrIAS; FirstRecords; GRIIS; Artsdatabanken; InstytutOchronyPrzyrody
Dianthus deltoides L.,Dianthus deltoides,Plantae,1500,Ireland,IRL,7,terrestrial,"introduced (alien, exotic, non-native, nonindigenous); introduced",TRUE,DAISIE; USRIIS; FirstRecords; GRIIS
Dianthus plumarius L.,Dianthus plumarius,Plantae,1500,Germany,DEU,11,terrestrial,"introduced (alien, exotic, non-native, nonindigenous); introduced",TRUE,DAISIE; USRIIS; TrIAS; FirstRecords; GRIIS; M.McGeoch_AUS_2025; Artsdatabanken
"Diaphania indica (Saunders, 1851)",Diaphania indica,Animalia,1955,United States,USA,2,terrestrial,"introduced (alien, exotic, non-native, nonindigenous); introduced",TRUE,USRIIS; FirstRecords; GRIIS
"Diaphorina citri Kuwayama, 1908",Diaphorina citri,Animalia,1984,Argentina,ARG,6,terrestrial,"introduced (alien, exotic, non-native, nonindigenous); introduced",TRUE,EPPO Distribution; USRIIS; GRIIS
"Diaspidiotus perniciosus (Comstock, 1881)",Diaspidiotus perniciosus,Animalia,1870,United States,USA,4,terrestrial,"introduced (alien, exotic, non-native, nonindigenous); introduced",TRUE,USRIIS; FirstRecords; GRIIS
Dicentra peregrina (Rudolph) Makino,Dicentra peregrina,Plantae,NA,NA,NA,1,terrestrial,introduced,TRUE,FirstRecords; GRIIS
"Dicentrarchus labrax (Linnaeus, 1758)",Dicentrarchus labrax,Animalia,1960,Israel,ISR,2,brackish; freshwater; marine,introduced,TRUE,FirstRecords; GRIIS
Dichanthium annulatum (Forssk.) Stapf,Dichanthium annulatum,Plantae,1500,Italy,ITA,21,terrestrial,"introduced (alien, exotic, non-native, nonindigenous); introduced",TRUE,DAISIE; USRIIS; FirstRecords; GRIIS
Dichanthium aristatum (Poir.) C.E. Hubb.; Dichanthium aristatum (Poir.) C.E.Hubb.,Dichanthium aristatum,Plantae,1911,United States,USA,12,terrestrial,"introduced (alien, exotic, non-native, nonindigenous); introduced",TRUE,USRIIS; FirstRecords; GRIIS
Dichanthium caricosum (L.) A.Camus,Dichanthium caricosum,Plantae,1981,Australia,AUS,4,terrestrial,introduced,TRUE,FirstRecords; GRIIS
Dichanthium sericeum (R. Br.) A. Camus; Dichanthium sericeum (R.Br.) A.Camus,Dichanthium sericeum,Plantae,1912,United States,USA,2,terrestrial,"introduced (alien, exotic, non-native, nonindigenous); introduced",TRUE,USRIIS; FirstRecords; GRIIS
Dichondra micrantha Urb.,Dichondra micrantha,Plantae,1500,United Kingdom,GBR,16,terrestrial,"introduced (alien, exotic, non-native, nonindigenous); introduced",TRUE,DAISIE; USRIIS; TrIAS; FirstRecords; GRIIS; M.McGeoch_AUS_2025
Dichrocephala integrifolia (L.fil.) Kuntze,Dichrocephala integrifolia,Plantae,NA,NA,NA,5,terrestrial,introduced,TRUE,FirstRecords; GRIIS
Dichrostachys cinerea (L.) Wight and Arn.; Dichrostachys cinerea (L.) Wight & Arn.,Dichrostachys cinerea,Plantae,1858,Indonesia,IDN,41,terrestrial,"introduced (alien, exotic, non-native, nonindigenous); introduced",TRUE,SINAS; USRIIS; FirstRecords; GRIIS
Dicoma tomentosa Cass.,Dicoma tomentosa,Plantae,NA,NA,NA,1,terrestrial,introduced,TRUE,FirstRecords; GRIIS
"Dicranoctetes saccharella Busck, 1934",Dicranoctetes saccharella,Animalia,1982,United States,USA,1,terrestrial,"introduced (alien, exotic, non-native, nonindigenous)",TRUE,USRIIS
"Dicranopalpus ramosus (Simon, 1909)",Dicranopalpus ramosus,Animalia,2002,Germany,DEU,5,terrestrial,introduced,TRUE,FirstRecords; GRIIS; InstytutOchronyPrzyrody
Dicranopteris linearis (Burm.fil.) Underw.,Dicranopteris linearis,Plantae,1904,Brazil,BRA,5,terrestrial,introduced,TRUE,FirstRecords; GRIIS
Dieffenbachia seguine (Jacq.) Schott,Dieffenbachia seguine,Plantae,1888,Australia,AUS,23,terrestrial,"introduced (alien, exotic, non-native, nonindigenous); introduced",TRUE,SINAS; USRIIS; FirstRecords; GRIIS
Digera muricata (L.) Mart.,Digera muricata,Plantae,1832,India,IND,4,terrestrial,"introduced (alien, exotic, non-native, nonindigenous); introduced",TRUE,USRIIS; FirstRecords; GRIIS
Digitalis grandiflora Mill.,Digitalis grandiflora,Plantae,1791,Estonia,EST,6,freshwater; terrestrial,"introduced (alien, exotic, non-native, nonindigenous); introduced",TRUE,USRIIS; FirstRecords; GRIIS; Artsdatabanken
Digitalis lanata Ehrh.,Digitalis lanata,Plantae,1500,Germany,DEU,10,freshwater; terrestrial,"introduced (alien, exotic, non-native, nonindigenous); introduced",TRUE,DAISIE; USRIIS; FirstRecords; GRIIS
Digitalis lutea L.,Digitalis lutea,Plantae,1500,United Kingdom,GBR,7,terrestrial,"introduced (alien, exotic, non-native, nonindigenous); introduced",TRUE,DAISIE; USRIIS; FirstRecords; GRIIS; Artsdatabanken
Digitalis purpurea L.,Digitalis purpurea,Plantae,1500,Slovakia,SVK,27,freshwater; terrestrial,"introduced (alien, exotic, non-native, nonindigenous); introduced",TRUE,DAISIE; USRIIS; FirstRecords; GRIIS; InstytutOchronyPrzyrody
Digitaria abyssinica (Hochst. ex A. Rich.) Stapf; Digitaria abyssinica (Hochst. ex A.Rich.) Stapf,Digitaria abyssinica,Plantae,1983,Australia,AUS,9,terrestrial,"introduced (alien, exotic, non-native, nonindigenous); introduced",TRUE,"GBIF, SINAS; USRIIS; TrIAS; FirstRecords; GRIIS"
Digitaria bicornis (Lam.) Roem. and Schult.; Digitaria bicornis (Lam.) Roem. & Schult.,Digitaria bicornis,Plantae,1890,Mexico,MEX,17,terrestrial,"introduced (alien, exotic, non-native, nonindigenous); introduced",TRUE,USRIIS; FirstRecords; GRIIS
Digitaria ciliaris (Retz.) Koeler,Digitaria ciliaris,Plantae,1500,Bulgaria,BGR,55,terrestrial,"introduced (alien, exotic, non-native, nonindigenous); introduced",TRUE,DAISIE; USRIIS; TrIAS; FirstRecords; GRIIS
Digitaria eriantha Steud.,Digitaria eriantha,Plantae,1931,Australia,AUS,14,terrestrial,"introduced (alien, exotic, non-native, nonindigenous); introduced",TRUE,USRIIS; FirstRecords; GRIIS
Digitaria fuscescens (J. Presl) Henrard; Digitaria fuscescens (J.Presl) Henrard,Digitaria fuscescens,Plantae,1852,United States,USA,13,terrestrial,"introduced (alien, exotic, non-native, nonindigenous); introduced",TRUE,USRIIS; FirstRecords; GRIIS
Digitaria horizontalis Willd.,Digitaria horizontalis,Plantae,NA,NA,NA,13,terrestrial,"introduced (alien, exotic, non-native, nonindigenous); introduced",TRUE,USRIIS; FirstRecords; GRIIS
Digitaria insularis (L.) Fedde; Digitaria insularis (L.) Mez ex Ekman,Digitaria insularis,Plantae,1885,Mexico,MEX,14,terrestrial,"introduced (alien, exotic, non-native, nonindigenous); introduced",TRUE,SINAS; USRIIS; FirstRecords; GRIIS
Digitaria ischaemum (Schreb.) Muhl.,Digitaria ischaemum,Plantae,1500,Poland,POL,18,freshwater; terrestrial,"introduced (alien, exotic, non-native, nonindigenous); introduced",TRUE,USRIIS; FirstRecords; GRIIS; InstytutOchronyPrzyrody
Digitaria sanguinalis (L.) Scop.,Digitaria sanguinalis,Plantae,1500,Poland,POL,40,freshwater; terrestrial,"introduced (alien, exotic, non-native, nonindigenous); introduced",TRUE,USRIIS; TrIAS; FirstRecords; GRIIS; Artsdatabanken; InstytutOchronyPrzyrody
Digitaria setigera Roth,Digitaria setigera,Plantae,1887,New Zealand,NZL,17,terrestrial,"introduced (alien, exotic, non-native, nonindigenous); introduced",TRUE,SINAS; USRIIS; FirstRecords; GRIIS
Digitaria velutina (Forssk.) P.Beauv.,Digitaria velutina,Plantae,1938,Mexico,MEX,4,terrestrial,introduced,TRUE,FirstRecords; GRIIS
Digitaria violascens Link,Digitaria violascens,Plantae,1847,Australia,AUS,28,terrestrial,"introduced (alien, exotic, non-native, nonindigenous); introduced",TRUE,USRIIS; TrIAS; FirstRecords; GRIIS
"Digitonthophagus gazella (Fabricius, 1787)",Digitonthophagus gazella,Animalia,1957,United States,USA,6,terrestrial,introduced: assisted colonization; introduced,TRUE,USRIIS; FirstRecords; GRIIS
"Dikerogammarus bispinosus Martynov, 1925",Dikerogammarus bispinosus,Animalia,NA,NA,NA,5,brackish; freshwater,introduced,TRUE,FirstRecords; GRIIS
"Dikerogammarus haemobaphes (Eichwald, 1841)",Dikerogammarus haemobaphes,Animalia,1955,Ukraine,UKR,13,brackish; freshwater,introduced,TRUE,FirstRecords; GRIIS; InstytutOchronyPrzyrody
"Dikerogammarus villosus (Sowinsky, 1894)",Dikerogammarus villosus,Animalia,1955,Ukraine,UKR,18,brackish; freshwater,introduced,TRUE,TrIAS; FirstRecords; GRIIS; InstytutOchronyPrzyrody
Dillenia suffruticosa (Griffith ex Hook. f. and Thomson) Martelli; Dillenia suffruticosa (Griff.) Martelli,Dillenia suffruticosa,Plantae,1882,Sri Lanka,LKA,4,brackish; freshwater,"introduced (alien, exotic, non-native, nonindigenous); introduced",TRUE,USRIIS; FirstRecords; GRIIS
"Dimorphotheca fruticosa (L.) Less., 1832",Dimorphotheca fruticosa,Plantae,NA,NA,NA,1,terrestrial,introduced,TRUE,GRIIS
Dinebra retroflexa (Vahl) Panz.,Dinebra retroflexa,Plantae,1500,Italy,ITA,11,terrestrial,"introduced (alien, exotic, non-native, nonindigenous); introduced",TRUE,DAISIE; USRIIS; TrIAS; FirstRecords; GRIIS
"Dinoderus minutus (Fabricius, 1775)",Dinoderus minutus,Animalia,1915,Australia,AUS,9,terrestrial,"introduced (alien, exotic, non-native, nonindigenous); introduced",TRUE,SINAS; USRIIS; FirstRecords; GRIIS
"Diocalandra frumenti (J.C.Fabricius, 1802)",Diocalandra frumenti,Animalia,1955,China,CHN,3,terrestrial,introduced,TRUE,FirstRecords; GRIIS
"Diolcus variegatus (Herrich-Schaeffer, 1836)",Diolcus variegatus,Animalia,2001,United States,USA,1,terrestrial,"introduced (alien, exotic, non-native, nonindigenous)",TRUE,USRIIS
Dioscorea alata L.,Dioscorea alata,Plantae,1591,Nigeria,NGA,41,terrestrial,"introduced (alien, exotic, non-native, nonindigenous); introduced",TRUE,SINAS; USRIIS; FirstRecords; GRIIS
Dioscorea bulbifera L.,Dioscorea bulbifera,Plantae,1959,Tonga,TON,33,terrestrial,"introduced (alien, exotic, non-native, nonindigenous); introduced",TRUE,USRIIS; FirstRecords; GRIIS
Dioscorea sansibarensis Pax,Dioscorea sansibarensis,Plantae,1928,Singapore,SGP,3,terrestrial,"introduced (alien, exotic, non-native, nonindigenous); introduced",TRUE,USRIIS; FirstRecords; GRIIS
Diospyros nigra (J.F.Gmel.) Perr.,Diospyros nigra,Plantae,NA,NA,NA,6,terrestrial,introduced,TRUE,FirstRecords; GRIIS
Diospyros virginiana L.,Diospyros virginiana,Plantae,NA,NA,NA,3,terrestrial,introduced,TRUE,FirstRecords; GRIIS
Diplachne fusca (L.) P.Beauv. ex Roem. & Schult.,Diplachne fusca,Plantae,1500,Italy,ITA,18,terrestrial,introduced,TRUE,DAISIE; FirstRecords; GRIIS
Diplazium esculentum (Retz.) Sw.,Diplazium esculentum,Plantae,1886,Australia,AUS,3,terrestrial,"introduced (alien, exotic, non-native, nonindigenous); introduced",TRUE,USRIIS; FirstRecords; GRIIS
"Diplopseustis perieresalis (Walker, 1859)",Diplopseustis perieresalis,Animalia,NA,NA,NA,3,terrestrial,introduced,TRUE,FirstRecords; GRIIS
Diplotaxis erucoides (L.) DC.,Diplotaxis erucoides,Plantae,1859,United Kingdom,GBR,10,terrestrial,"introduced (alien, exotic, non-native, nonindigenous); introduced",TRUE,USRIIS; TrIAS; FirstRecords; GRIIS
Diplotaxis muralis (L.) DC.,Diplotaxis muralis,Plantae,1500,Czechia,CZE,27,freshwater; terrestrial,"introduced (alien, exotic, non-native, nonindigenous); introduced",TRUE,DAISIE; USRIIS; FirstRecords; GRIIS; InstytutOchronyPrzyrody
Diplotaxis tenuifolia (L.) DC.,Diplotaxis tenuifolia,Plantae,1500,Czechia,CZE,25,freshwater; terrestrial,"introduced (alien, exotic, non-native, nonindigenous); introduced",TRUE,DAISIE; USRIIS; FirstRecords; GRIIS; InstytutOchronyPrzyrody
Dipogon lignosus (L.) Verdc.,Dipogon lignosus,Plantae,1810,Australia,AUS,7,terrestrial,"introduced (alien, exotic, non-native, nonindigenous); introduced",TRUE,USRIIS; FirstRecords; GRIIS
"Diprion similis (Hartig); Diprion similis (Hartig, 1834)",Diprion similis,Animalia,1914,United States,USA,2,terrestrial,"introduced (alien, exotic, non-native, nonindigenous); introduced",TRUE,USRIIS; FirstRecords; GRIIS
Dipsacus fullonum L.,Dipsacus fullonum,Plantae,1500,Germany,DEU,13,freshwater; terrestrial,"introduced (alien, exotic, non-native, nonindigenous); introduced",TRUE,DAISIE; USRIIS; FirstRecords; GRIIS
Dipsacus laciniatus L.,Dipsacus laciniatus,Plantae,1500,Switzerland,CHE,8,terrestrial,"introduced (alien, exotic, non-native, nonindigenous); introduced",TRUE,DAISIE; USRIIS; TrIAS; FirstRecords; GRIIS
Dipsacus sativus (L.) Honck.,Dipsacus sativus,Plantae,1500,Germany,DEU,15,terrestrial,"introduced (alien, exotic, non-native, nonindigenous); introduced",TRUE,DAISIE; USRIIS; TrIAS; FirstRecords; GRIIS
"Discoglossus pictus Otth, 1837",Discoglossus pictus,Animalia,1808,Spain,ESP,2,freshwater; terrestrial,introduced,TRUE,FirstRecords; GRIIS
Disphyma crassifolium (L.) L.Bolus,Disphyma crassifolium,Plantae,1500,United Kingdom,GBR,4,terrestrial,introduced,TRUE,DAISIE; FirstRecords; GRIIS
Distimake aegyptius (L.) A.R.Simões & Staples,Distimake aegyptius,Plantae,2012,India,IND,4,terrestrial,introduced,TRUE,FirstRecords; GRIIS
Distimake cissoides (Lam.) A.R.Simões & Staples,Distimake cissoides,Plantae,NA,NA,NA,2,terrestrial,introduced,TRUE,FirstRecords; GRIIS
Distimake dissectus (Jacq.) A.R.Simões & Staples,Distimake dissectus,Plantae,2009,Iran,IRN,16,terrestrial,introduced,TRUE,FirstRecords; GRIIS
Distimake quinquefolius (L.) A.R.Simões & Staples,Distimake quinquefolius,Plantae,1935,Australia,AUS,10,terrestrial,introduced,TRUE,FirstRecords; GRIIS
Distimake tuberosus (L.) A.R.Simões and Staples; Distimake tuberosus (L.) A.R.Simões & Staples,Distimake tuberosus,Plantae,1902,Democratic Republic of the Congo,COD,22,terrestrial,"introduced (alien, exotic, non-native, nonindigenous); introduced",TRUE,USRIIS; FirstRecords; GRIIS
Dittrichia graveolens (L.) Greuter,Dittrichia graveolens,Plantae,1770,Australia,AUS,15,terrestrial,"introduced (alien, exotic, non-native, nonindigenous); introduced",TRUE,USRIIS; TrIAS; FirstRecords; GRIIS
Dittrichia viscosa (L.) Greuter,Dittrichia viscosa,Plantae,1500,United Kingdom,GBR,4,terrestrial,"introduced (alien, exotic, non-native, nonindigenous); introduced",TRUE,DAISIE; USRIIS; TrIAS; FirstRecords; GRIIS
"Dodecastichus inflatus (Gyllenhal, 1834)",Dodecastichus inflatus,Animalia,1995,Sweden,SWE,2,terrestrial,introduced,TRUE,GRIIS; FirstRecords
"Dodonaea angustifolia Thunb., 1794",Dodonaea angustifolia,Plantae,NA,NA,NA,1,terrestrial,introduced,TRUE,GRIIS
Dodonaea viscosa (L.) Jacq.,Dodonaea viscosa,Plantae,1900,Cyprus,CYP,14,freshwater; terrestrial,introduced,TRUE,DAISIE; FirstRecords; GRIIS
Dolichandra uncata (Andrews) L.G.Lohmann,Dolichandra uncata,Plantae,NA,NA,NA,1,terrestrial,introduced,TRUE,FirstRecords; GRIIS
Dolichandra unguis-cati (L.) L.G. Lohmann; Dolichandra unguis-cati (L.) L.G.Lohmann,Dolichandra unguis-cati,Plantae,1840,China,CHN,26,terrestrial,"introduced (alien, exotic, non-native, nonindigenous); introduced",TRUE,USRIIS; FirstRecords; GRIIS
"Dolichopoda laetitiae Minozzi, 1920",Dolichopoda laetitiae,Animalia,NA,NA,NA,1,terrestrial,introduced,TRUE,FirstRecords; GRIIS
"Dolichopoda schiavazzii Capra, 1934",Dolichopoda schiavazzii,Animalia,NA,NA,NA,1,terrestrial,introduced,TRUE,GRIIS
Dombeya wallichii (Lindl.) Benth. & Hook.fil.,Dombeya wallichii,Plantae,NA,NA,NA,2,terrestrial,introduced,TRUE,FirstRecords; GRIIS
Dontostemon pinnatifidus (Willd.) Al-Shehbaz & H.Ohba,Dontostemon pinnatifidus,Plantae,NA,NA,NA,1,terrestrial,introduced,TRUE,FirstRecords; GRIIS
Dopatrium junceum (Roxb.) Buch.-Ham. ex Benth.,Dopatrium junceum,Plantae,1977,United States,USA,2,terrestrial,"introduced (alien, exotic, non-native, nonindigenous); introduced",TRUE,USRIIS; FirstRecords; GRIIS
Doronicum macrophyllum Fisch.,Doronicum macrophyllum,Plantae,1965,Norway,NOR,1,terrestrial,introduced,TRUE,SINAS; FirstRecords; GRIIS; Artsdatabanken
Dovyalis caffra (Hook.fil. & Harv.) Warb.,Dovyalis caffra,Plantae,1888,Australia,AUS,9,terrestrial,introduced,TRUE,FirstRecords; GRIIS
Dovyalis hebecarpa (Gardner) Warb.,Dovyalis hebecarpa,Plantae,1939,United States,USA,2,terrestrial,"introduced (alien, exotic, non-native, nonindigenous); introduced",TRUE,USRIIS; FirstRecords; GRIIS
Draba verna L.,Draba verna,Plantae,1865,Canada,CAN,7,terrestrial,"introduced (alien, exotic, non-native, nonindigenous); introduced",TRUE,USRIIS; FirstRecords; GRIIS; M.McGeoch_AUS_2025
Dracaena hyacinthoides (L.) Mabb.,Dracaena hyacinthoides,Plantae,1903,Bahamas,BHS,17,terrestrial,introduced,TRUE,FirstRecords; GRIIS
Dracaena trifasciata (Prain) Mabb.,Dracaena trifasciata,Plantae,NA,NA,NA,37,freshwater; terrestrial,introduced,TRUE,FirstRecords; GRIIS
Dracocephalum moldavica L.,Dracocephalum moldavica,Plantae,1500,Ukraine,UKR,12,terrestrial,"introduced (alien, exotic, non-native, nonindigenous); introduced",TRUE,DAISIE; USRIIS; TrIAS; FirstRecords; GRIIS
Dracocephalum thymiflorum L.,Dracocephalum thymiflorum,Plantae,1500,Slovakia,SVK,17,freshwater; terrestrial,"introduced (alien, exotic, non-native, nonindigenous); introduced",TRUE,DAISIE; USRIIS; TrIAS; FirstRecords; GRIIS; Artsdatabanken
"Dreissena bugensis Andrusov, 1897; Dreissena bugensis (Andrusov, 1897)",Dreissena bugensis,Animalia,1941,Ukraine,UKR,16,brackish; freshwater,"introduced (alien, exotic, non-native, nonindigenous); introduced",TRUE,USRIIS; TrIAS; FirstRecords; GRIIS; InstytutOchronyPrzyrody
"Dreissena polymorpha (Pallas, 1771)",Dreissena polymorpha,Animalia,1800,Poland,POL,34,brackish; freshwater,"introduced (alien, exotic, non-native, nonindigenous); introduced",TRUE,USRIIS; TrIAS; FirstRecords; GRIIS; InstytutOchronyPrzyrody
"Dreissena polymorpha polymorpha (Pallas, 1771)",Dreissena polymorpha polymorpha,Animalia,NA,NA,NA,1,brackish; freshwater,introduced,TRUE,FirstRecords; GRIIS
"Drepanotrema cimex (Moricand, 1838)",Drepanotrema cimex,Animalia,NA,NA,NA,1,freshwater,introduced,TRUE,FirstRecords; GRIIS
Drosanthemum floribundum (Haw.) Schwantes,Drosanthemum floribundum,Plantae,1500,United Kingdom,GBR,9,terrestrial,"introduced (alien, exotic, non-native, nonindigenous); introduced",TRUE,DAISIE; USRIIS; TrIAS; FirstRecords; GRIIS
Drosera intermedia Hayne,Drosera intermedia,Plantae,2003,Japan,JPN,1,terrestrial,introduced,TRUE,FirstRecords; GRIIS
"Drosophila suzukii (Matsumura, 1931)",Drosophila suzukii,Animalia,1935,Japan,JPN,14,terrestrial,"introduced (alien, exotic, non-native, nonindigenous); introduced",TRUE,CABI; USRIIS; TrIAS; FirstRecords; GRIIS; Artsdatabanken; InstytutOchronyPrzyrody
Drymaria cordata (L.) Willd. ex Schult.,Drymaria cordata,Plantae,1838,Philippines,PHL,39,terrestrial,"introduced (alien, exotic, non-native, nonindigenous); introduced",TRUE,SINAS; USRIIS; FirstRecords; GRIIS
"Dryocosmus kuriphilus Yasumatsu, 1951",Dryocosmus kuriphilus,Animalia,1941,Japan,JPN,8,terrestrial,"introduced (alien, exotic, non-native, nonindigenous); introduced",TRUE,USRIIS; FirstRecords; GRIIS
Dryopteris affinis (Lowe) Fraser-Jenk.,Dryopteris affinis,Plantae,NA,NA,NA,1,terrestrial,introduced,TRUE,GRIIS
Dryopteris erythrosora (D.C. Eaton) Kuntze; Dryopteris erythrosora (D.C.Eaton) Kuntze,Dryopteris erythrosora,Plantae,2015,Belgium,BEL,4,terrestrial,"introduced (alien, exotic, non-native, nonindigenous); introduced",TRUE,USRIIS; TrIAS; FirstRecords; GRIIS
Dryopteris filix-mas (L.) Schott,Dryopteris filix-mas,Plantae,1958,New Zealand,NZL,1,terrestrial,introduced,TRUE,FirstRecords; GRIIS
"Duponchelia fovealis Zeller, 1847",Duponchelia fovealis,Animalia,1966,United Kingdom,GBR,6,terrestrial,"introduced (alien, exotic, non-native, nonindigenous); introduced",TRUE,DAISIE; USRIIS; FirstRecords; GRIIS
Duranta erecta L.,Duranta erecta,Plantae,1845,India,IND,40,terrestrial,"introduced (alien, exotic, non-native, nonindigenous); introduced",TRUE,USRIIS; FirstRecords; GRIIS
"Duttaphrynus melanostictus (Schneider, 1799)",Duttaphrynus melanostictus,Animalia,2015,Belgium,BEL,5,freshwater; terrestrial,introduced,TRUE,TrIAS; FirstRecords; GRIIS
Dypsis lutescens (H. Wendl.) Beentje and J. Dransf.; Dypsis lutescens (H.Wendl.) Beentje & J.Dransf.,Dypsis lutescens,Plantae,1911,India,IND,10,terrestrial,"introduced (alien, exotic, non-native, nonindigenous); introduced",TRUE,USRIIS; FirstRecords; GRIIS
Dypsis madagascariensis D.T.Fish,Dypsis madagascariensis,Plantae,NA,NA,NA,4,terrestrial,introduced,TRUE,FirstRecords; GRIIS
"Dysaphis tulipae (Fonscolombe, 1841); Dysaphis tulipae (Boyer de Fonscolombe, 1841)",Dysaphis tulipae,Animalia,1841,France,FRA,3,terrestrial,"introduced (alien, exotic, non-native, nonindigenous); introduced",TRUE,DAISIE; USRIIS; GRIIS
"Dysdera crocata C. L. Koch, 1838; Dysdera crocata C.L.Koch, 1838",Dysdera crocata,Animalia,1901,Italy,ITA,8,terrestrial,"introduced (alien, exotic, non-native, nonindigenous); introduced",TRUE,DAISIE; USRIIS; FirstRecords; GRIIS; InstytutOchronyPrzyrody
"Dysdercus andreae (Linnaeus, 1758)",Dysdercus andreae,Animalia,NA,NA,NA,1,terrestrial,introduced,TRUE,GRIIS
"Dysmicoccus brevipes (Cockerell, 1893)",Dysmicoccus brevipes,Animalia,1880,United States,USA,2,terrestrial,"introduced (alien, exotic, non-native, nonindigenous); introduced",TRUE,USRIIS; GRIIS
Dysphania ambrosioides (L.) Mosyakin and Clemants; Dysphania ambrosioides (L.) Mosyakin & Clemants,Dysphania ambrosioides,Plantae,1783,Bhutan,BTN,71,freshwater; terrestrial,"introduced (alien, exotic, non-native, nonindigenous); introduced",TRUE,USRIIS; TrIAS; FirstRecords; GRIIS
"Dysphania atriplicifolia (Spreng.) G.Kadereit, Sukhor. & Uotila",Dysphania atriplicifolia,Plantae,NA,NA,NA,4,terrestrial,introduced,TRUE,FirstRecords; GRIIS
Dysphania botrys (L.) Mosyakin and Clemants; Dysphania botrys (L.) Mosyakin & Clemants,Dysphania botrys,Plantae,1613,Poland,POL,19,freshwater; terrestrial,"introduced (alien, exotic, non-native, nonindigenous); introduced",TRUE,USRIIS; TrIAS; FirstRecords; GRIIS; InstytutOchronyPrzyrody
Dysphania multifida (L.) Mosyakin and Clemants; Dysphania multifida (L.) Mosyakin & Clemants,Dysphania multifida,Plantae,1865,France,FRA,17,terrestrial,"introduced (alien, exotic, non-native, nonindigenous); introduced",TRUE,USRIIS; TrIAS; FirstRecords; GRIIS
Dysphania pumilio (R. Br.) Mosyakin and Clemants; Dysphania pumilio (R.Br.) Mosyakin & Clemants,Dysphania pumilio,Plantae,1834,New Zealand,NZL,25,terrestrial,"introduced (alien, exotic, non-native, nonindigenous); introduced",TRUE,SINAS; USRIIS; TrIAS; FirstRecords; GRIIS; InstytutOchronyPrzyrody
Eccremocarpus scaber Ruiz & Pav.,Eccremocarpus scaber,Plantae,1888,Australia,AUS,2,terrestrial,introduced,TRUE,SINAS; FirstRecords; GRIIS
"Echidnophaga gallinacea (Westwood, 1875)",Echidnophaga gallinacea,Animalia,NA,NA,NA,2,terrestrial,"introduced (alien, exotic, non-native, nonindigenous); introduced",TRUE,USRIIS; GRIIS
Echinochloa colonum (L.) Link,Echinochloa colonum,Plantae,1500,Czechia,CZE,75,terrestrial,introduced,TRUE,DAISIE; TrIAS; FirstRecords; GRIIS
Echinochloa crus-galli (L.) P. Beauv.; Echinochloa crus-galli (L.) P.Beauv.,Echinochloa crus-galli,Plantae,-5300,Czechia,CZE,70,brackish; freshwater; terrestrial,"introduced (alien, exotic, non-native, nonindigenous); introduced",TRUE,DAISIE; USRIIS; TrIAS; FirstRecords; GRIIS; Artsdatabanken; InstytutOchronyPrzyrody
Echinochloa crus-pavonis (Kunth) Schult.,Echinochloa crus-pavonis,Plantae,1854,Chile,CHL,9,terrestrial,"introduced (alien, exotic, non-native, nonindigenous); introduced",TRUE,USRIIS; FirstRecords; GRIIS
Echinochloa frumentacea Link,Echinochloa frumentacea,Plantae,1500,Czechia,CZE,16,terrestrial,"introduced (alien, exotic, non-native, nonindigenous); introduced",TRUE,DAISIE; USRIIS; TrIAS; FirstRecords; GRIIS
Echinochloa oryzoides (Ard.) Fritsch,Echinochloa oryzoides,Plantae,1905,Australia,AUS,20,terrestrial,"introduced (alien, exotic, non-native, nonindigenous); introduced",TRUE,USRIIS; TrIAS; FirstRecords; GRIIS
Echinochloa pyramidalis (Lam.) Hitchc. & Chase,Echinochloa pyramidalis,Plantae,1946,Australia,AUS,12,terrestrial,introduced,TRUE,FirstRecords; GRIIS
Echinochloa stagnina (Retz.) P.Beauv.,Echinochloa stagnina,Plantae,1864,Indonesia,IDN,9,terrestrial,introduced,TRUE,SINAS; FirstRecords; GRIIS
"Echinococcus multilocularis (Leuckart, 1863)",Echinococcus multilocularis,Animalia,NA,NA,NA,1,terrestrial,introduced,TRUE,GRIIS
Echinocystis lobata (Michx.) Torr. & A.Gray,Echinocystis lobata,Plantae,1500,Bulgaria,BGR,28,freshwater; terrestrial,introduced,TRUE,DAISIE; TrIAS; FirstRecords; GRIIS; InstytutOchronyPrzyrody
"Echinops banaticus Rochel & Borza, 1942",Echinops banaticus,Plantae,1500,Austria,AUT,2,terrestrial,introduced,TRUE,DAISIE; FirstRecords; GRIIS
Echinops exaltatus Schrad.,Echinops exaltatus,Plantae,1500,Austria,AUT,13,terrestrial,"introduced (alien, exotic, non-native, nonindigenous); introduced",TRUE,DAISIE; USRIIS; TrIAS; FirstRecords; GRIIS; Artsdatabanken; InstytutOchronyPrzyrody
Echinops polyceras Boiss.,Echinops polyceras,Plantae,NA,NA,NA,1,terrestrial,introduced,TRUE,FirstRecords; GRIIS
Echinops sphaerocephalus L.,Echinops sphaerocephalus,Plantae,1500,Germany,DEU,15,freshwater; terrestrial,"introduced (alien, exotic, non-native, nonindigenous); introduced",TRUE,DAISIE; USRIIS; TrIAS; FirstRecords; GRIIS; Artsdatabanken; InstytutOchronyPrzyrody
"Echinothrips americanus Morgan, 1913",Echinothrips americanus,Animalia,1989,United Kingdom,GBR,5,terrestrial,"introduced (alien, exotic, non-native, nonindigenous); introduced",TRUE,EPPO Distribution; USRIIS; TrIAS; FirstRecords; GRIIS
Echium candicans L. f.; Echium candicans L.fil.,Echium candicans,Plantae,1500,Italy,ITA,5,terrestrial,"introduced (alien, exotic, non-native, nonindigenous); introduced",TRUE,DAISIE; USRIIS; FirstRecords; GRIIS
Echium plantagineum L.,Echium plantagineum,Plantae,1500,Austria,AUT,25,terrestrial,"introduced (alien, exotic, non-native, nonindigenous); introduced",TRUE,DAISIE; USRIIS; TrIAS; FirstRecords; GRIIS
Echium vulgare L.,Echium vulgare,Plantae,-5300,Czechia,CZE,17,terrestrial,"introduced (alien, exotic, non-native, nonindigenous); introduced",TRUE,DAISIE; USRIIS; FirstRecords; GRIIS
Eclipta prostrata (L.) L.,Eclipta prostrata,Plantae,1500,Italy,ITA,47,terrestrial,"introduced (alien, exotic, non-native, nonindigenous); introduced",TRUE,DAISIE; USRIIS; TrIAS; FirstRecords; GRIIS
"Ectopsocus briggsi McLachlan, 1899",Ectopsocus briggsi,Animalia,1899,United Kingdom,GBR,6,terrestrial,"introduced (alien, exotic, non-native, nonindigenous); introduced",TRUE,"SINAS, DAISIE; USRIIS; TrIAS; GRIIS"
Ehrharta calycina Sm.,Ehrharta calycina,Plantae,1877,Australia,AUS,4,terrestrial,"introduced (alien, exotic, non-native, nonindigenous); introduced",TRUE,USRIIS; FirstRecords; GRIIS
Ehrharta erecta Lam.,Ehrharta erecta,Plantae,1500,Italy,ITA,11,terrestrial,"introduced (alien, exotic, non-native, nonindigenous); introduced",TRUE,DAISIE; USRIIS; FirstRecords; GRIIS
Ehrharta longiflora Sm.,Ehrharta longiflora,Plantae,1770,Australia,AUS,4,terrestrial,"introduced (alien, exotic, non-native, nonindigenous); introduced",TRUE,USRIIS; TrIAS; FirstRecords; GRIIS
Ehrharta villosa Schult.f.,Ehrharta villosa,Plantae,1912,Australia,AUS,2,terrestrial,introduced,TRUE,FirstRecords; GRIIS
"Eisenia fetida (Savigny, 1826)",Eisenia fetida,Animalia,1899,United States,USA,5,terrestrial,"introduced (alien, exotic, non-native, nonindigenous); introduced",TRUE,USRIIS; FirstRecords; GRIIS
Elaeagnus angustifolia L.,Elaeagnus angustifolia,Plantae,1500,Bulgaria,BGR,30,terrestrial,"introduced (alien, exotic, non-native, nonindigenous); introduced",TRUE,DAISIE; USRIIS; TrIAS; FirstRecords; GRIIS; InstytutOchronyPrzyrody
Elaeagnus commutata Bernh. ex Rydb.,Elaeagnus commutata,Plantae,1500,Germany,DEU,10,freshwater; terrestrial,introduced,TRUE,DAISIE; FirstRecords; GRIIS; Artsdatabanken; InstytutOchronyPrzyrody
Elaeagnus multiflora Thunb.,Elaeagnus multiflora,Plantae,1500,Bulgaria,BGR,5,terrestrial,"introduced (alien, exotic, non-native, nonindigenous); introduced",TRUE,DAISIE; USRIIS; TrIAS; FirstRecords; GRIIS
Elaeagnus pungens Thunb.,Elaeagnus pungens,Plantae,1500,Italy,ITA,7,terrestrial,"introduced (alien, exotic, non-native, nonindigenous); introduced",TRUE,DAISIE; USRIIS; TrIAS; FirstRecords; GRIIS
Elaeagnus × reflexa É.Morren & Decne.,Elaeagnus reflexa,Plantae,1940,New Zealand,NZL,2,terrestrial,introduced,TRUE,FirstRecords; GRIIS
Elaeagnus umbellata Thunb.,Elaeagnus umbellata,Plantae,1500,United Kingdom,GBR,15,terrestrial,"introduced (alien, exotic, non-native, nonindigenous); introduced",TRUE,DAISIE; USRIIS; TrIAS; FirstRecords; GRIIS
Elaeis guineensis Jacq.,Elaeis guineensis,Plantae,1600,Brazil,BRA,37,terrestrial,"introduced (alien, exotic, non-native, nonindigenous); introduced",TRUE,USRIIS; FirstRecords; GRIIS
Elaeocarpus angustifolius Blume,Elaeocarpus angustifolius,Plantae,1909,United States,USA,5,terrestrial,"introduced (alien, exotic, non-native, nonindigenous); introduced",TRUE,USRIIS; FirstRecords; GRIIS
"Elaphe climacophora (Boie, 1826)",Elaphe climacophora,Animalia,1984,Japan,JPN,1,terrestrial,introduced,TRUE,FirstRecords; GRIIS
"Elaphe taeniura (Cope, 1861)",Elaphe taeniura,Animalia,1954,Japan,JPN,3,terrestrial,introduced,TRUE,TrIAS; FirstRecords; GRIIS
Elatine ambigua Wight,Elatine ambigua,Plantae,NA,NA,NA,3,terrestrial,"introduced (alien, exotic, non-native, nonindigenous); introduced",TRUE,USRIIS; FirstRecords; GRIIS
"Elatobium abietinum (F.Walker, 1849); Elatobium abietinum (Walker, 1849)",Elatobium abietinum,Animalia,1847,United Kingdom,GBR,2,terrestrial,"introduced (alien, exotic, non-native, nonindigenous); introduced",TRUE,DAISIE; USRIIS; GRIIS
"Electrophorus electricus (Linnaeus, 1766)",Electrophorus electricus,Animalia,NA,NA,NA,1,freshwater,introduced,TRUE,FirstRecords; GRIIS
Eleocharis dulcis (Burm. f.) Trin. ex Hensch.; Eleocharis dulcis (Burm.f.) Trin. ex Hensch.,Eleocharis dulcis,Plantae,1905,Japan,JPN,10,freshwater; terrestrial,"introduced (alien, exotic, non-native, nonindigenous); introduced",TRUE,SINAS; USRIIS; FirstRecords; GRIIS
Eleocharis geniculata (L.) Roem. and Schult.; Eleocharis geniculata (L.) Roem. & Schult.,Eleocharis geniculata,Plantae,1500,Italy,ITA,12,freshwater; terrestrial,"introduced (alien, exotic, non-native, nonindigenous); introduced",TRUE,DAISIE; USRIIS; FirstRecords; GRIIS
Elephantopus mollis Kunth,Elephantopus mollis,Plantae,1879,Madagascar,MDG,36,freshwater; terrestrial,"introduced (alien, exotic, non-native, nonindigenous); introduced",TRUE,SINAS; USRIIS; FirstRecords; GRIIS
Elephantopus scaber L.,Elephantopus scaber,Plantae,NA,NA,NA,4,terrestrial,introduced,TRUE,GRIIS
Elettaria cardamomum (L.) Maton,Elettaria cardamomum,Plantae,NA,NA,NA,5,terrestrial,introduced,TRUE,FirstRecords; GRIIS
Eleusine indica (L.) Gaertn.,Eleusine indica,Plantae,1500,Bulgaria,BGR,94,terrestrial,"introduced (alien, exotic, non-native, nonindigenous); introduced",TRUE,DAISIE; USRIIS; TrIAS; FirstRecords; GRIIS
Eleusine tristachya (Lam.) Lam.,Eleusine tristachya,Plantae,1500,Bulgaria,BGR,16,freshwater; terrestrial,"introduced (alien, exotic, non-native, nonindigenous); introduced",TRUE,DAISIE; USRIIS; TrIAS; FirstRecords; GRIIS
Eleutheranthera ruderalis (Sw.) Sch.Bip.,Eleutheranthera ruderalis,Plantae,1888,Indonesia,IDN,22,terrestrial,introduced,TRUE,FirstRecords; GRIIS
"Eleutherodactylus coqui Thomas, 1966",Eleutherodactylus coqui,Animalia,1972,United States,USA,5,freshwater; terrestrial,"introduced (alien, exotic, non-native, nonindigenous); introduced",TRUE,USRIIS; FirstRecords; GRIIS
"Eleutherodactylus johnstonei Barbour, 1914",Eleutherodactylus johnstonei,Animalia,1879,Barbados,BRB,12,freshwater; terrestrial,introduced,TRUE,FirstRecords; GRIIS
"Eleutherodactylus martinicensis (Tschudi, 1838)",Eleutherodactylus martinicensis,Animalia,1952,Germany,DEU,1,freshwater; terrestrial,introduced,TRUE,FirstRecords; GRIIS
"Eleutherodactylus planirostris (Cope, 1862)",Eleutherodactylus planirostris,Animalia,1863,United States,USA,8,freshwater; terrestrial,"introduced (alien, exotic, non-native, nonindigenous); introduced",TRUE,USRIIS; FirstRecords; GRIIS
Elodea callitrichoides (Rich.) Casp.,Elodea callitrichoides,Plantae,1500,United Kingdom,GBR,7,freshwater; terrestrial,"introduced (alien, exotic, non-native, nonindigenous); introduced",TRUE,DAISIE; USRIIS; FirstRecords; GRIIS
Elodea canadensis Michx.,Elodea canadensis,Plantae,1836,Ireland,IRL,48,freshwater; terrestrial,"introduced (alien, exotic, non-native, nonindigenous); introduced",TRUE,USRIIS; TrIAS; FirstRecords; GRIIS; Artsdatabanken
Elodea densa (Planch.) Casp.,Elodea densa,Plantae,1901,Netherlands,NLD,37,freshwater; terrestrial,introduced,TRUE,SINAS; TrIAS; FirstRecords; GRIIS; Artsdatabanken; InstytutOchronyPrzyrody
Elodea nuttallii (Planch.) H. St. John; Elodea nuttallii (Planch.) H.St.John,Elodea nuttallii,Plantae,1500,Switzerland,CHE,27,freshwater; terrestrial,"introduced (alien, exotic, non-native, nonindigenous); introduced",TRUE,DAISIE; USRIIS; TrIAS; FirstRecords; GRIIS; Artsdatabanken; InstytutOchronyPrzyrody
Elsholtzia ciliata (Thunb.) Hyl.,Elsholtzia ciliata,Plantae,1500,Germany,DEU,22,freshwater; terrestrial,"introduced (alien, exotic, non-native, nonindigenous); introduced",TRUE,DAISIE; USRIIS; TrIAS; FirstRecords; GRIIS; InstytutOchronyPrzyrody
"Eluma caelata (Miers, 1878)",Eluma caelata,Animalia,NA,NA,NA,2,terrestrial,introduced,TRUE,FirstRecords; GRIIS
Elymus repens (L.) Gould,Elymus repens,Plantae,1887,Mexico,MEX,13,terrestrial,"introduced (alien, exotic, non-native, nonindigenous); introduced",TRUE,USRIIS; FirstRecords; GRIIS
Elymus sibiricus L.,Elymus sibiricus,Plantae,1807,Estonia,EST,8,freshwater; terrestrial,"introduced (alien, exotic, non-native, nonindigenous); introduced",TRUE,USRIIS; FirstRecords; GRIIS
Embothrium coccineum J.R.Forst. & G.Forst.,Embothrium coccineum,Plantae,1986,New Zealand,NZL,1,terrestrial,introduced,TRUE,FirstRecords; GRIIS
Emilia coccinea (Sims) G. Don; Emilia coccinea (Sims) G.Don,Emilia coccinea,Plantae,1855,India,IND,6,terrestrial,"introduced (alien, exotic, non-native, nonindigenous); introduced",TRUE,USRIIS; FirstRecords; GRIIS
Emilia fosbergii Nicolson,Emilia fosbergii,Plantae,1855,India,IND,20,terrestrial,"introduced (alien, exotic, non-native, nonindigenous); introduced",TRUE,USRIIS; TrIAS; FirstRecords; GRIIS
Emilia praetermissa Milne-Redh.,Emilia praetermissa,Plantae,NA,NA,NA,1,terrestrial,introduced,TRUE,FirstRecords; GRIIS
Emilia sonchifolia (L) DC; Emilia sonchifolia (L.) DC. ex Wight,Emilia sonchifolia,Plantae,1885,Australia,AUS,44,terrestrial,"introduced (alien, exotic, non-native, nonindigenous); introduced",TRUE,USRIIS; FirstRecords; GRIIS
"Emys orbicularis (Linnaeus, 1758)",Emys orbicularis,Animalia,1669,Germany,DEU,11,freshwater; terrestrial,introduced,TRUE,SINAS; TrIAS; FirstRecords; GRIIS
Enchylaena tomentosa R. Br.; Enchylaena tomentosa R.Br.,Enchylaena tomentosa,Plantae,1985,United States,USA,2,terrestrial,"introduced (alien, exotic, non-native, nonindigenous); introduced",TRUE,USRIIS; FirstRecords; GRIIS
"Endrosis sarcitrella (Linnaeus, 1758); Endrosis sarcitrella Linnaeus, 1758",Endrosis sarcitrella,Animalia,NA,NA,NA,4,terrestrial,"introduced (alien, exotic, non-native, nonindigenous); introduced",TRUE,USRIIS; FirstRecords; GRIIS
Enneapogon cenchroides (Licht.) C.E.Hubb.,Enneapogon cenchroides,Plantae,NA,NA,NA,2,terrestrial,"introduced (alien, exotic, non-native, nonindigenous); introduced",TRUE,USRIIS; FirstRecords; GRIIS
Entada gigas (L.) Fawc. & Rendle,Entada gigas,Plantae,NA,NA,NA,2,terrestrial,introduced,TRUE,FirstRecords; GRIIS
Entada rheedei Spreng.,Entada rheedei,Plantae,NA,NA,NA,3,terrestrial,introduced,TRUE,FirstRecords; GRIIS
"Enteromius anoplus (Weber, 1897)",Enteromius anoplus,Animalia,1974,Namibia,NAM,1,brackish; freshwater,introduced,TRUE,FirstRecords; GRIIS
"Eocyzicus orientalis Daday, 1914",Eocyzicus orientalis,Animalia,1981,Ukraine,UKR,1,freshwater,introduced,TRUE,FirstRecords; GRIIS
"Ephestia elutella (Hübner, 1796)",Ephestia elutella,Animalia,1565,United States,USA,15,terrestrial,"introduced (alien, exotic, non-native, nonindigenous); introduced",TRUE,USRIIS; FirstRecords; GRIIS
"Ephestia kuehniella Zeller, 1879",Ephestia kuehniella,Animalia,1800,Norway,NOR,16,terrestrial,"introduced (alien, exotic, non-native, nonindigenous); introduced",TRUE,SINAS; USRIIS; FirstRecords; GRIIS
"Epicrates cenchria (Linnaeus, 1758)",Epicrates cenchria,Animalia,NA,NA,NA,2,terrestrial,introduced,TRUE,FirstRecords; GRIIS
Epidendrum radicans Pav. ex Lindl.,Epidendrum radicans,Plantae,2019,India,IND,4,terrestrial,"introduced (alien, exotic, non-native, nonindigenous); introduced",TRUE,USRIIS; FirstRecords; GRIIS
"Epilachna varivestis Mulsant, 1850",Epilachna varivestis,Animalia,1850,United States,USA,2,terrestrial,"introduced (alien, exotic, non-native, nonindigenous); introduced",TRUE,USRIIS; FirstRecords; GRIIS
Epilobium brunnescens (Cockayne) P.H.Raven & Engelhorn,Epilobium brunnescens,Plantae,1500,United Kingdom,GBR,5,terrestrial,introduced,TRUE,DAISIE; FirstRecords; GRIIS
Epilobium ciliatum Raf.,Epilobium ciliatum,Plantae,1500,Switzerland,CHE,30,freshwater; terrestrial,"introduced (alien, exotic, non-native, nonindigenous); introduced",TRUE,DAISIE; USRIIS; TrIAS; FirstRecords; GRIIS; InstytutOchronyPrzyrody
Epilobium ciliatum subsp. ciliatum,Epilobium ciliatum ciliatum,Plantae,1926,Norway,NOR,4,terrestrial,introduced,TRUE,GRIIS; FirstRecords; Artsdatabanken
Epilobium ciliatum subsp. glandulosum (Lehm.) Hoch & P.H.Raven,Epilobium ciliatum glandulosum,Plantae,1927,Norway,NOR,2,terrestrial,introduced,TRUE,FirstRecords; GRIIS; Artsdatabanken
Epilobium hirsutum L.,Epilobium hirsutum,Plantae,1829,United States,USA,6,brackish; freshwater; terrestrial,"introduced (alien, exotic, non-native, nonindigenous); introduced",TRUE,USRIIS; FirstRecords; GRIIS
Epilobium komarovianum H.Lév.,Epilobium komarovianum,Plantae,1500,United Kingdom,GBR,6,terrestrial,introduced,TRUE,DAISIE; FirstRecords; GRIIS
Epilobium pseudorubescens A.K.Skvortsov,Epilobium pseudorubescens,Plantae,1781,Russia,RUS,3,terrestrial,introduced,TRUE,FirstRecords; GRIIS
Epilobium tetragonum L.,Epilobium tetragonum,Plantae,1500,Ireland,IRL,6,terrestrial,introduced,TRUE,DAISIE; FirstRecords; GRIIS
Epipactis helleborine (L.) Crantz,Epipactis helleborine,Plantae,1892,Canada,CAN,2,terrestrial,"introduced (alien, exotic, non-native, nonindigenous); introduced",TRUE,USRIIS; FirstRecords; GRIIS
"Epiphyas postvittana (Walker, 1863)",Epiphyas postvittana,Animalia,1896,United States,USA,5,terrestrial,"introduced (alien, exotic, non-native, nonindigenous); introduced",TRUE,USRIIS; FirstRecords; GRIIS
Epipremnum aureum (Linden & André) G.S.Bunting,Epipremnum aureum,Plantae,1888,Australia,AUS,8,freshwater; terrestrial,introduced,TRUE,FirstRecords; GRIIS
Epipremnum pinnatum (L.) Engl.,Epipremnum pinnatum,Plantae,1930,United States,USA,21,terrestrial,"introduced (alien, exotic, non-native, nonindigenous); introduced",TRUE,USRIIS; FirstRecords; GRIIS
Episcia cupreata (Hook.fil.) Hanst.,Episcia cupreata,Plantae,NA,NA,NA,8,terrestrial,introduced,TRUE,FirstRecords; GRIIS
Episcia reptans Mart.,Episcia reptans,Plantae,NA,NA,NA,5,terrestrial,introduced,TRUE,FirstRecords; GRIIS
"Epitrix hirtipennis (F. E. Melsheimer, 1847); Epitrix hirtipennis (Melsheimer, 1847)",Epitrix hirtipennis,Animalia,1984,Italy,ITA,5,terrestrial,"introduced (alien, exotic, non-native, nonindigenous); introduced",TRUE,DAISIE; USRIIS; FirstRecords; GRIIS
"Epitrix tuberis Gentner, 1944",Epitrix tuberis,Animalia,1987,Ecuador,ECU,2,terrestrial,introduced,TRUE,FirstRecords; GRIIS
Equisetum arvense L.,Equisetum arvense,Plantae,1500,Bulgaria,BGR,6,freshwater; terrestrial,introduced,TRUE,DAISIE; FirstRecords; GRIIS
Equisetum ramosissimum Desf.,Equisetum ramosissimum,Plantae,1500,United Kingdom,GBR,4,freshwater; terrestrial,introduced,TRUE,DAISIE; FirstRecords; GRIIS
"Equus africanus Heuglin & Fitzinger, 1866",Equus africanus,Animalia,NA,NA,NA,1,terrestrial,introduced,TRUE,FirstRecords; GRIIS
"Equus asinus Linnaeus, 1758",Equus asinus,Animalia,1500,Argentina,ARG,24,terrestrial,"introduced (alien, exotic, non-native, nonindigenous); introduced",TRUE,USRIIS; FirstRecords; GRIIS
"Equus caballus Linnaeus, 1758",Equus caballus,Animalia,1316,Germany,DEU,23,terrestrial,"introduced (alien, exotic, non-native, nonindigenous); introduced",TRUE,SINAS; USRIIS; FirstRecords; GRIIS
Eragrostis atrovirens (Desf.) Trin. ex Steud.,Eragrostis atrovirens,Plantae,1948,Belgium,BEL,9,terrestrial,"introduced (alien, exotic, non-native, nonindigenous); introduced",TRUE,USRIIS; TrIAS; FirstRecords; GRIIS
Eragrostis cilianensis (Bellardi) Vignolo ex Janch.; Eragrostis cilianensis (All.) Vignolo ex Janch.,Eragrostis cilianensis,Plantae,1500,Switzerland,CHE,30,terrestrial,"introduced (alien, exotic, non-native, nonindigenous); introduced",TRUE,DAISIE; USRIIS; TrIAS; FirstRecords; GRIIS
Eragrostis ciliaris (L.) R. Br.; Eragrostis ciliaris (L.) R.Br.,Eragrostis ciliaris,Plantae,1897,Belgium,BEL,14,terrestrial,"introduced (alien, exotic, non-native, nonindigenous); introduced",TRUE,USRIIS; TrIAS; FirstRecords; GRIIS
Eragrostis curvula (Schrad.) Nees,Eragrostis curvula,Plantae,1500,Germany,DEU,21,terrestrial,"introduced (alien, exotic, non-native, nonindigenous); introduced",TRUE,DAISIE; USRIIS; TrIAS; FirstRecords; GRIIS
Eragrostis japonica (Thunb.) Trin.,Eragrostis japonica,Plantae,1879,Madagascar,MDG,17,freshwater; terrestrial,"introduced (alien, exotic, non-native, nonindigenous); introduced",TRUE,USRIIS; FirstRecords; GRIIS
Eragrostis lehmanniana Nees,Eragrostis lehmanniana,Plantae,1971,Mexico,MEX,2,terrestrial,"introduced (alien, exotic, non-native, nonindigenous); introduced",TRUE,USRIIS; FirstRecords; GRIIS
Eragrostis minor Host,Eragrostis minor,Plantae,1500,Czechia,CZE,27,freshwater; terrestrial,"introduced (alien, exotic, non-native, nonindigenous); introduced",TRUE,DAISIE; USRIIS; TrIAS; FirstRecords; GRIIS; InstytutOchronyPrzyrody
Eragrostis pectinacea (Michx.) Nees,Eragrostis pectinacea,Plantae,1500,Italy,ITA,17,terrestrial,"introduced (alien, exotic, non-native, nonindigenous); introduced",TRUE,DAISIE; USRIIS; TrIAS; FirstRecords; GRIIS
Eragrostis pilosa (L.) P. Beauv.; Eragrostis pilosa (L.) P.Beauv.,Eragrostis pilosa,Plantae,1802,Australia,AUS,41,terrestrial,"introduced (alien, exotic, non-native, nonindigenous); introduced",TRUE,USRIIS; TrIAS; FirstRecords; GRIIS; InstytutOchronyPrzyrody
Eragrostis plana Nees,Eragrostis plana,Plantae,1911,Belgium,BEL,5,terrestrial,"introduced (alien, exotic, non-native, nonindigenous); introduced",TRUE,USRIIS; TrIAS; FirstRecords; GRIIS
Eragrostis scabriflora Swallen,Eragrostis scabriflora,Plantae,NA,NA,NA,1,terrestrial,introduced,TRUE,FirstRecords; GRIIS
Eragrostis superba Peyr.,Eragrostis superba,Plantae,1933,Australia,AUS,5,terrestrial,"introduced (alien, exotic, non-native, nonindigenous); introduced",TRUE,USRIIS; FirstRecords; GRIIS
Eragrostis tenella (L.) P. Beauv. ex Roem. and Schult.; Eragrostis tenella (L.) P.Beauv. ex Roem. & Schult.,Eragrostis tenella,Plantae,NA,NA,NA,6,terrestrial,"introduced (alien, exotic, non-native, nonindigenous); introduced",TRUE,USRIIS; FirstRecords; GRIIS
Eragrostis tenuifolia (A. Rich.) Hochst. ex Steud.; Eragrostis tenuifolia (A.Rich.) Hochst. ex Steud.,Eragrostis tenuifolia,Plantae,NA,NA,NA,9,terrestrial,"introduced (alien, exotic, non-native, nonindigenous); introduced",TRUE,USRIIS; FirstRecords; GRIIS
Eragrostis unioloides (Retz.) Nees ex Steud.,Eragrostis unioloides,Plantae,1902,United States,USA,11,terrestrial,"introduced (alien, exotic, non-native, nonindigenous); introduced",TRUE,USRIIS; FirstRecords; GRIIS
Eragrostis viscosa (Retz.) Trin.,Eragrostis viscosa,Plantae,2007,Bolivia; Venezuela,BOL; VEN,30,terrestrial,introduced,TRUE,FirstRecords; GRIIS
"Erannis defoliaria (Clerck, 1759)",Erannis defoliaria,Animalia,1938,Iceland,ISL,3,terrestrial,introduced,TRUE,FirstRecords; GRIIS
Erechtites hieraciifolius (L.) Raf. ex DC.,Erechtites hieraciifolius,Plantae,1500,Czechia,CZE,27,terrestrial,"introduced (alien, exotic, non-native, nonindigenous); introduced",TRUE,DAISIE; USRIIS; FirstRecords; GRIIS; InstytutOchronyPrzyrody
Erechtites valerianifolius (Wolf ex Rchb.) DC.,Erechtites valerianifolius,Plantae,1845,Indonesia,IDN,20,terrestrial,introduced,TRUE,SINAS; FirstRecords; GRIIS
Eremochloa ophiuroides (Munro) Hack.,Eremochloa ophiuroides,Plantae,1948,Congo - Kinshasa,COD,5,terrestrial,"introduced (alien, exotic, non-native, nonindigenous); introduced",TRUE,SINAS; USRIIS; FirstRecords; GRIIS
"Eretmoptera murphyi Sch�ffer, 1914",Eretmoptera murphyi,Animalia,1982,Antarctica,ATA,1,terrestrial,introduced,TRUE,AntarcticAliens
Erica arborea L.,Erica arborea,Plantae,1500,United Kingdom,GBR,4,terrestrial,introduced,TRUE,DAISIE; FirstRecords; GRIIS
Erica baccans L.,Erica baccans,Plantae,1843,Australia,AUS,2,terrestrial,introduced,TRUE,FirstRecords; GRIIS
Erica caffra L.,Erica caffra,Plantae,1940,New Zealand,NZL,3,terrestrial,introduced,TRUE,FirstRecords; GRIIS
Erica cinerea L.,Erica cinerea,Plantae,1940,New Zealand,NZL,2,terrestrial,"introduced (alien, exotic, non-native, nonindigenous); introduced",TRUE,USRIIS; FirstRecords; GRIIS
Erica lusitanica K. Rudolphi; Erica lusitanica Rudolphi,Erica lusitanica,Plantae,1500,United Kingdom,GBR,4,terrestrial,"introduced (alien, exotic, non-native, nonindigenous); introduced",TRUE,DAISIE; USRIIS; FirstRecords; GRIIS
Erica tetralix L.,Erica tetralix,Plantae,1500,Switzerland,CHE,5,terrestrial,"introduced (alien, exotic, non-native, nonindigenous); introduced",TRUE,DAISIE; USRIIS; FirstRecords; GRIIS
Erica vagans L.,Erica vagans,Plantae,1888,Australia,AUS,5,terrestrial,"introduced (alien, exotic, non-native, nonindigenous); introduced",TRUE,SINAS; USRIIS; TrIAS; FirstRecords; GRIIS
Erigeron acer subsp. acer,Erigeron acer acer,Plantae,NA,NA,NA,1,terrestrial,introduced,TRUE,GRIIS
Erigeron acris L.,Erigeron acris,Plantae,NA,NA,NA,1,terrestrial,introduced,TRUE,FirstRecords; GRIIS
Erigeron annuus (L.) Pers.,Erigeron annuus,Plantae,1500,Bulgaria,BGR,44,freshwater; terrestrial,introduced,TRUE,DAISIE; TrIAS; GRIIS; Artsdatabanken; B.Shrestha_NPL_2026; InstytutOchronyPrzyrody
Erigeron bellioides DC.,Erigeron bellioides,Plantae,1984,United States,USA,5,terrestrial,"introduced (alien, exotic, non-native, nonindigenous); introduced",TRUE,USRIIS; FirstRecords; GRIIS
Erigeron bonariensis L.,Erigeron bonariensis,Plantae,1661,Portugal,PRT,66,terrestrial,"introduced (alien, exotic, non-native, nonindigenous); introduced",TRUE,SINAS; USRIIS; TrIAS; FirstRecords; GRIIS
Erigeron canadensis L.,Erigeron canadensis,Plantae,1500,Italy,ITA,90,freshwater; terrestrial,"introduced (alien, exotic, non-native, nonindigenous); introduced",TRUE,DAISIE; USRIIS; TrIAS; FirstRecords; GRIIS; Artsdatabanken; InstytutOchronyPrzyrody
Erigeron floribundus (Kunth) Sch.Bip.,Erigeron floribundus,Plantae,1804,Portugal,PRT,19,freshwater; terrestrial,introduced,TRUE,TrIAS; GRIIS; FirstRecords
Erigeron karvinskianus DC.,Erigeron karvinskianus,Plantae,1500,Switzerland,CHE,48,terrestrial,"introduced (alien, exotic, non-native, nonindigenous); introduced",TRUE,DAISIE; USRIIS; TrIAS; FirstRecords; GRIIS
Erigeron philadelphicus L.,Erigeron philadelphicus,Plantae,19,China,CHN,7,terrestrial,introduced,TRUE,TrIAS; FirstRecords; GRIIS
Erigeron philadelphicus var. philadelphicus,Erigeron philadelphicus philadelphicus,Plantae,NA,NA,NA,1,terrestrial,introduced,TRUE,FirstRecords; GRIIS
Erigeron primulifolius (Lam.) Greuter,Erigeron primulifolius,Plantae,1897,Australia,AUS,15,terrestrial,introduced,TRUE,SINAS; FirstRecords; GRIIS
Erigeron strigosus Muhl. ex Willd.,Erigeron strigosus,Plantae,1888,Poland,POL,11,terrestrial,introduced,TRUE,FirstRecords; GRIIS; InstytutOchronyPrzyrody
Erigeron sumatrensis Retz.,Erigeron sumatrensis,Plantae,1855,Australia,AUS,21,terrestrial,"introduced (alien, exotic, non-native, nonindigenous); introduced",TRUE,SINAS; USRIIS; TrIAS; FirstRecords; GRIIS
"Erigone autumnalis Emerton, 1882",Erigone autumnalis,Animalia,NA,NA,NA,2,terrestrial,"introduced (alien, exotic, non-native, nonindigenous); introduced",TRUE,USRIIS; FirstRecords; GRIIS
"Erinaceus amurensis Schrenk, 1859",Erinaceus amurensis,Animalia,NA,NA,NA,1,terrestrial,introduced,TRUE,FirstRecords; GRIIS
"Erinaceus europaeus Linnaeus, 1758",Erinaceus europaeus,Animalia,-4000,France,FRA,7,terrestrial,introduced,TRUE,DAISIE; FirstRecords; GRIIS
Eriocaulon cinereum R. Br.; Eriocaulon cinereum R.Br.,Eriocaulon cinereum,Plantae,NA,NA,NA,4,freshwater; terrestrial,"introduced (alien, exotic, non-native, nonindigenous); introduced",TRUE,USRIIS; FirstRecords; GRIIS
"Eriocheir sinensis H. Milne Edwards, 1853; Eriocheir sinensis H.Milne Edwards, 1853",Eriocheir sinensis,Animalia,1894,Norway,NOR,10,brackish; freshwater; marine,"introduced (alien, exotic, non-native, nonindigenous); introduced",TRUE,SINAS; USRIIS; TrIAS; FirstRecords; GRIIS
Eriochloa barbatus (Trin.) S.Yadav & M.R.Almeida,Eriochloa barbatus,Plantae,NA,NA,NA,1,brackish; freshwater,introduced,TRUE,FirstRecords; GRIIS
Eriochloa procera (Retz.) C.E. Hubb.; Eriochloa procera (Retz.) C.E.Hubb.,Eriochloa procera,Plantae,NA,NA,NA,12,terrestrial,"introduced (alien, exotic, non-native, nonindigenous); introduced",TRUE,USRIIS; TrIAS; FirstRecords; GRIIS
Eriochloa villosa (Thunb.) Kunth,Eriochloa villosa,Plantae,1934,Russia,RUS,9,terrestrial,"introduced (alien, exotic, non-native, nonindigenous); introduced",TRUE,USRIIS; TrIAS; FirstRecords; GRIIS
"Eriococcus araucariae Maskell, 1879",Eriococcus araucariae,Animalia,1877,New Zealand,NZL,3,terrestrial,"introduced (alien, exotic, non-native, nonindigenous); introduced",TRUE,SINAS; USRIIS; GRIIS
"Eriosoma lanigerum (Hausmann, 1802)",Eriosoma lanigerum,Animalia,NA,NA,NA,4,terrestrial,introduced,TRUE,GRIIS
"Ernobius mollis (Linnaeus, 1758)",Ernobius mollis,Animalia,1845,United States,USA,2,terrestrial,"introduced (alien, exotic, non-native, nonindigenous); introduced",TRUE,USRIIS; FirstRecords; GRIIS
Erodium cicutarium (L.) L'Her. ex Aiton; Erodium cicutarium (L.) L'Hér.,Erodium cicutarium,Plantae,-2200,Czechia,CZE,21,terrestrial,"introduced (alien, exotic, non-native, nonindigenous); introduced",TRUE,DAISIE; USRIIS; FirstRecords; GRIIS
Erodium malacoides (L.) L'Her.; Erodium malacoides (L.) L'Hér.,Erodium malacoides,Plantae,1500,Slovakia,SVK,8,terrestrial,"introduced (alien, exotic, non-native, nonindigenous); introduced",TRUE,DAISIE; USRIIS; TrIAS; FirstRecords; GRIIS
Erodium moschatum (L.) L'Her. ex Aiton; Erodium moschatum (L.) L'Hér.,Erodium moschatum,Plantae,1500,Switzerland,CHE,19,terrestrial,"introduced (alien, exotic, non-native, nonindigenous); introduced",TRUE,DAISIE; USRIIS; TrIAS; FirstRecords; GRIIS
Eruca sativa Hill,Eruca sativa,Plantae,1500,Ukraine,UKR,11,terrestrial,introduced,TRUE,DAISIE; FirstRecords; GRIIS
Eruca vesicaria (L.) Cav.,Eruca vesicaria,Plantae,1500,Slovakia,SVK,26,freshwater; terrestrial,"introduced (alien, exotic, non-native, nonindigenous); introduced",TRUE,DAISIE; USRIIS; TrIAS; FirstRecords; GRIIS
Erucastrum gallicum (Willd.) O.E. Schulz; Erucastrum gallicum (Willd.) O.E.Schulz,Erucastrum gallicum,Plantae,1500,Germany,DEU,24,freshwater; terrestrial,"introduced (alien, exotic, non-native, nonindigenous); introduced",TRUE,DAISIE; USRIIS; TrIAS; FirstRecords; GRIIS; InstytutOchronyPrzyrody
Eryngium foetidum L.,Eryngium foetidum,Plantae,19,China,CHN,14,terrestrial,"introduced (alien, exotic, non-native, nonindigenous); introduced",TRUE,USRIIS; FirstRecords; GRIIS
Eryngium pandanifolium Cham. & Schltdl.,Eryngium pandanifolium,Plantae,1900,Portugal,PRT,2,terrestrial,introduced,TRUE,FirstRecords; GRIIS
Erysimum cheiranthoides L.,Erysimum cheiranthoides,Plantae,1500,Czechia,CZE,14,terrestrial,"introduced (alien, exotic, non-native, nonindigenous); introduced",TRUE,DAISIE; USRIIS; FirstRecords; GRIIS
Erysimum cheiri (L.) Crantz,Erysimum cheiri,Plantae,1500,Germany,DEU,25,terrestrial,"introduced (alien, exotic, non-native, nonindigenous); introduced",TRUE,DAISIE; USRIIS; TrIAS; FirstRecords; GRIIS; M.McGeoch_AUS_2025
Erythranthe Spach,Erythranthe,Plantae,NA,NA,NA,13,freshwater; terrestrial,introduced,TRUE,GRIIS
Erythranthe guttata (DC.) G.L.Nesom,Erythranthe guttata,Plantae,1863,Norway,NOR,7,freshwater; terrestrial,introduced,TRUE,TrIAS; FirstRecords; GRIIS
Erythranthe lutea (L.) G.L.Nesom,Erythranthe lutea,Plantae,1500,United Kingdom,GBR,12,terrestrial,introduced,TRUE,DAISIE; TrIAS; FirstRecords; GRIIS
Erythrina berteroana Urb.,Erythrina berteroana,Plantae,NA,NA,NA,1,terrestrial,introduced,TRUE,FirstRecords; GRIIS
Erythrina crista-galli L.,Erythrina crista-galli,Plantae,1843,Australia,AUS,6,terrestrial,"introduced (alien, exotic, non-native, nonindigenous); introduced",TRUE,USRIIS; FirstRecords; GRIIS
Erythrina flabelliformis Kearney,Erythrina flabelliformis,Plantae,NA,NA,NA,1,terrestrial,introduced,TRUE,FirstRecords; GRIIS
Erythrina poeppigiana (Walp.) O.F. Cook; Erythrina poeppigiana (Walp.) O.F.Cook,Erythrina poeppigiana,Plantae,1920,United States,USA,7,terrestrial,"introduced (alien, exotic, non-native, nonindigenous); introduced",TRUE,USRIIS; FirstRecords; GRIIS
Erythrina subumbrans (Hassk.) Merr.,Erythrina subumbrans,Plantae,NA,NA,NA,3,terrestrial,introduced,TRUE,FirstRecords; GRIIS
Erythrina × sykesii Barneby & Krukoff,Erythrina sykesii,Plantae,1921,Australia,AUS,3,terrestrial,introduced,TRUE,FirstRecords; GRIIS
Erythrina variegata L.,Erythrina variegata,Plantae,1843,Australia,AUS,6,terrestrial,introduced,TRUE,SINAS; FirstRecords; GRIIS
Erythrostemon gilliesii (Wall. ex Hook.) Klotzsch; Erythrostemon gilliesii (Hook.) Klotzsch,Erythrostemon gilliesii,Plantae,1862,Cyprus,CYP,14,terrestrial,"introduced (alien, exotic, non-native, nonindigenous); introduced",TRUE,USRIIS; FirstRecords; GRIIS
Escallonia rubra (Ruiz and Pav.) Pers.; Escallonia rubra (Ruiz & Pav.) Pers.,Escallonia rubra,Plantae,1843,Australia,AUS,4,terrestrial,"introduced (alien, exotic, non-native, nonindigenous); introduced",TRUE,SINAS; USRIIS; FirstRecords; GRIIS
Eschscholzia californica Cham.,Eschscholzia californica,Plantae,1500,Czechia,CZE,34,terrestrial,"introduced (alien, exotic, non-native, nonindigenous); introduced",TRUE,DAISIE; USRIIS; TrIAS; FirstRecords; GRIIS; Artsdatabanken
"Esox americanus Gmelin, 1789",Esox americanus,Animalia,NA,NA,NA,1,brackish; freshwater,introduced,TRUE,FirstRecords; GRIIS
"Esox lucius Linnaeus, 1758",Esox lucius,Animalia,1186,Ireland,IRL,14,brackish; freshwater,introduced,TRUE,FirstRecords; GRIIS; Artsdatabanken
"Esox masquinongy Mitchill, 1824",Esox masquinongy,Animalia,NA,NA,NA,1,freshwater,introduced,TRUE,FirstRecords; GRIIS
"Estrilda astrild (Linnaeus, 1758)",Estrilda astrild,Animalia,1710,Mauritius,MUS,16,terrestrial,"introduced (alien, exotic, non-native, nonindigenous); introduced",TRUE,USRIIS; TrIAS; FirstRecords; GRIIS
"Estrilda melpoda (Vieillot, 1817)",Estrilda melpoda,Animalia,1946,United States,USA,4,terrestrial,"introduced (alien, exotic, non-native, nonindigenous); introduced",TRUE,USRIIS; FirstRecords; GRIIS
"Etiella zinckenella (Treitschke, 1832)",Etiella zinckenella,Animalia,1881,United States,USA,2,terrestrial,"introduced (alien, exotic, non-native, nonindigenous); introduced",TRUE,USRIIS; FirstRecords; GRIIS
Etlingera elatior (Jack) R.M.Sm.,Etlingera elatior,Plantae,1908,Philippines,PHL,11,terrestrial,introduced,TRUE,SINAS; FirstRecords; GRIIS
"Eublepharis macularius (Blyth, 1854)",Eublepharis macularius,Animalia,2012,Belgium,BEL,5,terrestrial,introduced,TRUE,TrIAS; FirstRecords; GRIIS
Eucalyptus camaldulensis Dehnh.; Eucalyptus camaldulensis Denham,Eucalyptus camaldulensis,Plantae,1500,Italy,ITA,72,terrestrial,"introduced (alien, exotic, non-native, nonindigenous); introduced",TRUE,DAISIE; USRIIS; FirstRecords; GRIIS
Eucalyptus cinerea F. Muell. ex Benth.; Eucalyptus cinerea F.Muell. ex Benth.,Eucalyptus cinerea,Plantae,1958,Australia,AUS,6,terrestrial,"introduced (alien, exotic, non-native, nonindigenous); introduced",TRUE,SINAS; USRIIS; FirstRecords; GRIIS
Eucalyptus cladocalyx F. Muell.; Eucalyptus cladocalyx F.Muell.,Eucalyptus cladocalyx,Plantae,1882,Australia,AUS,10,terrestrial,"introduced (alien, exotic, non-native, nonindigenous); introduced",TRUE,SINAS; USRIIS; FirstRecords; GRIIS
Eucalyptus conferruminata D.J.Carr & S.G.M.Carr,Eucalyptus conferruminata,Plantae,1900,South Africa,ZAF,1,terrestrial,introduced,TRUE,FirstRecords; GRIIS
Eucalyptus delegatensis F.Muell. ex R.T.Baker,Eucalyptus delegatensis,Plantae,1898,Australia,AUS,2,terrestrial,introduced,TRUE,SINAS; FirstRecords; GRIIS
Eucalyptus diversicolor F.Muell.,Eucalyptus diversicolor,Plantae,1881,South Africa,ZAF,3,terrestrial,introduced,TRUE,FirstRecords; GRIIS
Eucalyptus globulus Labill.,Eucalyptus globulus,Plantae,1500,United Kingdom,GBR,33,terrestrial,"introduced (alien, exotic, non-native, nonindigenous); introduced",TRUE,DAISIE; USRIIS; FirstRecords; GRIIS
Eucalyptus gomphocephala DC.; Eucalyptus gomphocephala A.Cunn. ex DC.,Eucalyptus gomphocephala,Plantae,1898,Australia,AUS,8,terrestrial,"introduced (alien, exotic, non-native, nonindigenous); introduced",TRUE,SINAS; USRIIS; FirstRecords; GRIIS
Eucalyptus grandis W. Hill ex Maiden; Eucalyptus grandis W.Hill ex Maiden,Eucalyptus grandis,Plantae,1876,South Africa,ZAF,14,terrestrial,"introduced (alien, exotic, non-native, nonindigenous); introduced",TRUE,USRIIS; FirstRecords; GRIIS
Eucalyptus lehmannii (Schauer) Benth.,Eucalyptus lehmannii,Plantae,NA,NA,NA,2,terrestrial,"introduced (alien, exotic, non-native, nonindigenous); introduced",TRUE,USRIIS; FirstRecords; GRIIS
Eucalyptus microtheca F.Muell.,Eucalyptus microtheca,Plantae,NA,NA,NA,3,terrestrial,introduced,TRUE,FirstRecords; GRIIS
Eucalyptus polyanthemos Schauer,Eucalyptus polyanthemos,Plantae,NA,NA,NA,4,terrestrial,"introduced (alien, exotic, non-native, nonindigenous); introduced",TRUE,USRIIS; FirstRecords; GRIIS
Eucalyptus pulchella Desf.,Eucalyptus pulchella,Plantae,1500,United Kingdom,GBR,3,terrestrial,"introduced (alien, exotic, non-native, nonindigenous); introduced",TRUE,DAISIE; USRIIS; FirstRecords; GRIIS
Eucalyptus robusta Sm.,Eucalyptus robusta,Plantae,1890,China,CHN,19,terrestrial,"introduced (alien, exotic, non-native, nonindigenous); introduced",TRUE,SINAS; USRIIS; FirstRecords; GRIIS
Eucalyptus saligna Sm.,Eucalyptus saligna,Plantae,1898,Australia,AUS,7,terrestrial,"introduced (alien, exotic, non-native, nonindigenous); introduced",TRUE,SINAS; USRIIS; FirstRecords; GRIIS
Eucalyptus sideroxylon A. Cunn. ex Woolls; Eucalyptus sideroxylon A.Cunn. ex Woolls,Eucalyptus sideroxylon,Plantae,1997,Portugal,PRT,12,terrestrial,"introduced (alien, exotic, non-native, nonindigenous); introduced",TRUE,USRIIS; FirstRecords; GRIIS
Eucalyptus L'Hér.,Eucalyptus sp.,Plantae,NA,NA,NA,2,terrestrial,introduced,TRUE,GRIIS
Eucalyptus tereticornis Sm.,Eucalyptus tereticornis,Plantae,1898,Australia,AUS,14,terrestrial,"introduced (alien, exotic, non-native, nonindigenous); introduced",TRUE,SINAS; USRIIS; FirstRecords; GRIIS
Eucalyptus viminalis Labill.,Eucalyptus viminalis,Plantae,1929,United States,USA,7,terrestrial,"introduced (alien, exotic, non-native, nonindigenous); introduced",TRUE,USRIIS; FirstRecords; GRIIS
Euclidium syriacum (L.) W.T. Aiton; Euclidium syriacum (L.) W.T.Aiton,Euclidium syriacum,Plantae,1500,Czechia,CZE,20,freshwater; terrestrial,"introduced (alien, exotic, non-native, nonindigenous); introduced",TRUE,DAISIE; USRIIS; TrIAS; FirstRecords; GRIIS
Eugenia uniflora L.,Eugenia uniflora,Plantae,1802,Nigeria,NGA,37,terrestrial,"introduced (alien, exotic, non-native, nonindigenous); introduced",TRUE,SINAS; USRIIS; FirstRecords; GRIIS
"Euglandina rosea (Ferussac, 1818); Euglandina rosea (A.Férussac, 1821)",Euglandina rosea,Animalia,1955,United States,USA,15,terrestrial,introduced: assisted colonization; introduced,TRUE,USRIIS; FirstRecords; GRIIS
"Eulachnus rileyi (T.A.Williams, 1911)",Eulachnus rileyi,Animalia,1886,United States,USA,1,terrestrial,"introduced (alien, exotic, non-native, nonindigenous)",TRUE,USRIIS
Eulophia graminea Lindl.,Eulophia graminea,Plantae,2007,United States,USA,3,terrestrial,"introduced (alien, exotic, non-native, nonindigenous); introduced",TRUE,USRIIS; FirstRecords; GRIIS
Eulophia maculata (Lindl.) Rchb.f.,Eulophia maculata,Plantae,NA,NA,NA,17,terrestrial,introduced,TRUE,FirstRecords; GRIIS
"Euodice malabarica (Linnaeus, 1758)",Euodice malabarica,Animalia,1978,Bahrain,BHR,8,terrestrial,introduced,TRUE,"GBIF, SINAS; TrIAS; FirstRecords; GRIIS"
"Euoniticellus intermedius (Reiche, 1849); Euoniticellus intermedius (Reiche, 1850)",Euoniticellus intermedius,Animalia,1974,United States,USA,3,terrestrial,introduced: assisted colonization; introduced,TRUE,USRIIS; FirstRecords; GRIIS
Euonymus alatus (Thunb.) Siebold,Euonymus alatus,Plantae,1950,Canada,CAN,4,terrestrial,"introduced (alien, exotic, non-native, nonindigenous); introduced",TRUE,USRIIS; TrIAS; FirstRecords; GRIIS
Euonymus europaeus L.,Euonymus europaeus,Plantae,1843,Australia,AUS,7,terrestrial,"introduced (alien, exotic, non-native, nonindigenous); introduced",TRUE,USRIIS; FirstRecords; GRIIS; Artsdatabanken
Euonymus fortunei (Turcz.) Hand.-Maz.; Euonymus fortunei (Turcz.) Hand.-Mazz.,Euonymus fortunei,Plantae,1888,Australia,AUS,9,terrestrial,"introduced (alien, exotic, non-native, nonindigenous); introduced",TRUE,SINAS; USRIIS; TrIAS; FirstRecords; GRIIS
Euonymus japonicus Thunb.,Euonymus japonicus,Plantae,1500,United Kingdom,GBR,14,terrestrial,"introduced (alien, exotic, non-native, nonindigenous); introduced",TRUE,DAISIE; USRIIS; TrIAS; FirstRecords; GRIIS
Eupatorium cannabinum L.,Eupatorium cannabinum,Plantae,1902,China,CHN,13,terrestrial,"introduced (alien, exotic, non-native, nonindigenous); introduced",TRUE,USRIIS; FirstRecords; GRIIS
Euphorbia chamaesyce L.,Euphorbia chamaesyce,Plantae,1500,Germany,DEU,14,terrestrial,introduced,TRUE,DAISIE; TrIAS; FirstRecords; GRIIS; Artsdatabanken
Euphorbia cyparissias L.,Euphorbia cyparissias,Plantae,1500,Bulgaria,BGR,13,freshwater; terrestrial,"introduced (alien, exotic, non-native, nonindigenous); introduced",TRUE,DAISIE; USRIIS; FirstRecords; GRIIS; Artsdatabanken
Euphorbia davidii Subils,Euphorbia davidii,Plantae,1946,Australia,AUS,6,terrestrial,"introduced (alien, exotic, non-native, nonindigenous); introduced",TRUE,USRIIS; FirstRecords; GRIIS
Euphorbia dentata Michx.,Euphorbia dentata,Plantae,1500,Italy,ITA,8,terrestrial,introduced,TRUE,DAISIE; TrIAS; FirstRecords; GRIIS
Euphorbia esula L.,Euphorbia esula,Plantae,1795,Sweden,SWE,10,terrestrial,"introduced (alien, exotic, non-native, nonindigenous); introduced",TRUE,USRIIS; FirstRecords; GRIIS
Euphorbia graminea Jacq.,Euphorbia graminea,Plantae,1895,Congo - Kinshasa,COD,12,terrestrial,"introduced (alien, exotic, non-native, nonindigenous); introduced",TRUE,SINAS; USRIIS; FirstRecords; GRIIS
Euphorbia helioscopia L.,Euphorbia helioscopia,Plantae,-2200,Czechia,CZE,19,terrestrial,"introduced (alien, exotic, non-native, nonindigenous); introduced",TRUE,DAISIE; USRIIS; FirstRecords; GRIIS; InstytutOchronyPrzyrody
Euphorbia heterophylla L.,Euphorbia heterophylla,Plantae,1893,Indonesia,IDN,73,terrestrial,"introduced (alien, exotic, non-native, nonindigenous); introduced",TRUE,USRIIS; TrIAS; FirstRecords; GRIIS
Euphorbia hirta L.,Euphorbia hirta,Plantae,1820,China,CHN,62,terrestrial,"introduced (alien, exotic, non-native, nonindigenous); introduced",TRUE,USRIIS; FirstRecords; GRIIS
Euphorbia humifusa Willd.,Euphorbia humifusa,Plantae,1840,Austria,AUT,16,terrestrial,introduced,TRUE,TrIAS; FirstRecords; GRIIS; InstytutOchronyPrzyrody
Euphorbia hypericifolia L.,Euphorbia hypericifolia,Plantae,1835,Madagascar,MDG,41,freshwater; terrestrial,"introduced (alien, exotic, non-native, nonindigenous); introduced",TRUE,SINAS; USRIIS; TrIAS; FirstRecords; GRIIS; B.Shrestha_NPL_2026
Euphorbia hyssopifolia L.,Euphorbia hyssopifolia,Plantae,1917,Australia,AUS,15,terrestrial,"introduced (alien, exotic, non-native, nonindigenous); introduced",TRUE,USRIIS; FirstRecords; GRIIS
Euphorbia indica Lam.,Euphorbia indica,Plantae,1895,Congo - Kinshasa,COD,7,terrestrial,introduced,TRUE,SINAS; FirstRecords; GRIIS
Euphorbia lactea Haw.,Euphorbia lactea,Plantae,NA,NA,NA,7,terrestrial,"introduced (alien, exotic, non-native, nonindigenous); introduced",TRUE,USRIIS; FirstRecords; GRIIS
Euphorbia lagascae Spreng.,Euphorbia lagascae,Plantae,NA,NA,NA,1,terrestrial,introduced,TRUE,FirstRecords; GRIIS
Euphorbia lathyris L.,Euphorbia lathyris,Plantae,1500,Austria,AUT,29,terrestrial,"introduced (alien, exotic, non-native, nonindigenous); introduced",TRUE,DAISIE; USRIIS; TrIAS; FirstRecords; GRIIS; Artsdatabanken
Euphorbia leucocephala Lotsy,Euphorbia leucocephala,Plantae,1987,Bhutan,BTN,6,terrestrial,"introduced (alien, exotic, non-native, nonindigenous); introduced",TRUE,SINAS; USRIIS; FirstRecords; GRIIS
Euphorbia maculata L.,Euphorbia maculata,Plantae,1794,Germany,DEU,43,freshwater; terrestrial,"introduced (alien, exotic, non-native, nonindigenous); introduced",TRUE,USRIIS; TrIAS; FirstRecords; GRIIS; InstytutOchronyPrzyrody
Euphorbia myrsinites L.,Euphorbia myrsinites,Plantae,1900,Austria,AUT,5,terrestrial,"introduced (alien, exotic, non-native, nonindigenous); introduced",TRUE,DAISIE; USRIIS; TrIAS; FirstRecords; GRIIS
Euphorbia nutans Lag.,Euphorbia nutans,Plantae,1838,Portugal,PRT,23,terrestrial,introduced,TRUE,TrIAS; FirstRecords; GRIIS
Euphorbia oblongata Griseb.,Euphorbia oblongata,Plantae,1500,United Kingdom,GBR,4,terrestrial,"introduced (alien, exotic, non-native, nonindigenous); introduced",TRUE,DAISIE; USRIIS; TrIAS; FirstRecords; GRIIS
Euphorbia paralias L.,Euphorbia paralias,Plantae,1934,Australia,AUS,3,terrestrial,"introduced (alien, exotic, non-native, nonindigenous); introduced",TRUE,USRIIS; FirstRecords; GRIIS
Euphorbia peplus L.,Euphorbia peplus,Plantae,550,Czechia,CZE,36,freshwater; terrestrial,"introduced (alien, exotic, non-native, nonindigenous); introduced",TRUE,DAISIE; USRIIS; FirstRecords; GRIIS; InstytutOchronyPrzyrody
Euphorbia prostrata Aiton,Euphorbia prostrata,Plantae,1849,Indonesia,IDN,65,freshwater; terrestrial,"introduced (alien, exotic, non-native, nonindigenous); introduced",TRUE,SINAS; USRIIS; TrIAS; FirstRecords; GRIIS
Euphorbia pulcherrima Willd. ex Klotzsch,Euphorbia pulcherrima,Plantae,1845,India,IND,18,terrestrial,introduced,TRUE,FirstRecords; GRIIS
Euphorbia serpens Kunth,Euphorbia serpens,Plantae,1892,New Zealand,NZL,23,freshwater; terrestrial,"introduced (alien, exotic, non-native, nonindigenous); introduced",TRUE,SINAS; USRIIS; TrIAS; FirstRecords; GRIIS
Euphorbia terracina L.,Euphorbia terracina,Plantae,1900,Australia,AUS,3,terrestrial,"introduced (alien, exotic, non-native, nonindigenous); introduced",TRUE,USRIIS; FirstRecords; GRIIS
Euphorbia thymifolia L.,Euphorbia thymifolia,Plantae,1832,India,IND,21,terrestrial,"introduced (alien, exotic, non-native, nonindigenous); introduced",TRUE,SINAS; USRIIS; FirstRecords; GRIIS
Euphorbia tirucalli L.,Euphorbia tirucalli,Plantae,1929,China,CHN,28,terrestrial,"introduced (alien, exotic, non-native, nonindigenous); introduced",TRUE,SINAS; USRIIS; FirstRecords; GRIIS
Euphorbia tithymaloides L.,Euphorbia tithymaloides,Plantae,1919,Indonesia,IDN,16,terrestrial,introduced,TRUE,SINAS; FirstRecords; GRIIS
Euphorbia trigona Mill.,Euphorbia trigona,Plantae,NA,NA,NA,1,terrestrial,introduced,TRUE,FirstRecords; GRIIS
Euphorbia umbellata (Pax) Bruyns,Euphorbia umbellata,Plantae,1969,India,IND,4,terrestrial,introduced,TRUE,FirstRecords; GRIIS
Euphorbia virgata Waldst. and Kit.; Euphorbia virgata Waldst. & Kit.,Euphorbia virgata,Plantae,1500,Switzerland,CHE,4,terrestrial,"introduced (alien, exotic, non-native, nonindigenous); introduced",TRUE,DAISIE; USRIIS; FirstRecords; GRIIS
Euphrasia hirtella Jord. ex Reut.,Euphrasia hirtella,Plantae,NA,NA,NA,1,terrestrial,introduced,TRUE,FirstRecords; GRIIS
Euphrasia nemorosa (Pers.) Wallr.,Euphrasia nemorosa,Plantae,1942,New Zealand,NZL,3,terrestrial,"introduced (alien, exotic, non-native, nonindigenous); introduced",TRUE,SINAS; USRIIS; GRIIS
"Euplectes orix (Linnaeus, 1758)",Euplectes orix,Animalia,1925,Australia,AUS,7,terrestrial,introduced,TRUE,SINAS; TrIAS; FirstRecords; GRIIS
Euploca procumbens (Mill.) Diane and Hilger; Euploca procumbens (Mill.) Diane & Hilger,Euploca procumbens,Plantae,NA,NA,NA,9,terrestrial,"introduced (alien, exotic, non-native, nonindigenous); introduced",TRUE,USRIIS; FirstRecords; GRIIS
"Euproctis fraterna Moore, 1883",Euproctis fraterna,Animalia,NA,NA,NA,1,terrestrial,introduced,TRUE,FirstRecords; GRIIS
Euryops chrysanthemoides (DC.) B. Nord.; Euryops chrysanthemoides (DC.) B.Nord.,Euryops chrysanthemoides,Plantae,1942,Zimbabwe,ZWE,10,terrestrial,"introduced (alien, exotic, non-native, nonindigenous); introduced",TRUE,USRIIS; FirstRecords; GRIIS
"Euscepes postfasciatus (Fairmaire, 1849); Euscepes postfasciatus Zimmerman, 1936",Euscepes postfasciatus,Animalia,1885,United States,USA,2,terrestrial,"introduced (alien, exotic, non-native, nonindigenous); introduced",TRUE,USRIIS; FirstRecords; GRIIS
Eustachys petraea (Sw.) Desv.,Eustachys petraea,Plantae,1910,Mexico,MEX,7,terrestrial,"introduced (alien, exotic, non-native, nonindigenous); introduced",TRUE,USRIIS; FirstRecords; GRIIS
"Eutetranychus banksi (McGregor, 1914)",Eutetranychus banksi,Animalia,1961,United States,USA,1,terrestrial,"introduced (alien, exotic, non-native, nonindigenous)",TRUE,USRIIS
"Euwallacea fornicatus (Eichhoff, 1868); Euwallacea fornicatus Wood & Bright, 1992",Euwallacea fornicatus,Animalia,2002,United States,USA,2,terrestrial,"introduced (alien, exotic, non-native, nonindigenous); introduced",TRUE,USRIIS; FirstRecords; GRIIS
"Euwallacea kuroshio Gomez and Hulcr, 2018",Euwallacea kuroshio,Animalia,2015,United States,USA,1,brackish; freshwater; terrestrial,"introduced (alien, exotic, non-native, nonindigenous)",TRUE,USRIIS
"Euwallacea perbrevis (Schedl, 1951)",Euwallacea perbrevis,Animalia,NA,NA,NA,1,terrestrial,"introduced (alien, exotic, non-native, nonindigenous)",TRUE,USRIIS
"Evadne anonyx Sars, 1897",Evadne anonyx,Animalia,1961,Norway,NOR,2,brackish; freshwater; marine,introduced,TRUE,SINAS; FirstRecords; GRIIS
Evolvulus nummularius (L.) L.,Evolvulus nummularius,Plantae,1882,India,IND,8,terrestrial,introduced,TRUE,FirstRecords; GRIIS
"Exomala orientalis (Waterhouse, 1875)",Exomala orientalis,Animalia,1903,United States,USA,1,terrestrial,"introduced (alien, exotic, non-native, nonindigenous)",TRUE,USRIIS
"Exomias pellucidus (Boheman, 1834)",Exomias pellucidus,Animalia,1920,United States,USA,2,terrestrial,"introduced (alien, exotic, non-native, nonindigenous); introduced",TRUE,USRIIS; FirstRecords; GRIIS
Fagopyrum cymosum (Trevir.) Meisn.,Fagopyrum cymosum,Plantae,1936,Japan,JPN,4,terrestrial,introduced,TRUE,FirstRecords; GRIIS
Fagopyrum esculentum Moench,Fagopyrum esculentum,Plantae,1350,Bhutan,BTN,35,freshwater; terrestrial,"introduced (alien, exotic, non-native, nonindigenous); introduced",TRUE,SINAS; USRIIS; TrIAS; FirstRecords; GRIIS
Fagopyrum tataricum (L.) Gaertn.,Fagopyrum tataricum,Plantae,1350,Bhutan,BTN,26,freshwater; terrestrial,"introduced (alien, exotic, non-native, nonindigenous); introduced",TRUE,SINAS; USRIIS; TrIAS; FirstRecords; GRIIS
Falcataria falcata (L.) Greuter & R.Rankin,Falcataria falcata,Plantae,1909,Singapore,SGP,26,terrestrial,introduced,TRUE,FirstRecords; GRIIS
Fallopia baldschuanica (Regel) Holub,Fallopia baldschuanica,Plantae,1500,Bulgaria,BGR,26,terrestrial,"introduced (alien, exotic, non-native, nonindigenous); introduced",TRUE,DAISIE; USRIIS; TrIAS; FirstRecords; GRIIS; Artsdatabanken
Fallopia convolvulus (L.) A. Love; Fallopia convolvulus (L.) Á.Löve,Fallopia convolvulus,Plantae,-5300,Czechia,CZE,30,terrestrial,"introduced (alien, exotic, non-native, nonindigenous); introduced",TRUE,DAISIE; USRIIS; FirstRecords; GRIIS; InstytutOchronyPrzyrody
Fallopia dumetorum (L.) Holub,Fallopia dumetorum,Plantae,1834,France,FRA,8,terrestrial,"introduced (alien, exotic, non-native, nonindigenous); introduced",TRUE,DAISIE; USRIIS; FirstRecords; GRIIS
"Fascioloides magna (Bassa, 1875)",Fascioloides magna,Animalia,NA,NA,NA,1,terrestrial,introduced,TRUE,GRIIS
Fatoua villosa (Thunb.) Nakai,Fatoua villosa,Plantae,1999,France,FRA,2,terrestrial,"introduced (alien, exotic, non-native, nonindigenous); introduced",TRUE,USRIIS; FirstRecords; GRIIS
Fatsia japonica (Thunb.) Decne. & Planch.,Fatsia japonica,Plantae,1500,United Kingdom,GBR,5,terrestrial,introduced,TRUE,DAISIE; TrIAS; FirstRecords; GRIIS
"Faxonius immunis (Hagen, 1870)",Faxonius immunis,Animalia,NA,NA,NA,3,freshwater,introduced,TRUE,FirstRecords; GRIIS
"Faxonius limosus (Rafinesque, 1817)",Faxonius limosus,Animalia,1890,Poland,POL,22,freshwater,introduced,TRUE,TrIAS; FirstRecords; GRIIS; InstytutOchronyPrzyrody
"Faxonius rusticus (Girard, 1852)",Faxonius rusticus,Animalia,NA,NA,NA,3,freshwater,introduced,TRUE,FirstRecords; GRIIS
"Faxonius virilis (Hagen, 1870)",Faxonius virilis,Animalia,NA,NA,NA,3,freshwater,introduced,TRUE,FirstRecords; GRIIS
"Fejervarya kawamurai Djong, Matsui, Kuramoto, Nishioka & Sumida, 2011",Fejervarya kawamurai,Animalia,1999,Japan,JPN,1,freshwater; terrestrial,introduced,TRUE,FirstRecords; GRIIS
"Fejervarya sakishimensis Matsui, Toda & Ota, 2008",Fejervarya sakishimensis,Animalia,1920,Japan,JPN,1,freshwater; terrestrial,introduced,TRUE,FirstRecords; GRIIS
"Felis catus Linnaeus, 1758",Felis catus,Animalia,450,United Kingdom,GBR,54,terrestrial,"introduced (alien, exotic, non-native, nonindigenous); introduced",TRUE,USRIIS; FirstRecords; GRIIS; InstytutOchronyPrzyrody
"Felis silvestris Schreber, 1777",Felis silvestris,Animalia,-6000,Cyprus,CYP,10,terrestrial,introduced,TRUE,"SINAS, DAISIE; FirstRecords; GRIIS"
"Fenusa pusilla (Lepeletier); Fenusa pusilla (Lepeletier, 1823)",Fenusa pusilla,Animalia,1857,United States,USA,2,terrestrial,"introduced (alien, exotic, non-native, nonindigenous); introduced",TRUE,USRIIS; FirstRecords; GRIIS
"Ferrissia californica (Rowell, 1863)",Ferrissia californica,Animalia,1937,Belgium,BEL,20,freshwater; terrestrial,introduced,TRUE,TrIAS; FirstRecords; GRIIS; InstytutOchronyPrzyrody
Festuca bromoides L.,Festuca bromoides,Plantae,NA,NA,NA,20,terrestrial,introduced,TRUE,FirstRecords; GRIIS
Festuca myuros L.,Festuca myuros,Plantae,1829,South Africa,ZAF,25,terrestrial,introduced,TRUE,TrIAS; FirstRecords; GRIIS; Artsdatabanken
Festuca rubra L.,Festuca rubra,Plantae,1500,United Kingdom,GBR,17,terrestrial,"introduced (alien, exotic, non-native, nonindigenous); introduced",TRUE,DAISIE; USRIIS; FirstRecords; GRIIS
Festuca trachyphylla (Hack.) Krajina; Festuca trachyphylla (Hack.) Hack.,Festuca trachyphylla,Plantae,1500,United Kingdom,GBR,6,terrestrial,"introduced (alien, exotic, non-native, nonindigenous); introduced",TRUE,DAISIE; USRIIS; TrIAS; FirstRecords; GRIIS
Festuca valesiaca Schleich. ex Gaudin,Festuca valesiaca,Plantae,NA,NA,NA,4,terrestrial,"introduced (alien, exotic, non-native, nonindigenous); introduced",TRUE,USRIIS; TrIAS; FirstRecords; GRIIS
"Ficopomatus enigmaticus (Fauvel, 1923)",Ficopomatus enigmaticus,Animalia,1919,Italy,ITA,7,brackish; freshwater; marine,"introduced (alien, exotic, non-native, nonindigenous); introduced",TRUE,SINAS; USRIIS; TrIAS; FirstRecords; GRIIS
Ficus altissima Blume,Ficus altissima,Plantae,NA,NA,NA,2,brackish; freshwater,"introduced (alien, exotic, non-native, nonindigenous); introduced",TRUE,USRIIS; FirstRecords; GRIIS
Ficus benghalensis L.,Ficus benghalensis,Plantae,1838,Philippines,PHL,20,terrestrial,"introduced (alien, exotic, non-native, nonindigenous); introduced",TRUE,SINAS; USRIIS; FirstRecords; GRIIS
Ficus benjamina L.,Ficus benjamina,Plantae,NA,NA,NA,23,terrestrial,"introduced (alien, exotic, non-native, nonindigenous); introduced",TRUE,USRIIS; FirstRecords; GRIIS
Ficus carica L.,Ficus carica,Plantae,1104,Nigeria,NGA,33,terrestrial,"introduced (alien, exotic, non-native, nonindigenous); introduced",TRUE,SINAS; USRIIS; TrIAS; FirstRecords; GRIIS
Ficus elastica Roxb. ex Hornem.; Ficus elastica Roxb.,Ficus elastica,Plantae,1500,Italy,ITA,25,terrestrial,"introduced (alien, exotic, non-native, nonindigenous); introduced",TRUE,USRIIS; FirstRecords; GRIIS
Ficus macrophylla Desf. ex Pers.; Ficus macrophylla Pers.,Ficus macrophylla,Plantae,1843,Australia,AUS,8,terrestrial,"introduced (alien, exotic, non-native, nonindigenous); introduced",TRUE,SINAS; USRIIS; FirstRecords; GRIIS
Ficus microcarpa L. f.; Ficus microcarpa L.fil.,Ficus microcarpa,Plantae,1500,Italy,ITA,14,terrestrial,"introduced (alien, exotic, non-native, nonindigenous); introduced",TRUE,DAISIE; USRIIS; FirstRecords; GRIIS
Ficus pumila L.,Ficus pumila,Plantae,1500,Italy,ITA,12,terrestrial,"introduced (alien, exotic, non-native, nonindigenous); introduced",TRUE,DAISIE; USRIIS; FirstRecords; GRIIS
Ficus religiosa L.,Ficus religiosa,Plantae,1843,Australia,AUS,14,terrestrial,"introduced (alien, exotic, non-native, nonindigenous); introduced",TRUE,USRIIS; FirstRecords; GRIIS
Ficus rubiginosa Desf. ex Vent.,Ficus rubiginosa,Plantae,1862,Australia,AUS,4,terrestrial,"introduced (alien, exotic, non-native, nonindigenous); introduced",TRUE,SINAS; USRIIS; FirstRecords; GRIIS
Filipendula camschatica (Pall.) Maxim.,Filipendula camschatica,Plantae,1940,Czechia,CZE,4,terrestrial,introduced,TRUE,SINAS; FirstRecords; GRIIS; Artsdatabanken
Filipendula ulmaria (L.) Maxim.,Filipendula ulmaria,Plantae,1876,Canada,CAN,2,terrestrial,"introduced (alien, exotic, non-native, nonindigenous); introduced",TRUE,USRIIS; FirstRecords; GRIIS
Fimbristylis autumnalis (L.) Roem. & Schult.,Fimbristylis autumnalis,Plantae,NA,NA,NA,7,freshwater; terrestrial,introduced,TRUE,FirstRecords; GRIIS
Fimbristylis cymosa R.Br.,Fimbristylis cymosa,Plantae,NA,NA,NA,3,freshwater; terrestrial,introduced,TRUE,FirstRecords; GRIIS
Fimbristylis littoralis Gaudich.,Fimbristylis littoralis,Plantae,1972,Ghana,GHA,20,freshwater; terrestrial,"introduced (alien, exotic, non-native, nonindigenous); introduced",TRUE,USRIIS; FirstRecords; GRIIS
Fimbristylis schoenoides (Retz.) Vahl,Fimbristylis schoenoides,Plantae,1984,United States,USA,2,freshwater; terrestrial,"introduced (alien, exotic, non-native, nonindigenous); introduced",TRUE,USRIIS; FirstRecords; GRIIS
"Fiorinia fioriniae (Targioni-tozzetti, 1869); Fiorinia fioriniae (Targioni Tozzetti, 1867)",Fiorinia fioriniae,Animalia,1850,Italy,ITA,3,terrestrial,"introduced (alien, exotic, non-native, nonindigenous); introduced",TRUE,"SINAS, DAISIE; USRIIS; GRIIS"
"Fiorinia phantasma Cockerell and Robinson, 1915",Fiorinia phantasma,Animalia,2004,United States,USA,1,terrestrial,"introduced (alien, exotic, non-native, nonindigenous)",TRUE,USRIIS
"Fiorinia pinicola Maskell, 1897",Fiorinia pinicola,Animalia,1939,United States,USA,2,terrestrial,"introduced (alien, exotic, non-native, nonindigenous); introduced",TRUE,USRIIS; GRIIS
Firmiana simplex (L.) W. Wight; Firmiana simplex (L.) W.Wight,Firmiana simplex,Plantae,NA,NA,NA,2,terrestrial,"introduced (alien, exotic, non-native, nonindigenous); introduced",TRUE,USRIIS; FirstRecords; GRIIS
Flacourtia indica (Burm. f.) Merr.; Flacourtia indica (Burm.fil.) Merr.,Flacourtia indica,Plantae,1948,Australia,AUS,9,freshwater; terrestrial,"introduced (alien, exotic, non-native, nonindigenous); introduced",TRUE,USRIIS; FirstRecords; GRIIS
Flacourtia rukam Zoll. & Moritzi,Flacourtia rukam,Plantae,NA,NA,NA,8,terrestrial,introduced,TRUE,FirstRecords; GRIIS
Flaveria bidentis (L.) Kuntze,Flaveria bidentis,Plantae,1917,South Africa,ZAF,9,terrestrial,introduced,TRUE,FirstRecords; GRIIS
Flaveria trinervia (Spreng.) C. Mohr; Flaveria trinervia (Spreng.) C.Mohr,Flaveria trinervia,Plantae,1891,Australia,AUS,8,terrestrial,"introduced (alien, exotic, non-native, nonindigenous); introduced",TRUE,SINAS; USRIIS; FirstRecords; GRIIS
Flemingia lineata (L.) Roxb. ex W.T.Aiton,Flemingia lineata,Plantae,NA,NA,NA,1,terrestrial,introduced,TRUE,FirstRecords; GRIIS
Flemingia macrophylla (Willd.) Kuntze ex Merr.,Flemingia macrophylla,Plantae,1901,Australia,AUS,25,freshwater; terrestrial,"introduced (alien, exotic, non-native, nonindigenous); introduced",TRUE,USRIIS; FirstRecords; GRIIS
Flemingia strobilifera (L.) W.T. Aiton; Flemingia strobilifera (L.) W.T.Aiton,Flemingia strobilifera,Plantae,1910,United States,USA,15,terrestrial,"introduced (alien, exotic, non-native, nonindigenous); introduced",TRUE,USRIIS; FirstRecords; GRIIS
Foeniculum vulgare Mill.,Foeniculum vulgare,Plantae,1500,Bulgaria,BGR,49,terrestrial,"introduced (alien, exotic, non-native, nonindigenous); introduced",TRUE,DAISIE; USRIIS; TrIAS; FirstRecords; GRIIS
"Forficula auricularia Linnaeus, 1758",Forficula auricularia,Animalia,1898,New Zealand,NZL,3,terrestrial,"introduced (alien, exotic, non-native, nonindigenous); introduced",TRUE,SINAS; USRIIS; FirstRecords; GRIIS
Forsythia ×intermedia Zabel; Forsythia × intermedia Zabel,Forsythia intermedia,Plantae,1500,Germany,DEU,7,terrestrial,introduced,TRUE,DAISIE; TrIAS; FirstRecords; GRIIS
"Foudia madagascariensis (Linnaeus, 1766)",Foudia madagascariensis,Animalia,1750,Mauritius,MUS,3,terrestrial,introduced,TRUE,SINAS; FirstRecords; GRIIS
Fragaria ×ananassa (Weston) Rozier; Fragaria × ananassa (Weston) Rozier,Fragaria ananassa,Plantae,1500,Czechia,CZE,20,freshwater; terrestrial,introduced,TRUE,DAISIE; TrIAS; FirstRecords; GRIIS
Fragaria moschata Duchesne,Fragaria moschata,Plantae,1500,United Kingdom,GBR,7,terrestrial,introduced,TRUE,DAISIE; FirstRecords; GRIIS; Artsdatabanken
Fragaria vesca L.,Fragaria vesca,Plantae,1808,India,IND,14,terrestrial,"introduced (alien, exotic, non-native, nonindigenous); introduced",TRUE,SINAS; USRIIS; FirstRecords; GRIIS
Frangula alnus Mill.,Frangula alnus,Plantae,1925,Canada,CAN,2,brackish; freshwater; terrestrial,"introduced (alien, exotic, non-native, nonindigenous); introduced: assisted colonization; introduced",TRUE,USRIIS; FirstRecords; GRIIS
Frankenia pulverulenta L.,Frankenia pulverulenta,Plantae,1891,Norway,NOR,6,terrestrial,"introduced (alien, exotic, non-native, nonindigenous); introduced",TRUE,SINAS; USRIIS; TrIAS; FirstRecords; GRIIS
"Frankliniella occidentalis (Pergande, 1895)",Frankliniella occidentalis,Animalia,1934,New Zealand,NZL,16,terrestrial,"introduced (alien, exotic, non-native, nonindigenous); introduced",TRUE,SINAS; USRIIS; TrIAS; FirstRecords; GRIIS
Fraxinus americana L.,Fraxinus americana,Plantae,1500,Bulgaria,BGR,12,terrestrial,introduced,TRUE,DAISIE; FirstRecords; GRIIS
Fraxinus angustifolia Vahl,Fraxinus angustifolia,Plantae,1950,Cyprus,CYP,5,terrestrial,introduced,TRUE,FirstRecords; GRIIS; M.McGeoch_AUS_2025
Fraxinus excelsior L.,Fraxinus excelsior,Plantae,1843,Australia,AUS,7,terrestrial,"introduced (alien, exotic, non-native, nonindigenous); introduced",TRUE,USRIIS; FirstRecords; GRIIS
Fraxinus floribunda Wall.,Fraxinus floribunda,Plantae,NA,NA,NA,1,terrestrial,introduced,TRUE,FirstRecords; GRIIS
Fraxinus pennsylvanica Marshall,Fraxinus pennsylvanica,Plantae,1500,Bulgaria,BGR,23,freshwater; terrestrial,introduced,TRUE,DAISIE; TrIAS; FirstRecords; GRIIS; InstytutOchronyPrzyrody
Fraxinus uhdei (Wenz.) Lingelsh.,Fraxinus uhdei,Plantae,1926,United States,USA,4,terrestrial,"introduced (alien, exotic, non-native, nonindigenous); introduced",TRUE,USRIIS; FirstRecords; GRIIS
"Freesia alba hort. ex Baker, 1892",Freesia alba,Plantae,NA,NA,NA,2,terrestrial,introduced,TRUE,GRIIS; FirstRecords
Freesia leichtlinii Klatt,Freesia leichtlinii,Plantae,1983,Australia,AUS,2,terrestrial,introduced,TRUE,FirstRecords; GRIIS; M.McGeoch_AUS_2025
"Fucellia tergina (Zetterstedt, 1845)",Fucellia tergina,Animalia,NA,NA,NA,1,terrestrial,introduced,TRUE,FirstRecords; GRIIS
Fuchsia boliviana Carriere; Fuchsia boliviana Carrière,Fuchsia boliviana,Plantae,1960,United States,USA,7,terrestrial,"introduced (alien, exotic, non-native, nonindigenous); introduced",TRUE,USRIIS; FirstRecords; GRIIS
Fuchsia hybrida hort. ex Siebold and Voss; Fuchsia × hybrida hort. ex Vilm.,Fuchsia hybrida,Plantae,2000,Sweden,SWE,4,terrestrial,"introduced (alien, exotic, non-native, nonindigenous); introduced",TRUE,USRIIS; FirstRecords; GRIIS
Fuchsia magellanica Lam.,Fuchsia magellanica,Plantae,1500,United Kingdom,GBR,9,terrestrial,"introduced (alien, exotic, non-native, nonindigenous); introduced",TRUE,DAISIE; USRIIS; FirstRecords; GRIIS
Fuchsia paniculata Lindl.,Fuchsia paniculata,Plantae,1933,United States,USA,4,terrestrial,"introduced (alien, exotic, non-native, nonindigenous); introduced",TRUE,USRIIS; FirstRecords; GRIIS
Fumaria agraria Lag.,Fumaria agraria,Plantae,1845,Chile,CHL,3,terrestrial,introduced,TRUE,FirstRecords; GRIIS
Fumaria capreolata L.,Fumaria capreolata,Plantae,1500,Czechia,CZE,14,terrestrial,"introduced (alien, exotic, non-native, nonindigenous); introduced",TRUE,DAISIE; USRIIS; FirstRecords; GRIIS
Fumaria muralis Koch,Fumaria muralis,Plantae,1500,Germany,DEU,10,freshwater; terrestrial,introduced,TRUE,DAISIE; FirstRecords; GRIIS
Fumaria officinalis L.,Fumaria officinalis,Plantae,1500,Poland,POL,18,terrestrial,"introduced (alien, exotic, non-native, nonindigenous); introduced",TRUE,USRIIS; FirstRecords; GRIIS; InstytutOchronyPrzyrody
"Fundulus zebrinus Jordan & Gilbert, 1883",Fundulus zebrinus,Animalia,1984,Mexico,MEX,1,brackish; freshwater,introduced,TRUE,FirstRecords; GRIIS
Funtumia elastica (Preuss) Stapf,Funtumia elastica,Plantae,NA,NA,NA,3,terrestrial,introduced,TRUE,FirstRecords; GRIIS
"Furcifer pardalis (Cuvier, 1829)",Furcifer pardalis,Animalia,2008,United States,USA,3,terrestrial,"introduced (alien, exotic, non-native, nonindigenous); introduced",TRUE,USRIIS; TrIAS; FirstRecords; GRIIS
Furcraea foetida (L.) Haw.,Furcraea foetida,Plantae,1843,Australia,AUS,30,freshwater; terrestrial,"introduced (alien, exotic, non-native, nonindigenous); introduced",TRUE,USRIIS; FirstRecords; GRIIS
Furcraea hexapetala (Jacq.) Urb.,Furcraea hexapetala,Plantae,NA,NA,NA,1,terrestrial,introduced,TRUE,FirstRecords; GRIIS
Furcraea selloa K.Koch,Furcraea selloa,Plantae,1906,Australia,AUS,5,terrestrial,introduced,TRUE,FirstRecords; GRIIS
Gaillardia ×grandiflora Van Houtte; Gaillardia × grandiflora Van Houtte,Gaillardia grandiflora,Plantae,1500,United Kingdom,GBR,7,terrestrial,introduced,TRUE,DAISIE; TrIAS; FirstRecords; GRIIS
Gaillardia pulchella Foug.,Gaillardia pulchella,Plantae,1500,Czechia,CZE,21,terrestrial,"introduced (alien, exotic, non-native, nonindigenous); introduced",TRUE,DAISIE; USRIIS; FirstRecords; GRIIS
Galactia tenuiflora Eggers,Galactia tenuiflora,Plantae,NA,NA,NA,4,terrestrial,introduced,TRUE,FirstRecords; GRIIS
"Galba truncatula (O.F.Müller, 1774)",Galba truncatula,Animalia,NA,NA,NA,4,freshwater,introduced,TRUE,FirstRecords; GRIIS
Galega officinalis L.,Galega officinalis,Plantae,1500,Switzerland,CHE,17,terrestrial,"introduced (alien, exotic, non-native, nonindigenous); introduced",TRUE,DAISIE; USRIIS; TrIAS; FirstRecords; GRIIS; Artsdatabanken
Galega orientalis Lam.,Galega orientalis,Plantae,1500,Austria,AUT,10,freshwater; terrestrial,introduced,TRUE,DAISIE; FirstRecords; GRIIS; Artsdatabanken
Galeopsis bifida Boenn.,Galeopsis bifida,Plantae,1870,Canada,CAN,4,terrestrial,"introduced (alien, exotic, non-native, nonindigenous); introduced",TRUE,USRIIS; FirstRecords; GRIIS
Galeopsis ladanum L.,Galeopsis ladanum,Plantae,550,Czechia,CZE,13,terrestrial,"introduced (alien, exotic, non-native, nonindigenous); introduced",TRUE,DAISIE; USRIIS; FirstRecords; GRIIS
Galeopsis tetrahit L.,Galeopsis tetrahit,Plantae,1770,Iceland,ISL,8,terrestrial,"introduced (alien, exotic, non-native, nonindigenous); introduced",TRUE,DAISIE; USRIIS; FirstRecords; GRIIS
Galinsoga parviflora Cav.,Galinsoga parviflora,Plantae,1500,Bulgaria,BGR,87,freshwater; terrestrial,"introduced (alien, exotic, non-native, nonindigenous); introduced",TRUE,DAISIE; USRIIS; TrIAS; FirstRecords; GRIIS; Artsdatabanken; B.Shrestha_NPL_2026; InstytutOchronyPrzyrody
Galinsoga quadriradiata Cav.; Galinsoga quadriradiata Ruiz & Pav.,Galinsoga quadriradiata,Plantae,1500,Bulgaria,BGR,63,freshwater; terrestrial,"introduced (alien, exotic, non-native, nonindigenous); introduced",TRUE,DAISIE; USRIIS; TrIAS; FirstRecords; GRIIS; Artsdatabanken; InstytutOchronyPrzyrody
Galium album Mill.,Galium album,Plantae,1706,Sweden,SWE,5,terrestrial,"introduced (alien, exotic, non-native, nonindigenous); introduced",TRUE,USRIIS; FirstRecords; GRIIS
Galium aparine L.,Galium aparine,Plantae,1500,Bulgaria,BGR,16,terrestrial,"introduced (alien, exotic, non-native, nonindigenous); introduced",TRUE,DAISIE; USRIIS; FirstRecords; GRIIS
Galium mollugo L.,Galium mollugo,Plantae,1500,Germany,DEU,6,terrestrial,"introduced (alien, exotic, non-native, nonindigenous); introduced",TRUE,DAISIE; USRIIS; FirstRecords; GRIIS; Artsdatabanken
Galium odoratum (L.) Scop.,Galium odoratum,Plantae,1966,Iceland,ISL,3,terrestrial,"introduced (alien, exotic, non-native, nonindigenous); introduced",TRUE,USRIIS; FirstRecords; GRIIS
Galium parisiense L.,Galium parisiense,Plantae,1500,Germany,DEU,5,terrestrial,"introduced (alien, exotic, non-native, nonindigenous); introduced",TRUE,DAISIE; USRIIS; FirstRecords; GRIIS
Galium spurium L.,Galium spurium,Plantae,-5300,Czechia,CZE,13,terrestrial,introduced,TRUE,DAISIE; FirstRecords; GRIIS; InstytutOchronyPrzyrody
Galium verum L.,Galium verum,Plantae,1853,Japan,JPN,3,terrestrial,"introduced (alien, exotic, non-native, nonindigenous); introduced",TRUE,USRIIS; FirstRecords; GRIIS
"Galleria mellonella (Linnaeus, 1758)",Galleria mellonella,Animalia,1565,United States,USA,6,terrestrial,"introduced (alien, exotic, non-native, nonindigenous); introduced",TRUE,USRIIS; FirstRecords; GRIIS
"Gallus gallus (Linnaeus, 1758)",Gallus gallus,Animalia,500,United States,USA,21,terrestrial,introduced: assisted colonization; introduced,TRUE,USRIIS; TrIAS; FirstRecords; GRIIS
Galphimia glauca Cav.,Galphimia glauca,Plantae,NA,NA,NA,4,terrestrial,introduced,TRUE,FirstRecords; GRIIS
"Gambusia affinis (Baird and Girard, 1853); Gambusia affinis (Baird & Girard, 1853)",Gambusia affinis,Animalia,1901,Croatia,HRV,65,brackish; freshwater; terrestrial,introduced: assisted colonization; introduced,TRUE,DAISIE; USRIIS; FirstRecords; GRIIS
"Gambusia holbrooki Girard, 1859",Gambusia holbrooki,Animalia,1913,Philippines,PHL,63,brackish; freshwater,introduced,TRUE,SINAS; FirstRecords; GRIIS
"Gammarus lacustris G.O.Sars, 1863",Gammarus lacustris,Animalia,1972,Estonia,EST,1,brackish; freshwater,introduced,TRUE,FirstRecords; GRIIS
"Gammarus tigrinus Sexton, 1939",Gammarus tigrinus,Animalia,1931,United Kingdom,GBR,2,brackish; freshwater; marine,introduced,TRUE,"SINAS, DAISIE; TrIAS; GRIIS"
Gamochaeta americana (Mill.) Wedd.,Gamochaeta americana,Plantae,1500,Italy,ITA,9,brackish; freshwater,introduced,TRUE,DAISIE; FirstRecords; GRIIS
Gamochaeta antillana (Urb.) Anderb.,Gamochaeta antillana,Plantae,1940,South Africa,ZAF,7,terrestrial,introduced,TRUE,TrIAS; FirstRecords; GRIIS
Gamochaeta pensylvanica (Willd.) Cabrera,Gamochaeta pensylvanica,Plantae,1500,Italy,ITA,16,terrestrial,"introduced (alien, exotic, non-native, nonindigenous); introduced",TRUE,DAISIE; USRIIS; TrIAS; FirstRecords; GRIIS
Gamochaeta purpurea (L.) Cabrera,Gamochaeta purpurea,Plantae,1500,United Kingdom,GBR,11,terrestrial,"introduced (alien, exotic, non-native, nonindigenous); introduced",TRUE,DAISIE; USRIIS; FirstRecords; GRIIS
Garcia nutans Vahl ex Rohr,Garcia nutans,Plantae,NA,NA,NA,1,terrestrial,introduced,TRUE,FirstRecords; GRIIS
"Garrulax canorus (Linnaeus, 1758)",Garrulax canorus,Animalia,1900,United States,USA,3,terrestrial,"introduced (alien, exotic, non-native, nonindigenous); introduced",TRUE,USRIIS; FirstRecords; GRIIS
"Garrulax perspicillatus (Gmelin, 1789)",Garrulax perspicillatus,Animalia,2005,Japan,JPN,2,freshwater; terrestrial,introduced,TRUE,FirstRecords; GRIIS
"Garrulax sannio Swinhoe, 1867",Garrulax sannio,Animalia,1994,Japan,JPN,1,terrestrial,introduced,TRUE,FirstRecords; GRIIS
Gasteria obliqua (Aiton) Duval,Gasteria obliqua,Plantae,NA,NA,NA,1,terrestrial,introduced,TRUE,FirstRecords; GRIIS
"Gasterosteus aculeatus Linnaeus, 1758",Gasterosteus aculeatus,Animalia,1876,Algeria,DZA,8,brackish; freshwater; marine,introduced,TRUE,SINAS; FirstRecords; GRIIS
Gastridium phleoides (Nees and Meyen) C.E. Hubb.; Gastridium phleoides (Nees & Meyen) C.E.Hubb.,Gastridium phleoides,Plantae,1854,Chile,CHL,7,terrestrial,"introduced (alien, exotic, non-native, nonindigenous); introduced",TRUE,USRIIS; TrIAS; FirstRecords; GRIIS
"Gastrophryne carolinensis (Holbrook, 1835)",Gastrophryne carolinensis,Animalia,1972,Bahamas,BHS,1,freshwater; terrestrial,introduced,TRUE,FirstRecords; GRIIS
Gaultheria shallon Pursh,Gaultheria shallon,Plantae,1500,United Kingdom,GBR,2,terrestrial,introduced,TRUE,DAISIE; FirstRecords; GRIIS
Gazania linearis (Thunb.) Druce,Gazania linearis,Plantae,1500,Italy,ITA,5,terrestrial,"introduced (alien, exotic, non-native, nonindigenous); introduced",TRUE,DAISIE; USRIIS; FirstRecords; GRIIS
"Gehyra mutilata (Wiegmann, 1834)",Gehyra mutilata,Animalia,400,United States,USA,5,terrestrial,"introduced (alien, exotic, non-native, nonindigenous); introduced",TRUE,USRIIS; FirstRecords; GRIIS; M.McGeoch_AUS_2025
"Gekko gecko (Linnaeus, 1758)",Gekko gecko,Animalia,1962,United States,USA,4,terrestrial,"introduced (alien, exotic, non-native, nonindigenous); introduced",TRUE,USRIIS; TrIAS; FirstRecords; GRIIS
"Gekko hokouensis Pope, 1928",Gekko hokouensis,Animalia,1960,Japan,JPN,1,terrestrial,introduced,TRUE,FirstRecords; GRIIS
Genista aetnensis (Raf. ex Biv.) DC.; Genista aetnensis (Biv.) DC.,Genista aetnensis,Plantae,1500,United Kingdom,GBR,4,terrestrial,"introduced (alien, exotic, non-native, nonindigenous); introduced",TRUE,DAISIE; USRIIS; FirstRecords; GRIIS
Genista linifolia L.,Genista linifolia,Plantae,1810,Australia,AUS,2,terrestrial,"introduced (alien, exotic, non-native, nonindigenous); introduced",TRUE,USRIIS; FirstRecords; GRIIS
Genista monspessulana (L.) L.A.S. Johnson; Genista monspessulana (L.) L.A.S.Johnson,Genista monspessulana,Plantae,1500,United Kingdom,GBR,14,terrestrial,"introduced (alien, exotic, non-native, nonindigenous); introduced",TRUE,DAISIE; USRIIS; FirstRecords; GRIIS
Genista tinctoria L.,Genista tinctoria,Plantae,1777,Estonia,EST,6,freshwater; terrestrial,"introduced (alien, exotic, non-native, nonindigenous); introduced",TRUE,USRIIS; FirstRecords; GRIIS; Artsdatabanken
"Geopelia striata (Linnaeus, 1766)",Geopelia striata,Animalia,1750,Mauritius,MUS,7,terrestrial,"introduced (alien, exotic, non-native, nonindigenous); introduced",TRUE,SINAS; USRIIS; FirstRecords; GRIIS
"Geophagus proximus (Castelnau, 1855)",Geophagus proximus,Animalia,NA,NA,NA,1,freshwater,introduced,TRUE,FirstRecords; GRIIS
Geranium columbinum L.,Geranium columbinum,Plantae,NA,NA,NA,6,terrestrial,"introduced (alien, exotic, non-native, nonindigenous); introduced",TRUE,USRIIS; FirstRecords; GRIIS; InstytutOchronyPrzyrody
Geranium dissectum L.,Geranium dissectum,Plantae,-5300,Czechia,CZE,20,freshwater; terrestrial,"introduced (alien, exotic, non-native, nonindigenous); introduced",TRUE,DAISIE; USRIIS; FirstRecords; GRIIS; InstytutOchronyPrzyrody
Geranium lucidum L.,Geranium lucidum,Plantae,1913,Poland,POL,3,terrestrial,"introduced (alien, exotic, non-native, nonindigenous); introduced",TRUE,SINAS; USRIIS; FirstRecords; GRIIS
Geranium molle L.,Geranium molle,Plantae,1500,Poland,POL,17,terrestrial,"introduced (alien, exotic, non-native, nonindigenous); introduced",TRUE,USRIIS; FirstRecords; GRIIS; InstytutOchronyPrzyrody
Geranium phaeum L.,Geranium phaeum,Plantae,1500,United Kingdom,GBR,8,terrestrial,introduced,TRUE,DAISIE; TrIAS; FirstRecords; GRIIS; Artsdatabanken
Geranium purpureum Vill.,Geranium purpureum,Plantae,1890,Germany,DEU,10,terrestrial,introduced,TRUE,TrIAS; FirstRecords; GRIIS
Geranium pusillum L.,Geranium pusillum,Plantae,-2200,Czechia,CZE,18,terrestrial,"introduced (alien, exotic, non-native, nonindigenous); introduced",TRUE,DAISIE; USRIIS; FirstRecords; GRIIS; InstytutOchronyPrzyrody
Geranium pyrenaicum Burm. f.; Geranium pyrenaicum Burm.f.,Geranium pyrenaicum,Plantae,1500,United Kingdom,GBR,18,freshwater; terrestrial,"introduced (alien, exotic, non-native, nonindigenous); introduced",TRUE,DAISIE; USRIIS; TrIAS; FirstRecords; GRIIS; Artsdatabanken; InstytutOchronyPrzyrody
Geranium robertianum L.,Geranium robertianum,Plantae,1821,Canada,CAN,9,terrestrial,"introduced (alien, exotic, non-native, nonindigenous); introduced",TRUE,SINAS; USRIIS; FirstRecords; GRIIS
Geranium sanguineum L.,Geranium sanguineum,Plantae,1959,United States,USA,3,terrestrial,"introduced (alien, exotic, non-native, nonindigenous); introduced",TRUE,USRIIS; FirstRecords; GRIIS
Gerbera jamesonii Bolus ex Hook. f.; Gerbera jamesonii Adlam,Gerbera jamesonii,Plantae,NA,NA,NA,6,terrestrial,"introduced (alien, exotic, non-native, nonindigenous); introduced",TRUE,USRIIS; FirstRecords; GRIIS
Geum aleppicum Jacq.,Geum aleppicum,Plantae,1840,New Zealand,NZL,6,terrestrial,introduced,TRUE,SINAS; FirstRecords; GRIIS; Artsdatabanken
Geum macrophyllum Willd.,Geum macrophyllum,Plantae,1500,Germany,DEU,9,terrestrial,introduced,TRUE,DAISIE; TrIAS; FirstRecords; GRIIS
Geum macrophyllum subsp. macrophyllum,Geum macrophyllum macrophyllum,Plantae,1894,Norway,NOR,1,terrestrial,introduced,TRUE,GRIIS; Artsdatabanken
Geum urbanum L.,Geum urbanum,Plantae,1860,Canada,CAN,2,terrestrial,"introduced (alien, exotic, non-native, nonindigenous); introduced",TRUE,USRIIS; FirstRecords; GRIIS
"Gibelion catla (Hamilton, 1822)",Gibelion catla,Animalia,1942,Sri Lanka,LKA,11,brackish; freshwater,introduced,TRUE,FirstRecords; GRIIS
"Gila orcuttii (Eigenmann & Eigenmann, 1890)",Gila orcuttii,Animalia,1955,Mexico,MEX,1,freshwater,introduced,TRUE,FirstRecords; GRIIS
Gilia capitata Sims,Gilia capitata,Plantae,1888,United Kingdom,GBR,6,terrestrial,"introduced (alien, exotic, non-native, nonindigenous); introduced",TRUE,SINAS; USRIIS; FirstRecords; GRIIS
"Gilpinia hercyniae (Hartig); Gilpinia hercyniae (Hartig, 1837)",Gilpinia hercyniae,Animalia,1922,United States,USA,2,terrestrial,"introduced (alien, exotic, non-native, nonindigenous); introduced",TRUE,USRIIS; FirstRecords; GRIIS
"Girardia tigrina (Girard, 1850)",Girardia tigrina,Animalia,1900,Austria,AUT,8,freshwater; terrestrial,introduced,TRUE,SINAS; TrIAS; GRIIS
"Giuris margaritacea (Valenciennes, 1837)",Giuris margaritacea,Animalia,NA,NA,NA,1,brackish; freshwater; marine,introduced,TRUE,FirstRecords; GRIIS
Gladiolus dalenii Van Geel,Gladiolus dalenii,Plantae,1995,Australia,AUS,3,terrestrial,"introduced (alien, exotic, non-native, nonindigenous); introduced",TRUE,USRIIS; FirstRecords; GRIIS
"Glandirana rugosa (Temminck and Schlegel, 1838); Glandirana rugosa (Temminck & Schlegel, 1838)",Glandirana rugosa,Animalia,1895,United States,USA,2,freshwater; terrestrial,introduced: assisted colonization; introduced,TRUE,USRIIS; FirstRecords; GRIIS
Glaucium flavum Crantz,Glaucium flavum,Plantae,1500,Germany,DEU,10,terrestrial,"introduced (alien, exotic, non-native, nonindigenous); introduced",TRUE,DAISIE; USRIIS; FirstRecords; GRIIS
Glebionis coronaria (L.) Tzvelev,Glebionis coronaria,Plantae,1057,China,CHN,25,terrestrial,"introduced (alien, exotic, non-native, nonindigenous); introduced",TRUE,SINAS; USRIIS; TrIAS; FirstRecords; GRIIS
Glebionis segetum (L.) Fourr.,Glebionis segetum,Plantae,1500,Poland,POL,15,terrestrial,"introduced (alien, exotic, non-native, nonindigenous); introduced",TRUE,USRIIS; FirstRecords; GRIIS; InstytutOchronyPrzyrody
Glechoma hederacea L.,Glechoma hederacea,Plantae,1867,Japan,JPN,8,terrestrial,"introduced (alien, exotic, non-native, nonindigenous); introduced",TRUE,USRIIS; FirstRecords; GRIIS
Gleditsia triacanthos L.,Gleditsia triacanthos,Plantae,1500,Italy,ITA,40,terrestrial,introduced,TRUE,DAISIE; TrIAS; FirstRecords; GRIIS
Gliricidia sepium (Jacq.) Kunth,Gliricidia sepium,Plantae,1838,Philippines,PHL,84,terrestrial,"introduced (alien, exotic, non-native, nonindigenous); introduced",TRUE,USRIIS; FirstRecords; GRIIS
"Glis glis (Linnaeus, 1766)",Glis glis,Animalia,-4500,Italy,ITA,2,terrestrial,introduced,TRUE,FirstRecords; GRIIS
"Glischrochilus quadrisignatus (Say, 1835)",Glischrochilus quadrisignatus,Animalia,1950,Germany,DEU,14,terrestrial,introduced,TRUE,"SINAS, DAISIE; FirstRecords; GRIIS; Artsdatabanken; InstytutOchronyPrzyrody"
"Globodera pallida (Stone, 1973) Behrens, 1975",Globodera pallida,Animalia,1889,Germany,DEU,3,terrestrial,"introduced (alien, exotic, non-native, nonindigenous); introduced",TRUE,"SINAS, DAISIE; USRIIS; GRIIS; Artsdatabanken"
"Globodera rostochiensis (Wollenweber, 1923) Skarbilovich, 1959",Globodera rostochiensis,Animalia,1889,Germany,DEU,3,terrestrial,"introduced (alien, exotic, non-native, nonindigenous); introduced",TRUE,"SINAS, DAISIE; USRIIS; GRIIS; Artsdatabanken"
Gloriosa superba L.,Gloriosa superba,Plantae,1944,Australia,AUS,13,terrestrial,"introduced (alien, exotic, non-native, nonindigenous); introduced",TRUE,USRIIS; FirstRecords; GRIIS
"Glossogobius giuris (Hamilton, 1822)",Glossogobius giuris,Animalia,NA,NA,NA,1,brackish; freshwater; marine,introduced,TRUE,FirstRecords; GRIIS
Glossostigma elatinoides (Benth.) Benth. ex Hook.fil.,Glossostigma elatinoides,Plantae,NA,NA,NA,1,freshwater; terrestrial,introduced,TRUE,FirstRecords; GRIIS
"Glycaspis brimblecombei Moore, 1964",Glycaspis brimblecombei,Animalia,1998,United States,USA,3,terrestrial,"introduced (alien, exotic, non-native, nonindigenous); introduced",TRUE,USRIIS; GRIIS
Glyceria declinata Breb.; Glyceria declinata Bréb.,Glyceria declinata,Plantae,1838,Bhutan,BTN,6,freshwater; terrestrial,"introduced (alien, exotic, non-native, nonindigenous); introduced",TRUE,SINAS; USRIIS; FirstRecords; GRIIS
Glyceria fluitans (L.) R. Br.; Glyceria fluitans (L.) R.Br.,Glyceria fluitans,Plantae,1871,New Zealand,NZL,7,freshwater; terrestrial,"introduced (alien, exotic, non-native, nonindigenous); introduced",TRUE,USRIIS; FirstRecords; GRIIS
Glyceria grandis S.Watson,Glyceria grandis,Plantae,1827,Norway,NOR,2,freshwater; terrestrial,introduced,TRUE,SINAS; FirstRecords; GRIIS
Glyceria maxima (Hartm.) Holmb.,Glyceria maxima,Plantae,1827,Norway,NOR,9,brackish; freshwater; terrestrial,"introduced (alien, exotic, non-native, nonindigenous); introduced",TRUE,USRIIS; FirstRecords; GRIIS; Artsdatabanken
Glyceria striata (Lam.) Hitchc.,Glyceria striata,Plantae,1500,Switzerland,CHE,14,freshwater; terrestrial,introduced,TRUE,DAISIE; FirstRecords; GRIIS; InstytutOchronyPrzyrody
Glycine tabacina (Labill.) Benth.,Glycine tabacina,Plantae,NA,NA,NA,3,terrestrial,introduced,TRUE,FirstRecords; GRIIS
Glycosmis parviflora (Sims) Little; Glycosmis parviflora (Sims) Kurz,Glycosmis parviflora,Plantae,NA,NA,NA,2,terrestrial,"introduced (alien, exotic, non-native, nonindigenous); introduced",TRUE,USRIIS; FirstRecords; GRIIS
"Glyphodes pyloalis Walker, 1859",Glyphodes pyloalis,Animalia,NA,NA,NA,3,terrestrial,"introduced (alien, exotic, non-native, nonindigenous); introduced",TRUE,USRIIS; FirstRecords; GRIIS
Gmelina arborea Roxb. ex Sm.,Gmelina arborea,Plantae,1988,Australia,AUS,25,terrestrial,introduced,TRUE,FirstRecords; GRIIS
"Gmelinoides fasciatus (Stebbing, 1899)",Gmelinoides fasciatus,Animalia,1962,Russia,RUS,4,brackish; freshwater,introduced,TRUE,FirstRecords; GRIIS
Gnaphalium polycaulon Pers.,Gnaphalium polycaulon,Plantae,1888,Australia,AUS,7,terrestrial,introduced,TRUE,FirstRecords; GRIIS
Gnaphalium uliginosum L.,Gnaphalium uliginosum,Plantae,1941,United States,USA,4,terrestrial,"introduced (alien, exotic, non-native, nonindigenous); introduced",TRUE,USRIIS; FirstRecords; GRIIS
"Gnatocerus cornutus (Fabricius, 1798)",Gnatocerus cornutus,Animalia,1860,New Zealand,NZL,7,terrestrial,introduced,TRUE,SINAS; FirstRecords; GRIIS
"Gobio gobio (Linnaeus, 1758)",Gobio gobio,Animalia,1601,Ireland,IRL,5,brackish; freshwater,introduced,TRUE,DAISIE; FirstRecords; GRIIS; Artsdatabanken
"Gobio lozanoi Doadrio & Madeira, 2004",Gobio lozanoi,Animalia,NA,NA,NA,1,freshwater,introduced,TRUE,FirstRecords; GRIIS
Gomphocarpus fruticosus (L.) W.T. Aiton; Gomphocarpus fruticosus (L.) W.T.Aiton,Gomphocarpus fruticosus,Plantae,1500,Italy,ITA,21,terrestrial,"introduced (alien, exotic, non-native, nonindigenous); introduced",TRUE,DAISIE; USRIIS; TrIAS; FirstRecords; GRIIS
Gomphocarpus physocarpus E. Mey.; Gomphocarpus physocarpus E.Mey.,Gomphocarpus physocarpus,Plantae,1892,Australia,AUS,24,terrestrial,"introduced (alien, exotic, non-native, nonindigenous); introduced",TRUE,USRIIS; FirstRecords; GRIIS
Gomphrena celosioides Mart.,Gomphrena celosioides,Plantae,1845,India,IND,20,terrestrial,introduced,TRUE,FirstRecords; GRIIS; B.Shrestha_NPL_2026
Gomphrena globosa L.,Gomphrena globosa,Plantae,1500,Italy,ITA,34,terrestrial,"introduced (alien, exotic, non-native, nonindigenous); introduced",TRUE,DAISIE; USRIIS; FirstRecords; GRIIS
Gomphrena serrata L.,Gomphrena serrata,Plantae,1945,India,IND,5,terrestrial,"introduced (alien, exotic, non-native, nonindigenous); introduced",TRUE,USRIIS; FirstRecords; GRIIS
"Gonatodes albogularis (Dumeril and Bibron, 1836); Gonatodes albogularis (Duméril & Bibron, 1836)",Gonatodes albogularis,Animalia,1935,United States,USA,2,terrestrial,"introduced (alien, exotic, non-native, nonindigenous); introduced",TRUE,USRIIS; FirstRecords; GRIIS
"Gonatodes vittatus (Lichtenstein & Martens, 1856)",Gonatodes vittatus,Animalia,NA,NA,NA,1,terrestrial,introduced,TRUE,FirstRecords; GRIIS
Goniocaulon indicum (J.G.Klein ex Willd.) C.B.Clarke,Goniocaulon indicum,Plantae,NA,NA,NA,1,terrestrial,introduced,TRUE,FirstRecords; GRIIS
"Gonipterus platensis Marelli, 1926",Gonipterus platensis,Animalia,NA,NA,NA,1,terrestrial,"introduced (alien, exotic, non-native, nonindigenous)",TRUE,USRIIS
"Gonipterus scutellatus Gyllenhal, 1833",Gonipterus scutellatus,Animalia,1890,New Zealand,NZL,14,terrestrial,"introduced (alien, exotic, non-native, nonindigenous); introduced",TRUE,EPPO Distribution; USRIIS; FirstRecords; GRIIS
Gonocarpus chinensis (Lour.) Orchard,Gonocarpus chinensis,Plantae,NA,NA,NA,2,terrestrial,"introduced (alien, exotic, non-native, nonindigenous); introduced",TRUE,USRIIS; FirstRecords; GRIIS
Gossypium barbadense L.,Gossypium barbadense,Plantae,1803,Nigeria,NGA,29,terrestrial,"introduced (alien, exotic, non-native, nonindigenous); introduced",TRUE,SINAS; USRIIS; FirstRecords; GRIIS
Gossypium hirsutum L.,Gossypium hirsutum,Plantae,1500,Italy,ITA,27,terrestrial,"introduced (alien, exotic, non-native, nonindigenous); introduced",TRUE,DAISIE; USRIIS; FirstRecords; GRIIS
"Gracula religiosa Linnaeus, 1758",Gracula religiosa,Animalia,NA,NA,NA,2,terrestrial,introduced,TRUE,FirstRecords; GRIIS
"Graphocephala fennahi Young, 1977",Graphocephala fennahi,Animalia,1933,United Kingdom,GBR,5,terrestrial,introduced,TRUE,SINAS; TrIAS; GRIIS; Artsdatabanken
"Grapholita delineana Walker, 1863",Grapholita delineana,Animalia,1926,Netherlands,NLD,3,terrestrial,"introduced (alien, exotic, non-native, nonindigenous); introduced",TRUE,DAISIE; USRIIS; FirstRecords; GRIIS
"Grapholita molesta (Busck, 1916)",Grapholita molesta,Animalia,1912,United States,USA,10,terrestrial,"introduced (alien, exotic, non-native, nonindigenous); introduced",TRUE,USRIIS; FirstRecords; GRIIS
"Graptemys pseudogeographica (Gray, 1831)",Graptemys pseudogeographica,Animalia,2002,Spain,ESP,5,freshwater; terrestrial,introduced,TRUE,SINAS; TrIAS; FirstRecords; GRIIS
"Greenidea psidii van der Goot, 1917",Greenidea psidii,Animalia,1993,United States,USA,1,terrestrial,"introduced (alien, exotic, non-native, nonindigenous)",TRUE,USRIIS
Grevillea banksii R. Br.; Grevillea banksii R.Br.,Grevillea banksii,Plantae,1909,United States,USA,10,terrestrial,"introduced (alien, exotic, non-native, nonindigenous); introduced",TRUE,USRIIS; FirstRecords; GRIIS
Grevillea robusta A. Cunn. ex R. Br.; Grevillea robusta A.Cunn. ex R.Br.,Grevillea robusta,Plantae,1858,South Africa,ZAF,51,terrestrial,"introduced (alien, exotic, non-native, nonindigenous); introduced",TRUE,USRIIS; FirstRecords; GRIIS
Grevillea rosmarinifolia A.Cunn.,Grevillea rosmarinifolia,Plantae,NA,NA,NA,2,terrestrial,introduced,TRUE,FirstRecords; GRIIS
Grindelia squarrosa (Pursh) Dunal,Grindelia squarrosa,Plantae,1500,Czechia,CZE,20,freshwater; terrestrial,introduced,TRUE,DAISIE; TrIAS; FirstRecords; GRIIS
Grona adscendens (Sw.) H.Ohashi & K.Ohashi,Grona adscendens,Plantae,NA,NA,NA,11,terrestrial,introduced,TRUE,FirstRecords; GRIIS
Grona heterocarpos (L.) H.Ohashi & K.Ohashi,Grona heterocarpos,Plantae,NA,NA,NA,15,terrestrial,introduced,TRUE,FirstRecords; GRIIS
Grona heterophylla (Willd.) H.Ohashi & K.Ohashi,Grona heterophylla,Plantae,NA,NA,NA,10,terrestrial,introduced,TRUE,FirstRecords; GRIIS
Grona triflora (L.) H.Ohashi & K.Ohashi,Grona triflora,Plantae,NA,NA,NA,22,terrestrial,introduced,TRUE,FirstRecords; GRIIS
"Gronops inaequalis Boheman, 1842",Gronops inaequalis,Animalia,1940,Poland,POL,3,terrestrial,introduced,TRUE,FirstRecords; GRIIS; InstytutOchronyPrzyrody
"Gryllotalpa gryllotalpa (Linnaeus, 1758)",Gryllotalpa gryllotalpa,Animalia,1900,Norway,NOR,3,terrestrial,"introduced (alien, exotic, non-native, nonindigenous); introduced",TRUE,SINAS; USRIIS; FirstRecords; GRIIS
Guilandina bonduc L.,Guilandina bonduc,Plantae,1994,Iran,IRN,13,terrestrial,introduced,TRUE,FirstRecords; GRIIS
Guilleminea densa (Willd.) Moq.,Guilleminea densa,Plantae,1908,South Africa,ZAF,7,terrestrial,introduced,TRUE,FirstRecords; GRIIS
Guizotia abyssinica (L. f.) Cass.; Guizotia abyssinica (L.fil.) Cass.,Guizotia abyssinica,Plantae,1500,Czechia,CZE,21,terrestrial,"introduced (alien, exotic, non-native, nonindigenous); introduced",TRUE,DAISIE; USRIIS; TrIAS; FirstRecords; GRIIS
Gunnera manicata Linden,Gunnera manicata,Plantae,1500,United Kingdom,GBR,2,terrestrial,introduced,TRUE,DAISIE; FirstRecords; GRIIS
Gunnera tinctoria (Molina) Mirb.,Gunnera tinctoria,Plantae,1500,United Kingdom,GBR,8,terrestrial,"introduced (alien, exotic, non-native, nonindigenous); introduced",TRUE,DAISIE; USRIIS; FirstRecords; GRIIS
"Gymnaspis aechmeae Newstead, 1898",Gymnaspis aechmeae,Animalia,1898,United Kingdom,GBR,3,terrestrial,"introduced (alien, exotic, non-native, nonindigenous); introduced",TRUE,"SINAS, DAISIE; USRIIS; GRIIS"
"Gymnocephalus cernua (Linnaeus, 1758)",Gymnocephalus cernua,Animalia,1985,Italy,ITA,4,brackish; freshwater,"introduced (alien, exotic, non-native, nonindigenous); introduced",TRUE,SINAS; USRIIS; FirstRecords; GRIIS
Gymnocoronis spilanthoides DC.,Gymnocoronis spilanthoides,Plantae,1980,Australia,AUS,8,brackish; freshwater,introduced,TRUE,FirstRecords; GRIIS
"Gymnophthalmus underwoodi Grant, 1958",Gymnophthalmus underwoodi,Animalia,NA,NA,NA,7,terrestrial,introduced,TRUE,FirstRecords; GRIIS
"Gymnorhina tibicen (Latham, 1802)",Gymnorhina tibicen,Animalia,1860,Australia,AUS,4,terrestrial,introduced,TRUE,SINAS; TrIAS; FirstRecords; GRIIS
Gynandropsis gynandra (L.) Briq.,Gynandropsis gynandra,Plantae,1847,Madagascar,MDG,16,terrestrial,"introduced (alien, exotic, non-native, nonindigenous); introduced",TRUE,USRIIS; FirstRecords; GRIIS
Gypsophila elegans M. Bieb.; Gypsophila elegans M.Bieb.,Gypsophila elegans,Plantae,1500,Italy,ITA,16,freshwater; terrestrial,"introduced (alien, exotic, non-native, nonindigenous); introduced",TRUE,DAISIE; USRIIS; TrIAS; FirstRecords; GRIIS
Gypsophila paniculata L.,Gypsophila paniculata,Plantae,1500,Switzerland,CHE,18,freshwater; terrestrial,"introduced (alien, exotic, non-native, nonindigenous); introduced",TRUE,DAISIE; USRIIS; TrIAS; FirstRecords; GRIIS; Artsdatabanken
Gypsophila pilosa Huds.,Gypsophila pilosa,Plantae,1500,Italy,ITA,10,terrestrial,"introduced (alien, exotic, non-native, nonindigenous); introduced",TRUE,DAISIE; USRIIS; TrIAS; FirstRecords; GRIIS
Gypsophila scorzonerifolia Ser.,Gypsophila scorzonerifolia,Plantae,1819,Slovakia,SVK,8,terrestrial,"introduced (alien, exotic, non-native, nonindigenous); introduced",TRUE,USRIIS; TrIAS; FirstRecords; GRIIS
Gypsophila vaccaria (L.) Sm.,Gypsophila vaccaria,Plantae,-5300,Czechia,CZE,26,freshwater; terrestrial,introduced,TRUE,DAISIE; TrIAS; FirstRecords; GRIIS; InstytutOchronyPrzyrody
"Gyrodactylus salaris Malmberg, 1957",Gyrodactylus salaris,Animalia,1957,Sweden,SWE,2,freshwater,introduced,TRUE,"SINAS, DAISIE; GRIIS; Artsdatabanken"
"Haematobia irritans (Linnaeus, 1758)",Haematobia irritans,Animalia,1887,United States,USA,3,terrestrial,"introduced (alien, exotic, non-native, nonindigenous); introduced",TRUE,USRIIS; FirstRecords; GRIIS
Haematoxylum campechianum L.,Haematoxylum campechianum,Plantae,1848,Madagascar,MDG,31,terrestrial,"introduced (alien, exotic, non-native, nonindigenous); introduced",TRUE,USRIIS; FirstRecords; GRIIS
Hakea drupacea (C.F.Gaertn.) Roem. & Schult.,Hakea drupacea,Plantae,1850,South Africa,ZAF,1,terrestrial,introduced,TRUE,FirstRecords; GRIIS
Hakea gibbosa (Sm.) Cav.,Hakea gibbosa,Plantae,1835,South Africa,ZAF,2,terrestrial,introduced,TRUE,FirstRecords; GRIIS
Hakea salicifolia (Vent.) B.L.Burtt,Hakea salicifolia,Plantae,1858,South Africa,ZAF,5,terrestrial,introduced,TRUE,FirstRecords; GRIIS
Hakea sericea Schrad. & J.C.Wendl.,Hakea sericea,Plantae,1858,South Africa,ZAF,4,terrestrial,introduced,TRUE,FirstRecords; GRIIS
"Haloa japonica (Pilsbry, 1895)",Haloa japonica,Animalia,1985,United States,USA,1,brackish; terrestrial,"introduced (alien, exotic, non-native, nonindigenous)",TRUE,USRIIS
"Halyomorpha halys (Stal, 1855); Halyomorpha halys (Stål, 1855)",Halyomorpha halys,Animalia,1996,United States,USA,6,terrestrial,"introduced (alien, exotic, non-native, nonindigenous); introduced",TRUE,USRIIS; TrIAS; FirstRecords; GRIIS; InstytutOchronyPrzyrody
"Haploembia solieri (Rambur, 1842)",Haploembia solieri,Animalia,1880,United States,USA,2,terrestrial,"introduced (alien, exotic, non-native, nonindigenous); introduced",TRUE,USRIIS; FirstRecords; GRIIS
"Haplophthalmus danicus Budde-Lund, 1879; Haplophthalmus danicus Budde-Lund, 1880",Haplophthalmus danicus,Animalia,1940,Czechia,CZE,5,terrestrial,"introduced (alien, exotic, non-native, nonindigenous); introduced",TRUE,"SINAS, DAISIE; USRIIS; FirstRecords; GRIIS; InstytutOchronyPrzyrody"
"Haplorchis pumilio (Looss, 1896) Looss, 1899",Haplorchis pumilio,Animalia,2014,United States,USA,1,brackish; freshwater,"introduced (alien, exotic, non-native, nonindigenous)",TRUE,USRIIS
"Haplotinea ditella (Pierce et al., 1938)",Haplotinea ditella,Animalia,NA,NA,NA,1,terrestrial,introduced,TRUE,GRIIS
"Haplotinea insectella (Fabricius, 1794)",Haplotinea insectella,Animalia,NA,NA,NA,2,terrestrial,introduced,TRUE,FirstRecords; GRIIS
"Harmonia axyridis (Pallas, 1773)",Harmonia axyridis,Animalia,1916,United States,USA,44,terrestrial,"introduced (alien, exotic, non-native, nonindigenous); introduced: assisted colonization; introduced",TRUE,USRIIS; TrIAS; FirstRecords; GRIIS; Artsdatabanken; InstytutOchronyPrzyrody
Harrisia martinii (Labour.) Britton,Harrisia martinii,Plantae,1953,Australia,AUS,4,terrestrial,"introduced (alien, exotic, non-native, nonindigenous); introduced",TRUE,USRIIS; FirstRecords; GRIIS
Harrisia pomanensis (F.A.C.Weber ex K.Schum.) Britton & Rose,Harrisia pomanensis,Plantae,NA,NA,NA,4,terrestrial,introduced,TRUE,FirstRecords; GRIIS
"Hebata fabalis (DeLong, 1930)",Hebata fabalis,Animalia,NA,NA,NA,1,terrestrial,introduced,TRUE,GRIIS
"Hebius vibakari (Boie, 1826)",Hebius vibakari,Animalia,NA,NA,NA,1,freshwater; terrestrial,introduced,TRUE,FirstRecords; GRIIS
Hedera canariensis Willd.,Hedera canariensis,Plantae,NA,NA,NA,4,terrestrial,introduced,TRUE,FirstRecords; GRIIS
Hedera helix L.,Hedera helix,Plantae,1843,Australia,AUS,20,terrestrial,"introduced (alien, exotic, non-native, nonindigenous); introduced",TRUE,USRIIS; FirstRecords; GRIIS
Hedera hibernica (G. Kirchn.) Bean; Hedera hibernica Poit.,Hedera hibernica,Plantae,1925,Sweden,SWE,8,terrestrial,"introduced (alien, exotic, non-native, nonindigenous); introduced",TRUE,USRIIS; TrIAS; FirstRecords; GRIIS; Artsdatabanken
Hedlundia mougeotii (Soy.-Will. & Godr.) Sennikov & Kurtto,Hedlundia mougeotii,Plantae,1992,Norway,NOR,4,terrestrial,introduced,TRUE,FirstRecords; GRIIS; Artsdatabanken
Hedychium coccineum Buch.-Ham. ex Sm.,Hedychium coccineum,Plantae,1957,South Africa,ZAF,4,terrestrial,introduced,TRUE,FirstRecords; GRIIS
Hedychium coronarium J. Koenig; Hedychium coronarium J.Koenig,Hedychium coronarium,Plantae,1777,Indonesia,IDN,47,terrestrial,"introduced (alien, exotic, non-native, nonindigenous); introduced",TRUE,SINAS; USRIIS; FirstRecords; GRIIS
Hedychium flavescens Carey ex Roscoe,Hedychium flavescens,Plantae,1898,New Zealand,NZL,17,terrestrial,"introduced (alien, exotic, non-native, nonindigenous); introduced",TRUE,USRIIS; FirstRecords; GRIIS; M.McGeoch_AUS_2025
Hedychium gardnerianum Shepard ex Ker Gawl.; Hedychium gardnerianum Sheph. ex Ker Gawl.,Hedychium gardnerianum,Plantae,1617,United Kingdom,GBR,20,terrestrial,"introduced (alien, exotic, non-native, nonindigenous); introduced",TRUE,SINAS; USRIIS; FirstRecords; GRIIS
Hedypnois rhagadioloides (L.) F.W.Schmidt,Hedypnois rhagadioloides,Plantae,1879,Australia,AUS,3,terrestrial,"introduced (alien, exotic, non-native, nonindigenous); introduced",TRUE,SINAS; USRIIS; FirstRecords; GRIIS
Helenium amarum (Raf.) H.Rock,Helenium amarum,Plantae,1953,Australia,AUS,3,terrestrial,introduced,TRUE,FirstRecords; GRIIS
Helenium quadridentatum Labill.,Helenium quadridentatum,Plantae,1840,United Kingdom,GBR,2,terrestrial,introduced,TRUE,CABI; FirstRecords; GRIIS
Helianthemum nummularium (L.) Mill.,Helianthemum nummularium,Plantae,NA,NA,NA,2,terrestrial,introduced,TRUE,FirstRecords; GRIIS
Helianthus annuus L.,Helianthus annuus,Plantae,1500,Switzerland,CHE,45,freshwater; terrestrial,"introduced (alien, exotic, non-native, nonindigenous); introduced",TRUE,DAISIE; USRIIS; TrIAS; FirstRecords; GRIIS
Helianthus argophyllus Torr. & A.Gray,Helianthus argophyllus,Plantae,1964,Australia,AUS,5,terrestrial,introduced,TRUE,FirstRecords; GRIIS
Helianthus ×laetiflorus Pers.; Helianthus × laetiflorus Pers.,Helianthus laetiflorus,Plantae,1500,Czechia,CZE,16,terrestrial,introduced,TRUE,DAISIE; TrIAS; FirstRecords; GRIIS; InstytutOchronyPrzyrody
Helianthus pauciflorus Nutt.,Helianthus pauciflorus,Plantae,1500,Italy,ITA,15,terrestrial,introduced,TRUE,DAISIE; FirstRecords; GRIIS
Helianthus tuberosus L.,Helianthus tuberosus,Plantae,1500,Bulgaria,BGR,48,freshwater; terrestrial,introduced,TRUE,DAISIE; TrIAS; FirstRecords; GRIIS; Artsdatabanken; InstytutOchronyPrzyrody
Helichrysum luteoalbum (L.) Rchb.,Helichrysum luteoalbum,Plantae,1690,United Kingdom,GBR,9,terrestrial,"introduced (alien, exotic, non-native, nonindigenous); introduced",TRUE,SINAS; USRIIS; FirstRecords; GRIIS
Helichrysum petiolare Hilliard and B.L. Burtt; Helichrysum petiolare Hilliard & B.L.Burtt,Helichrysum petiolare,Plantae,1887,France,FRA,6,terrestrial,"introduced (alien, exotic, non-native, nonindigenous); introduced",TRUE,USRIIS; TrIAS; FirstRecords; GRIIS
Heliconia L.,Heliconia,Plantae,NA,NA,NA,3,terrestrial,introduced,TRUE,FirstRecords; GRIIS
Heliconia latispatha Benth.,Heliconia latispatha,Plantae,1942,United States,USA,3,terrestrial,"introduced (alien, exotic, non-native, nonindigenous); introduced",TRUE,USRIIS; FirstRecords; GRIIS
Heliconia psittacorum L.f.,Heliconia psittacorum,Plantae,NA,NA,NA,7,terrestrial,introduced,TRUE,FirstRecords; GRIIS
Heliconia wagneriana Petersen,Heliconia wagneriana,Plantae,NA,NA,NA,3,terrestrial,introduced,TRUE,FirstRecords; GRIIS
"Heliothrips haemorrhoidalis (Bouché, 1833)",Heliothrips haemorrhoidalis,Animalia,1833,Germany,DEU,10,terrestrial,"introduced (alien, exotic, non-native, nonindigenous); introduced",TRUE,"SINAS, DAISIE; USRIIS; TrIAS; FirstRecords; GRIIS"
Heliotropium amplexicaule Vahl,Heliotropium amplexicaule,Plantae,1500,Italy,ITA,9,terrestrial,"introduced (alien, exotic, non-native, nonindigenous); introduced",TRUE,DAISIE; USRIIS; TrIAS; FirstRecords; GRIIS
Heliotropium arborescens L.,Heliotropium arborescens,Plantae,1500,Italy,ITA,7,terrestrial,"introduced (alien, exotic, non-native, nonindigenous); introduced",TRUE,DAISIE; USRIIS; FirstRecords; GRIIS
Heliotropium curassavicum L.,Heliotropium curassavicum,Plantae,1500,Italy,ITA,21,brackish; freshwater; terrestrial,introduced,TRUE,DAISIE; FirstRecords; GRIIS
Heliotropium indicum L.,Heliotropium indicum,Plantae,1819,Philippines,PHL,36,terrestrial,"introduced (alien, exotic, non-native, nonindigenous); introduced",TRUE,USRIIS; FirstRecords; GRIIS
"Helix pomatia Linnaeus, 1758",Helix pomatia,Animalia,1408,Latvia,LVA,8,terrestrial,"introduced (alien, exotic, non-native, nonindigenous); introduced",TRUE,USRIIS; FirstRecords; GRIIS; Artsdatabanken
Hellenia speciosa (J.Koenig) S.R.Dutta,Hellenia speciosa,Plantae,NA,NA,NA,16,terrestrial,introduced,TRUE,FirstRecords; GRIIS
Helminthotheca echioides (L.) Holub; Helminthotheca echioides (L) Holub,Helminthotheca echioides,Plantae,1500,United Kingdom,GBR,28,freshwater; terrestrial,"introduced (alien, exotic, non-native, nonindigenous); introduced",TRUE,DAISIE; USRIIS; FirstRecords; GRIIS; InstytutOchronyPrzyrody
Helosciadium nodiflorum (L.) W.D.J.Koch,Helosciadium nodiflorum,Plantae,1868,Norway,NOR,4,terrestrial,introduced,TRUE,SINAS; FirstRecords; GRIIS
Hemarthria altissima (Poir.) Stapf and C.E. Hubb.; Hemarthria altissima (Poir.) Stapf & C.E.Hubb.,Hemarthria altissima,Plantae,1890,Mexico,MEX,8,terrestrial,"introduced (alien, exotic, non-native, nonindigenous); introduced",TRUE,USRIIS; FirstRecords; GRIIS
Hemerocallis fulva (L.) L.,Hemerocallis fulva,Plantae,1500,Switzerland,CHE,32,terrestrial,"introduced (alien, exotic, non-native, nonindigenous); introduced",TRUE,DAISIE; USRIIS; TrIAS; FirstRecords; GRIIS; InstytutOchronyPrzyrody
Hemerocallis lilioasphodelus L.,Hemerocallis lilioasphodelus,Plantae,1500,Germany,DEU,17,terrestrial,"introduced (alien, exotic, non-native, nonindigenous); introduced",TRUE,DAISIE; USRIIS; TrIAS; FirstRecords; GRIIS; Artsdatabanken
"Hemibarbus maculatus Bleeker, 1871",Hemibarbus maculatus,Animalia,NA,NA,NA,3,freshwater,introduced,TRUE,FirstRecords; GRIIS
"Hemichromis guttatus Günther, 1862",Hemichromis guttatus,Animalia,1998,Mexico,MEX,1,brackish; freshwater,introduced,TRUE,FirstRecords; GRIIS
"Hemichromis letourneuxi Sauvage, 1880",Hemichromis letourneuxi,Animalia,1965,United States,USA,2,brackish; freshwater,"introduced (alien, exotic, non-native, nonindigenous); introduced",TRUE,USRIIS; FirstRecords; GRIIS
"Hemiculter leucisculus (Basilewsky, 1855)",Hemiculter leucisculus,Animalia,1958,Kazakhstan,KAZ,6,brackish; freshwater,introduced,TRUE,FirstRecords; GRIIS
"Hemidactylus angulatus Hallowell, 1854",Hemidactylus angulatus,Animalia,NA,NA,NA,4,terrestrial,introduced,TRUE,FirstRecords; GRIIS
"Hemidactylus flaviviridis Rüppell, 1835",Hemidactylus flaviviridis,Animalia,NA,NA,NA,3,terrestrial,introduced,TRUE,FirstRecords; GRIIS
"Hemidactylus frenatus Schlegel, 1836; Hemidactylus frenatus Duméril & Bibron, 1836",Hemidactylus frenatus,Animalia,1840,Australia,AUS,30,terrestrial,"introduced (alien, exotic, non-native, nonindigenous); introduced",TRUE,USRIIS; FirstRecords; GRIIS
"Hemidactylus garnotii Dumeril and Bibron, 1836; Hemidactylus garnotii Duméril & Bibron, 1836",Hemidactylus garnotii,Animalia,400,United States,USA,4,terrestrial,"introduced (alien, exotic, non-native, nonindigenous); introduced",TRUE,USRIIS; FirstRecords; GRIIS
"Hemidactylus homoeolepis Blanford, 1881",Hemidactylus homoeolepis,Animalia,NA,NA,NA,1,terrestrial,introduced,TRUE,FirstRecords; GRIIS
"Hemidactylus mabouia (Moreau De Jonnes, 1818); Hemidactylus mabouia (Moreau De Jonnès, 1818)",Hemidactylus mabouia,Animalia,1962,Mexico,MEX,25,terrestrial,"introduced (alien, exotic, non-native, nonindigenous); introduced",TRUE,USRIIS; FirstRecords; GRIIS
"Hemidactylus mercatorius Gray, 1842",Hemidactylus mercatorius,Animalia,NA,NA,NA,2,terrestrial,introduced,TRUE,FirstRecords; GRIIS
"Hemidactylus platycephalus Peters, 1854",Hemidactylus platycephalus,Animalia,NA,NA,NA,1,terrestrial,introduced,TRUE,FirstRecords; GRIIS
"Hemidactylus turcicus (Linnaeus, 1758)",Hemidactylus turcicus,Animalia,700,France,FRA,9,terrestrial,"introduced (alien, exotic, non-native, nonindigenous); introduced",TRUE,DAISIE; USRIIS; TrIAS; FirstRecords; GRIIS
"Hemigraphis reptans Engl., 1886",Hemigraphis reptans,Plantae,NA,NA,NA,7,terrestrial,introduced,TRUE,FirstRecords; GRIIS
"Hemimysis anomala G. O. Sars, 1907; Hemimysis anomala G.O.Sars, 1907",Hemimysis anomala,Animalia,1955,Ukraine,UKR,19,brackish; freshwater,"introduced (alien, exotic, non-native, nonindigenous); introduced",TRUE,USRIIS; TrIAS; FirstRecords; GRIIS; InstytutOchronyPrzyrody
"Hemitragus jemlahicus (C.H.Smith, 1826)",Hemitragus jemlahicus,Animalia,1904,New Zealand,NZL,3,brackish; freshwater,introduced,TRUE,FirstRecords; GRIIS
Heptapleurum actinophyllum (Endl.) Lowry & G.M.Plunkett,Heptapleurum actinophyllum,Plantae,2011,South Africa,ZAF,20,terrestrial,introduced,TRUE,FirstRecords; GRIIS
Heracleum mantegazzianum Sommier and Levier; Heracleum mantegazzianum Sommier & Levier,Heracleum mantegazzianum,Plantae,180,Ireland,IRL,28,freshwater; terrestrial,"introduced (alien, exotic, non-native, nonindigenous); introduced",TRUE,USRIIS; TrIAS; FirstRecords; GRIIS; Artsdatabanken; InstytutOchronyPrzyrody
Heracleum persicum Desf.,Heracleum persicum,Plantae,1777,Estonia,EST,8,freshwater; terrestrial,introduced,TRUE,FirstRecords; GRIIS; Artsdatabanken
Heracleum sosnowskyi Manden.,Heracleum sosnowskyi,Plantae,1826,Norway,NOR,13,freshwater; terrestrial,introduced,TRUE,SINAS; FirstRecords; GRIIS; InstytutOchronyPrzyrody
Heracleum sphondylium subsp. sibiricum (L.) Simonk.,Heracleum sphondylium sibiricum,Plantae,2017,Belgium,BEL,2,terrestrial,introduced,TRUE,TrIAS; GRIIS
"Hercinothrips femoralis (Reuter, 1891)",Hercinothrips femoralis,Animalia,1891,Finland,FIN,5,terrestrial,"introduced (alien, exotic, non-native, nonindigenous); introduced",TRUE,"SINAS, DAISIE; USRIIS; TrIAS; FirstRecords; GRIIS"
Herissantia crispa (L.) Brizicky,Herissantia crispa,Plantae,1795,India,IND,5,terrestrial,"introduced (alien, exotic, non-native, nonindigenous); introduced",TRUE,USRIIS; FirstRecords; GRIIS
Herniaria cinerea DC.,Herniaria cinerea,Plantae,1895,Belgium,BEL,7,terrestrial,"introduced (alien, exotic, non-native, nonindigenous); introduced",TRUE,USRIIS; TrIAS; FirstRecords; GRIIS
Herniaria hirsuta L.,Herniaria hirsuta,Plantae,1500,Poland,POL,11,terrestrial,"introduced (alien, exotic, non-native, nonindigenous); introduced",TRUE,USRIIS; FirstRecords; GRIIS; InstytutOchronyPrzyrody
"Heros severus Heckel, 1840",Heros severus,Animalia,1974,Philippines,PHL,4,brackish; freshwater,"introduced (alien, exotic, non-native, nonindigenous); introduced",TRUE,SINAS; USRIIS; FirstRecords; GRIIS
"Herpestes javanicus (e. Geoffroy Saint-Hilaire, 1818); Herpestes javanicus (É.Geoffroy Saint-Hilaire, 1818)",Herpestes javanicus,Animalia,1787,Saint Kitts and Nevis,KNA,26,terrestrial,"introduced (alien, exotic, non-native, nonindigenous); introduced",TRUE,USRIIS; FirstRecords; GRIIS
"Herpestes javanicus auropunctatus (Hodgson, 1836)",Herpestes javanicus auropunctatus,Animalia,NA,NA,NA,3,terrestrial,introduced,TRUE,FirstRecords; GRIIS
Hesperis matronalis L.,Hesperis matronalis,Plantae,1500,Germany,DEU,29,freshwater; terrestrial,"introduced (alien, exotic, non-native, nonindigenous); introduced",TRUE,DAISIE; USRIIS; TrIAS; FirstRecords; GRIIS; Artsdatabanken; InstytutOchronyPrzyrody
"Hestina assimilis (Linnaeus, 1758)",Hestina assimilis,Animalia,1995,Japan,JPN,1,terrestrial,introduced,TRUE,FirstRecords; GRIIS
Heteranthera reniformis Ruiz and Pav.; Heteranthera reniformis Ruiz & Pav.,Heteranthera reniformis,Plantae,1500,Italy,ITA,9,freshwater; terrestrial,"introduced (alien, exotic, non-native, nonindigenous); introduced",TRUE,DAISIE; USRIIS; FirstRecords; GRIIS
"Heterobostrychus aequalis (Waterhouse, 1884)",Heterobostrychus aequalis,Animalia,1941,United States,USA,4,terrestrial,"introduced (alien, exotic, non-native, nonindigenous); introduced",TRUE,USRIIS; FirstRecords; GRIIS
"Heterodera avenae Wollenweber, 1924",Heterodera avenae,Animalia,1974,United States,USA,1,terrestrial,"introduced (alien, exotic, non-native, nonindigenous)",TRUE,USRIIS
Heteropogon contortus (L.) P.Beauv. ex Roem. & Schult.,Heteropogon contortus,Plantae,1865,Mexico,MEX,6,terrestrial,introduced,TRUE,SINAS; FirstRecords; GRIIS
"Heteropsylla cubana Crawford, 1914",Heteropsylla cubana,Animalia,1985,China,CHN,2,terrestrial,"introduced (alien, exotic, non-native, nonindigenous); introduced",TRUE,SINAS; USRIIS; GRIIS
Heterotheca grandiflora Nutt.,Heterotheca grandiflora,Plantae,1909,United States,USA,3,terrestrial,"introduced (alien, exotic, non-native, nonindigenous); introduced",TRUE,USRIIS; FirstRecords; GRIIS
Heterotheca subaxillaris (Lam.) Britton & Rusby,Heterotheca subaxillaris,Plantae,1975,Israel,ISR,4,terrestrial,introduced,TRUE,FirstRecords; GRIIS
"Heterotilapia buttikoferi (Hubrecht, 1881)",Heterotilapia buttikoferi,Animalia,1995,Singapore,SGP,2,brackish; freshwater,introduced,TRUE,FirstRecords; GRIIS
Heterotis buettneriana (Cogn. ex Büttner) Jacq.-Fél.,Heterotis buettneriana,Plantae,NA,NA,NA,1,terrestrial,introduced,TRUE,FirstRecords; GRIIS
"Heterotis niloticus (Cuvier, 1829)",Heterotis niloticus,Animalia,1950,Democratic Republic of the Congo,COD,9,freshwater,introduced,TRUE,FirstRecords; GRIIS
Heterotis rotundifolia (Sm.) Jacq.-Fel.; Heterotis rotundifolia (Sm.) Jacq.-Fél.,Heterotis rotundifolia,Plantae,1899,Indonesia,IDN,13,terrestrial,"introduced (alien, exotic, non-native, nonindigenous); introduced",TRUE,SINAS; USRIIS; FirstRecords; GRIIS
Hevea brasiliensis (Willd. ex A.Juss.) Müll.Arg.,Hevea brasiliensis,Plantae,1894,Indonesia,IDN,24,terrestrial,introduced,TRUE,SINAS; FirstRecords; GRIIS
Hexasepalum teres (Walter) J.H.Kirkbr.,Hexasepalum teres,Plantae,2004,Guyana,GUY,7,terrestrial,introduced,TRUE,FirstRecords; GRIIS
Hibiscus cannabinus L.,Hibiscus cannabinus,Plantae,1847,India,IND,13,terrestrial,"introduced (alien, exotic, non-native, nonindigenous); introduced",TRUE,SINAS; USRIIS; FirstRecords; GRIIS
Hibiscus diversifolius Jacq.,Hibiscus diversifolius,Plantae,NA,NA,NA,4,terrestrial,introduced,TRUE,FirstRecords; GRIIS
Hibiscus mutabilis L.,Hibiscus mutabilis,Plantae,1843,Australia,AUS,13,terrestrial,"introduced (alien, exotic, non-native, nonindigenous); introduced",TRUE,USRIIS; FirstRecords; GRIIS
Hibiscus panduriformis Burm.fil.,Hibiscus panduriformis,Plantae,NA,NA,NA,2,terrestrial,introduced,TRUE,FirstRecords; GRIIS
Hibiscus sabdariffa L.,Hibiscus sabdariffa,Plantae,1871,Egypt,EGY,22,terrestrial,"introduced (alien, exotic, non-native, nonindigenous); introduced",TRUE,SINAS; USRIIS; FirstRecords; GRIIS
Hibiscus syriacus L.,Hibiscus syriacus,Plantae,1500,Bulgaria,BGR,23,terrestrial,"introduced (alien, exotic, non-native, nonindigenous); introduced",TRUE,DAISIE; USRIIS; TrIAS; FirstRecords; GRIIS
Hibiscus trionum L.,Hibiscus trionum,Plantae,1300,China,CHN,39,freshwater; terrestrial,"introduced (alien, exotic, non-native, nonindigenous); introduced",TRUE,USRIIS; TrIAS; FirstRecords; GRIIS; Artsdatabanken
"Hieracium caespitosum Dumort.; Hieracium caespitosum Dahlst., 1894",Hieracium caespitosum,Plantae,1879,United States,USA,2,terrestrial,"introduced (alien, exotic, non-native, nonindigenous); introduced",TRUE,USRIIS; FirstRecords; GRIIS
Hieracium glomeratum Froel.; Hieracium glomeratum Fr.,Hieracium glomeratum,Plantae,2001,Canada,CAN,2,terrestrial,"introduced (alien, exotic, non-native, nonindigenous); introduced",TRUE,USRIIS; FirstRecords; GRIIS
Hieracium levicaule Jord.,Hieracium levicaule,Plantae,NA,NA,NA,1,terrestrial,introduced,TRUE,GRIIS
Hieracium murorum L.,Hieracium murorum,Plantae,1797,Estonia,EST,7,freshwater; terrestrial,"introduced (alien, exotic, non-native, nonindigenous); introduced",TRUE,USRIIS; FirstRecords; GRIIS
"Hieracium piloselloides Vill.; Hieracium piloselloides Wallr., 1822",Hieracium piloselloides,Plantae,1917,Canada,CAN,2,terrestrial,"introduced (alien, exotic, non-native, nonindigenous); introduced",TRUE,USRIIS; FirstRecords; GRIIS
Hieracium sabaudum L.,Hieracium sabaudum,Plantae,1848,Canada,CAN,2,terrestrial,"introduced (alien, exotic, non-native, nonindigenous); introduced",TRUE,USRIIS; FirstRecords; GRIIS
"Himantopus mexicanus (P.L.S.Müller, 1776)",Himantopus mexicanus,Animalia,2019,Belgium,BEL,2,brackish; freshwater; marine; terrestrial,introduced,TRUE,TrIAS; FirstRecords; GRIIS
Hippeastrum puniceum (Lam.) Kuntze; Hippeastrum puniceum (Lam.) Voss,Hippeastrum puniceum,Plantae,1905,Congo - Kinshasa,COD,12,brackish; freshwater,"introduced (alien, exotic, non-native, nonindigenous); introduced",TRUE,SINAS; USRIIS; FirstRecords; GRIIS
Hippeastrum striatum (Lam.) H.E. Moore; Hippeastrum striatum (Lam.) H.E.Moore,Hippeastrum striatum,Plantae,NA,NA,NA,3,terrestrial,"introduced (alien, exotic, non-native, nonindigenous); introduced",TRUE,USRIIS; FirstRecords; GRIIS
Hippobroma longiflora (L.) G. Don; Hippobroma longiflora (L.) G.Don,Hippobroma longiflora,Plantae,1865,United States,USA,23,terrestrial,"introduced (alien, exotic, non-native, nonindigenous); introduced",TRUE,USRIIS; FirstRecords; GRIIS
Hippophae rhamnoides L.,Hippophae rhamnoides,Plantae,1500,Slovakia,SVK,11,freshwater; terrestrial,introduced,TRUE,DAISIE; FirstRecords; GRIIS
Hiptage benghalensis (L.) Kurz,Hiptage benghalensis,Plantae,1919,United States,USA,7,terrestrial,"introduced (alien, exotic, non-native, nonindigenous); introduced",TRUE,USRIIS; FirstRecords; GRIIS
Hirschfeldia incana (L.) Lagr.-Foss.,Hirschfeldia incana,Plantae,1500,Austria,AUT,24,freshwater; terrestrial,"introduced (alien, exotic, non-native, nonindigenous); introduced",TRUE,DAISIE; USRIIS; TrIAS; FirstRecords; GRIIS; Artsdatabanken
"Hofmannophila pseudospretella (Stainton, 1849); Hofmannophila pseudospretella Stainton, 1849",Hofmannophila pseudospretella,Animalia,NA,NA,NA,6,terrestrial,"introduced (alien, exotic, non-native, nonindigenous); introduced",TRUE,USRIIS; FirstRecords; GRIIS
Holcus lanatus L.,Holcus lanatus,Plantae,1770,Australia,AUS,21,terrestrial,"introduced (alien, exotic, non-native, nonindigenous); introduced",TRUE,USRIIS; FirstRecords; GRIIS
Holcus mollis L.,Holcus mollis,Plantae,1864,New Zealand,NZL,5,terrestrial,"introduced (alien, exotic, non-native, nonindigenous); introduced",TRUE,SINAS; USRIIS; FirstRecords; GRIIS
Holmskioldia sanguinea Retz.,Holmskioldia sanguinea,Plantae,NA,NA,NA,4,terrestrial,"introduced (alien, exotic, non-native, nonindigenous); introduced",TRUE,USRIIS; FirstRecords; GRIIS
"Holopothrips inquilinus (Bournier, 1993)",Holopothrips inquilinus,Animalia,NA,NA,NA,1,terrestrial,introduced,TRUE,FirstRecords; GRIIS
Homalanthus populifolius Graham,Homalanthus populifolius,Plantae,1918,South Africa,ZAF,5,terrestrial,"introduced (alien, exotic, non-native, nonindigenous); introduced",TRUE,USRIIS; FirstRecords; GRIIS
"Homalodisca vitripennis (Germar, 1821)",Homalodisca vitripennis,Animalia,2004,United States,USA,2,terrestrial,"introduced (alien, exotic, non-native, nonindigenous); introduced",TRUE,USRIIS; GRIIS
"Hoplobatrachus rugulosus (Wiegmann, 1834)",Hoplobatrachus rugulosus,Animalia,NA,NA,NA,1,freshwater; terrestrial,introduced,TRUE,FirstRecords; GRIIS
"Hoplosternum littorale (Hancock, 1828)",Hoplosternum littorale,Animalia,1995,United States,USA,2,freshwater,"introduced (alien, exotic, non-native, nonindigenous); introduced",TRUE,USRIIS; FirstRecords; GRIIS
Hordeum jubatum L.,Hordeum jubatum,Plantae,1500,Austria,AUT,30,freshwater; terrestrial,"introduced (alien, exotic, non-native, nonindigenous); introduced",TRUE,DAISIE; USRIIS; TrIAS; FirstRecords; GRIIS; Artsdatabanken; InstytutOchronyPrzyrody
Hordeum marinum Huds.,Hordeum marinum,Plantae,1500,Slovakia,SVK,12,terrestrial,"introduced (alien, exotic, non-native, nonindigenous); introduced",TRUE,DAISIE; USRIIS; FirstRecords; GRIIS
Hordeum murinum L.,Hordeum murinum,Plantae,1500,Poland,POL,22,freshwater; terrestrial,"introduced (alien, exotic, non-native, nonindigenous); introduced",TRUE,USRIIS; FirstRecords; GRIIS; InstytutOchronyPrzyrody
Hordeum murinum subsp. glaucum (Steud.) Tzvelev,Hordeum murinum glaucum,Plantae,NA,NA,NA,2,terrestrial,introduced,TRUE,TrIAS; FirstRecords; GRIIS
Hordeum murinum subsp. leporinum (Link) Arcang.,Hordeum murinum leporinum,Plantae,NA,NA,NA,6,terrestrial,introduced,TRUE,TrIAS; FirstRecords; GRIIS
Hordeum vulgare L.,Hordeum vulgare,Plantae,1102,Nigeria,NGA,30,freshwater; terrestrial,"introduced (alien, exotic, non-native, nonindigenous); introduced",TRUE,SINAS; USRIIS; TrIAS; FirstRecords; GRIIS
Houttuynia cordata Thunb.,Houttuynia cordata,Plantae,1926,Indonesia,IDN,9,terrestrial,"introduced (alien, exotic, non-native, nonindigenous); introduced",TRUE,SINAS; USRIIS; TrIAS; FirstRecords; GRIIS
Hovenia dulcis Thunb.,Hovenia dulcis,Plantae,1843,Australia,AUS,8,terrestrial,"introduced (alien, exotic, non-native, nonindigenous); introduced",TRUE,USRIIS; FirstRecords; GRIIS
Hoya carnosa (L.fil.) R.Br.,Hoya carnosa,Plantae,1843,Australia,AUS,4,terrestrial,introduced,TRUE,SINAS; FirstRecords; GRIIS
Humulus lupulus L.,Humulus lupulus,Plantae,1500,Bulgaria,BGR,7,terrestrial,introduced,TRUE,DAISIE; FirstRecords; GRIIS
Humulus scandens (Lour.) Merr.,Humulus scandens,Plantae,1500,Czechia,CZE,14,terrestrial,introduced,TRUE,DAISIE; TrIAS; FirstRecords; GRIIS
Hunnemannia fumariifolia Sweet,Hunnemannia fumariifolia,Plantae,1927,United States,USA,2,terrestrial,"introduced (alien, exotic, non-native, nonindigenous); introduced",TRUE,USRIIS; FirstRecords; GRIIS
Hura crepitans L.,Hura crepitans,Plantae,1965,Australia,AUS,6,terrestrial,introduced,TRUE,FirstRecords; GRIIS; M.McGeoch_AUS_2025
Hyacinthoides hispanica (Mill.) Rothm.,Hyacinthoides hispanica,Plantae,1500,Germany,DEU,15,terrestrial,"introduced (alien, exotic, non-native, nonindigenous); introduced",TRUE,DAISIE; USRIIS; TrIAS; FirstRecords; GRIIS; Artsdatabanken
Hyacinthoides ×massartiana Geerinck; Hyacinthoides × massartiana Geerinck,Hyacinthoides massartiana,Plantae,1500,United Kingdom,GBR,7,terrestrial,introduced,TRUE,DAISIE; TrIAS; FirstRecords; GRIIS
"Hyblaea puera Cramer, 1777; Hyblaea puera (Cramer, 1777)",Hyblaea puera,Animalia,1925,United States,USA,3,terrestrial,"introduced (alien, exotic, non-native, nonindigenous); introduced",TRUE,USRIIS; FirstRecords; GRIIS
Hydrangea macrophylla (Thunb.) Ser.,Hydrangea macrophylla,Plantae,1500,United Kingdom,GBR,15,terrestrial,introduced,TRUE,DAISIE; TrIAS; FirstRecords; GRIIS
Hydrangea paniculata Siebold,Hydrangea paniculata,Plantae,1880,Australia,AUS,5,terrestrial,"introduced (alien, exotic, non-native, nonindigenous); introduced",TRUE,SINAS; USRIIS; TrIAS; FirstRecords; GRIIS
Hydrilla verticillata (L. f.) Royle; Hydrilla verticillata (L.f.) Royle,Hydrilla verticillata,Plantae,1500,Germany,DEU,33,freshwater,"introduced (alien, exotic, non-native, nonindigenous); introduced",TRUE,DAISIE; USRIIS; FirstRecords; GRIIS
Hydrocharis laevigata (Humb. & Bonpl. ex Willd.) Byng & Christenh.,Hydrocharis laevigata,Plantae,1980,Chile,CHL,7,freshwater; terrestrial,introduced,TRUE,TrIAS; FirstRecords; GRIIS
Hydrocharis morsus-ranae L.,Hydrocharis morsus-ranae,Plantae,1932,Canada,CAN,2,brackish; freshwater,"introduced (alien, exotic, non-native, nonindigenous); introduced",TRUE,USRIIS; FirstRecords; GRIIS
"Hydrochoerus hydrochaeris (Linnaeus, 1766)",Hydrochoerus hydrochaeris,Animalia,1990,United States,USA,4,brackish; freshwater,"introduced (alien, exotic, non-native, nonindigenous); introduced",TRUE,USRIIS; FirstRecords; GRIIS
Hydrocleys nymphoides (Willd.) Buchenau; Hydrocleys nymphoides (Humb. & Bonpl. ex Willd.) Buchenau,Hydrocleys nymphoides,Plantae,1875,United States,USA,4,freshwater,"introduced (alien, exotic, non-native, nonindigenous); introduced",TRUE,USRIIS; FirstRecords; GRIIS
Hydrocotyle bonariensis Comm. ex Lam.,Hydrocotyle bonariensis,Plantae,1500,Italy,ITA,9,freshwater; terrestrial,introduced,TRUE,DAISIE; FirstRecords; GRIIS
Hydrocotyle ranunculoides L.fil.,Hydrocotyle ranunculoides,Plantae,1500,United Kingdom,GBR,22,freshwater; terrestrial,introduced,TRUE,DAISIE; TrIAS; FirstRecords; GRIIS
Hydrocotyle verticillata Thunb.,Hydrocotyle verticillata,Plantae,1817,United States,USA,4,freshwater; terrestrial,"introduced (alien, exotic, non-native, nonindigenous); introduced",TRUE,USRIIS; TrIAS; FirstRecords; GRIIS
"Hydrocynus goliath (Boulenger, 1898)",Hydrocynus goliath,Animalia,NA,NA,NA,1,freshwater,introduced,TRUE,FirstRecords; GRIIS
"Hydrocynus vittatus Castelnau, 1861",Hydrocynus vittatus,Animalia,NA,NA,NA,1,freshwater,introduced,TRUE,FirstRecords; GRIIS
"Hydrolycus armatus (Jardine, 1841)",Hydrolycus armatus,Animalia,NA,NA,NA,1,freshwater,introduced,TRUE,FirstRecords; GRIIS
"Hydropotes inermis Swinhoe, 1870",Hydropotes inermis,Animalia,1850,United Kingdom,GBR,2,freshwater; terrestrial,introduced,TRUE,DAISIE; FirstRecords; GRIIS
"Hydrotaea aenescens (Wiedemann, 1830)",Hydrotaea aenescens,Animalia,1899,Ecuador,ECU,8,terrestrial,"introduced (alien, exotic, non-native, nonindigenous); introduced",TRUE,SINAS; USRIIS; FirstRecords; GRIIS; Artsdatabanken
"Hygromia cinctella (Draparnaud, 1801)",Hygromia cinctella,Animalia,1824,Switzerland,CHE,7,terrestrial,introduced,TRUE,TrIAS; FirstRecords; GRIIS
Hygrophila polysperma (Roxb.) T. Anderson; Hygrophila polysperma (Roxb.) T.Anderson,Hygrophila polysperma,Plantae,1950,Austria,AUT,6,freshwater; terrestrial,"introduced (alien, exotic, non-native, nonindigenous); introduced",TRUE,USRIIS; FirstRecords; GRIIS; InstytutOchronyPrzyrody
"Hyla meridionalis Boettger, 1874",Hyla meridionalis,Animalia,1804,Portugal,PRT,5,freshwater; terrestrial,introduced,TRUE,SINAS; TrIAS; FirstRecords; GRIIS
"Hylastes ater Erichson, 1836",Hylastes ater,Animalia,1929,New Zealand,NZL,4,terrestrial,introduced,TRUE,SINAS; FirstRecords; GRIIS
"Hylotrupes bajulus (Linnaeus, 1758)",Hylotrupes bajulus,Animalia,1801,United States,USA,3,terrestrial,"introduced (alien, exotic, non-native, nonindigenous); introduced",TRUE,USRIIS; FirstRecords; GRIIS
"Hylurgus ligniperda (Fabricius, 1787); Hylurgus ligniperda (J.C.Fabricius, 1787)",Hylurgus ligniperda,Animalia,1942,Australia,AUS,3,terrestrial,"introduced (alien, exotic, non-native, nonindigenous); introduced",TRUE,SINAS; USRIIS; FirstRecords; GRIIS
Hymenachne amplexicaulis (Rudge) Nees,Hymenachne amplexicaulis,Plantae,1890,Indonesia,IDN,6,freshwater; terrestrial,introduced,TRUE,SINAS; FirstRecords; GRIIS
Hyoscyamus niger L.,Hyoscyamus niger,Plantae,-5300,Czechia,CZE,18,terrestrial,"introduced (alien, exotic, non-native, nonindigenous); introduced",TRUE,DAISIE; USRIIS; FirstRecords; GRIIS; InstytutOchronyPrzyrody
"Hypania invalida (Grube, 1860)",Hypania invalida,Animalia,1950,Austria,AUT,11,brackish; freshwater,introduced,TRUE,DAISIE; TrIAS; FirstRecords; GRIIS; InstytutOchronyPrzyrody
"Hypanis Ménétries, 1832",Hypanis,Animalia,NA,NA,NA,1,brackish; freshwater,introduced,TRUE,GRIIS
Hyparrhenia bracteata (Humb. & Bonpl. ex Willd.) Stapf,Hyparrhenia bracteata,Plantae,1945,Mexico,MEX,1,terrestrial,introduced,TRUE,FirstRecords; GRIIS
Hyparrhenia hirta (L.) Stapf,Hyparrhenia hirta,Plantae,1888,Mexico,MEX,6,terrestrial,"introduced (alien, exotic, non-native, nonindigenous); introduced",TRUE,USRIIS; FirstRecords; GRIIS
Hyparrhenia rufa (Nees) Stapf,Hyparrhenia rufa,Plantae,1933,United States,USA,23,terrestrial,"introduced (alien, exotic, non-native, nonindigenous); introduced",TRUE,USRIIS; FirstRecords; GRIIS
"Hypera postica (Gyllenhal, 1813); Hypera postica (L.Gyllenhal, 1813)",Hypera postica,Animalia,1957,China,CHN,3,terrestrial,"introduced (alien, exotic, non-native, nonindigenous); introduced",TRUE,USRIIS; FirstRecords; GRIIS
Hypericum androsaemum L.,Hypericum androsaemum,Plantae,1803,United Kingdom,GBR,11,terrestrial,"introduced (alien, exotic, non-native, nonindigenous); introduced",TRUE,SINAS; USRIIS; FirstRecords; GRIIS
Hypericum calycinum L.,Hypericum calycinum,Plantae,1500,United Kingdom,GBR,12,terrestrial,"introduced (alien, exotic, non-native, nonindigenous); introduced",TRUE,DAISIE; USRIIS; TrIAS; FirstRecords; GRIIS
Hypericum canariense L.,Hypericum canariense,Plantae,1880,Australia,AUS,3,terrestrial,"introduced (alien, exotic, non-native, nonindigenous); introduced",TRUE,USRIIS; FirstRecords; GRIIS
Hypericum grandifolium Choisy,Hypericum grandifolium,Plantae,1977,Australia,AUS,1,terrestrial,introduced,TRUE,FirstRecords; GRIIS
Hypericum patulum Thunb.,Hypericum patulum,Plantae,1920,Australia,AUS,5,terrestrial,introduced,TRUE,FirstRecords; GRIIS
Hypericum perforatum L.,Hypericum perforatum,Plantae,1725,Canada,CAN,12,terrestrial,"introduced (alien, exotic, non-native, nonindigenous); introduced",TRUE,USRIIS; FirstRecords; GRIIS
Hypericum pseudohenryi N.Robson,Hypericum pseudohenryi,Plantae,1500,Ireland,IRL,3,terrestrial,introduced,TRUE,DAISIE; FirstRecords; GRIIS
Hyphaene thebaica (L.) Mart.,Hyphaene thebaica,Plantae,2005,Yemen,YEM,2,terrestrial,introduced,TRUE,FirstRecords; GRIIS
"Hyphantria cunea (Drury, 1773)",Hyphantria cunea,Animalia,1940,Germany,DEU,24,terrestrial,introduced,TRUE,FirstRecords; GRIIS; InstytutOchronyPrzyrody
"Hyphessobrycon megalopterus (Eigenmann, 1915)",Hyphessobrycon megalopterus,Animalia,NA,NA,NA,2,freshwater,introduced,TRUE,FirstRecords; GRIIS
Hypochaeris glabra L.,Hypochaeris glabra,Plantae,1770,Australia,AUS,13,terrestrial,"introduced (alien, exotic, non-native, nonindigenous); introduced",TRUE,USRIIS; FirstRecords; GRIIS
Hypochaeris radicata L.,Hypochaeris radicata,Plantae,1770,Australia,AUS,17,terrestrial,"introduced (alien, exotic, non-native, nonindigenous); introduced",TRUE,USRIIS; FirstRecords; GRIIS
Hypochoeris radicata L.,Hypochoeris radicata,Plantae,NA,NA,NA,1,terrestrial,introduced,TRUE,FirstRecords; GRIIS
Hypoestes phyllostachya Baker,Hypoestes phyllostachya,Plantae,1966,Mexico,MEX,12,terrestrial,"introduced (alien, exotic, non-native, nonindigenous); introduced",TRUE,USRIIS; FirstRecords; GRIIS; B.Shrestha_NPL_2026
"Hypomesus nipponensis McAllister, 1963",Hypomesus nipponensis,Animalia,1949,China,CHN,3,brackish; freshwater; marine,"introduced (alien, exotic, non-native, nonindigenous); introduced",TRUE,SINAS; USRIIS; FirstRecords; GRIIS
"Hypophthalmichthys molitrix (Valenciennes in Cuvier and Valenciennes, 1844); Hypophthalmichthys molitrix (Valenciennes, 1844)",Hypophthalmichthys molitrix,Animalia,1878,Japan,JPN,85,brackish; freshwater,"introduced (alien, exotic, non-native, nonindigenous); introduced",TRUE,USRIIS; TrIAS; FirstRecords; GRIIS
"Hypophthalmichthys nobilis (Richardson, 1845)",Hypophthalmichthys nobilis,Animalia,1878,Japan,JPN,66,brackish; freshwater,"introduced (alien, exotic, non-native, nonindigenous); introduced",TRUE,USRIIS; TrIAS; FirstRecords; GRIIS
"Hypostomus plecostomus (Linnaeus, 1758)",Hypostomus plecostomus,Animalia,1974,Philippines,PHL,8,brackish; freshwater,"introduced (alien, exotic, non-native, nonindigenous); introduced",TRUE,USRIIS; FirstRecords; GRIIS
"Hypostomus punctatus Valenciennes, 1840",Hypostomus punctatus,Animalia,NA,NA,NA,1,freshwater,introduced,TRUE,FirstRecords; GRIIS
"Hypothenemus hampei (Ferrari, 1867)",Hypothenemus hampei,Animalia,1955,Czechia,CZE,10,terrestrial,"introduced (alien, exotic, non-native, nonindigenous); introduced",TRUE,"SINAS, DAISIE; USRIIS; FirstRecords; GRIIS"
Hyptis brevipes Poit.,Hyptis brevipes,Plantae,1838,Philippines,PHL,12,terrestrial,introduced,TRUE,FirstRecords; GRIIS
Hyptis capitata Jacq.,Hyptis capitata,Plantae,1838,Philippines,PHL,20,terrestrial,"introduced (alien, exotic, non-native, nonindigenous); introduced",TRUE,USRIIS; FirstRecords; GRIIS
Hyssopus officinalis L.,Hyssopus officinalis,Plantae,1500,United Kingdom,GBR,15,freshwater; terrestrial,"introduced (alien, exotic, non-native, nonindigenous); introduced",TRUE,DAISIE; USRIIS; TrIAS; FirstRecords; GRIIS; InstytutOchronyPrzyrody
"Hystrix cristata Linnaeus, 1758",Hystrix cristata,Animalia,-1000,Italy,ITA,1,terrestrial,introduced,TRUE,DAISIE; FirstRecords; GRIIS
Iberis amara L.,Iberis amara,Plantae,1500,Austria,AUT,17,freshwater; terrestrial,"introduced (alien, exotic, non-native, nonindigenous); introduced",TRUE,DAISIE; USRIIS; TrIAS; FirstRecords; GRIIS; Artsdatabanken
Iberis umbellata L.,Iberis umbellata,Plantae,1500,Germany,DEU,18,freshwater; terrestrial,"introduced (alien, exotic, non-native, nonindigenous); introduced",TRUE,DAISIE; USRIIS; TrIAS; FirstRecords; GRIIS; Artsdatabanken
"Icerya purchasi Maskell, 1878; Icerya purchasi Maskell, 1879",Icerya purchasi,Animalia,1868,United States,USA,6,terrestrial,"introduced (alien, exotic, non-native, nonindigenous); introduced",TRUE,USRIIS; GRIIS
"Ichthyosaura alpestris (Laurenti, 1768)",Ichthyosaura alpestris,Animalia,2012,Poland,POL,5,freshwater; terrestrial,introduced,TRUE,FirstRecords; GRIIS; InstytutOchronyPrzyrody
"Icosium tomentosum Lucas, 1854",Icosium tomentosum,Animalia,1990,France,FRA,2,terrestrial,"introduced (alien, exotic, non-native, nonindigenous)",TRUE,"GBIF, DAISIE; USRIIS"
"Ictalurus furcatus (Valenciennes, 1840)",Ictalurus furcatus,Animalia,1700,Mexico,MEX,3,brackish; freshwater,introduced,TRUE,SINAS; FirstRecords; GRIIS
"Ictalurus punctatus (Rafinesque, 1818)",Ictalurus punctatus,Animalia,1884,Belgium,BEL,34,freshwater,"introduced (alien, exotic, non-native, nonindigenous); introduced",TRUE,USRIIS; TrIAS; FirstRecords; GRIIS
"Idiopterus nephrelepidis Davis, 1909",Idiopterus nephrelepidis,Animalia,1904,United States,USA,2,terrestrial,"introduced (alien, exotic, non-native, nonindigenous); introduced",TRUE,USRIIS; GRIIS
Ifloga spicata (Forssk.) Sch.Bip.,Ifloga spicata,Plantae,1972,Japan,JPN,2,terrestrial,introduced,TRUE,FirstRecords; GRIIS
"Iguana iguana (Linnaeus, 1758)",Iguana iguana,Animalia,1955,United States,USA,18,terrestrial,"introduced (alien, exotic, non-native, nonindigenous); introduced",TRUE,USRIIS; TrIAS; FirstRecords; GRIIS
Ilex aquifolium L.,Ilex aquifolium,Plantae,1500,Slovakia,SVK,6,terrestrial,"introduced (alien, exotic, non-native, nonindigenous); introduced",TRUE,DAISIE; USRIIS; FirstRecords; GRIIS
Ilex cornuta Lindl. and Paxton; Ilex cornuta Lindl. & Paxton,Ilex cornuta,Plantae,NA,NA,NA,2,terrestrial,"introduced (alien, exotic, non-native, nonindigenous); introduced",TRUE,USRIIS; FirstRecords; GRIIS
"Illinoia azaleae (Mason, 1925)",Illinoia azaleae,Animalia,1946,United States,USA,2,terrestrial,"introduced (alien, exotic, non-native, nonindigenous); introduced",TRUE,USRIIS; GRIIS
Impatiens balfourii Hook. f.; Impatiens balfourii Hook.fil.,Impatiens balfourii,Plantae,1500,Switzerland,CHE,21,terrestrial,"introduced (alien, exotic, non-native, nonindigenous); introduced",TRUE,DAISIE; USRIIS; TrIAS; FirstRecords; GRIIS
Impatiens balsamina L.,Impatiens balsamina,Plantae,618,China,CHN,38,freshwater; terrestrial,"introduced (alien, exotic, non-native, nonindigenous); introduced",TRUE,SINAS; USRIIS; FirstRecords; GRIIS
Impatiens capensis Meerb.,Impatiens capensis,Plantae,1500,Germany,DEU,10,terrestrial,introduced,TRUE,DAISIE; TrIAS; FirstRecords; GRIIS; InstytutOchronyPrzyrody
Impatiens glandulifera Royle,Impatiens glandulifera,Plantae,1500,Bulgaria,BGR,36,freshwater; brackish; terrestrial,"introduced (alien, exotic, non-native, nonindigenous); introduced",TRUE,DAISIE; USRIIS; TrIAS; FirstRecords; GRIIS; Artsdatabanken; InstytutOchronyPrzyrody
Impatiens parviflora DC.,Impatiens parviflora,Plantae,1500,Bulgaria,BGR,35,brackish; freshwater,"introduced (alien, exotic, non-native, nonindigenous); introduced",TRUE,DAISIE; USRIIS; TrIAS; FirstRecords; GRIIS; Artsdatabanken; InstytutOchronyPrzyrody
Impatiens sodenii Engl. and Warb. ex Engl.; Impatiens sodenii Engl. & Warb. ex Engl.,Impatiens sodenii,Plantae,1900,Portugal,PRT,6,terrestrial,"introduced (alien, exotic, non-native, nonindigenous); introduced",TRUE,DAISIE; USRIIS; FirstRecords; GRIIS
Impatiens walleriana Hook. f.; Impatiens walleriana Hook.fil.,Impatiens walleriana,Plantae,1922,Indonesia,IDN,26,terrestrial,"introduced (alien, exotic, non-native, nonindigenous); introduced",TRUE,SINAS; USRIIS; FirstRecords; GRIIS
"Impatientinum asiaticum Nevsky, 1929",Impatientinum asiaticum,Animalia,NA,NA,NA,2,terrestrial,introduced,TRUE,GRIIS
Imperata brasiliensis Trin.,Imperata brasiliensis,Plantae,NA,NA,NA,2,terrestrial,"introduced (alien, exotic, non-native, nonindigenous); introduced",TRUE,USRIIS; FirstRecords; GRIIS
Imperata conferta (J.Presl) Ohwi,Imperata conferta,Plantae,NA,NA,NA,8,terrestrial,introduced,TRUE,FirstRecords; GRIIS
Imperata cylindrica (L.) Raeusch.,Imperata cylindrica,Plantae,1898,New Zealand,NZL,57,terrestrial,"introduced (alien, exotic, non-native, nonindigenous); introduced: assisted colonization; introduced",TRUE,USRIIS; FirstRecords; GRIIS
Imperatoria ostruthium L.,Imperatoria ostruthium,Plantae,1500,United Kingdom,GBR,8,terrestrial,introduced,TRUE,DAISIE; TrIAS; FirstRecords; GRIIS
"Incisitermes minor (Hagen, 1858)",Incisitermes minor,Animalia,1937,China,CHN,3,terrestrial,"introduced (alien, exotic, non-native, nonindigenous); introduced",TRUE,USRIIS; FirstRecords; GRIIS
Indigofera hendecaphylla Jacq.,Indigofera hendecaphylla,Plantae,NA,NA,NA,3,terrestrial,"introduced (alien, exotic, non-native, nonindigenous); introduced",TRUE,USRIIS; FirstRecords; GRIIS
Indigofera hirsuta L.,Indigofera hirsuta,Plantae,1908,United States,USA,15,terrestrial,"introduced (alien, exotic, non-native, nonindigenous); introduced",TRUE,USRIIS; FirstRecords; GRIIS
Indigofera linnaei Ali,Indigofera linnaei,Plantae,NA,NA,NA,1,terrestrial,introduced,TRUE,FirstRecords; GRIIS
Indigofera spicata Forssk.,Indigofera spicata,Plantae,1923,Indonesia,IDN,17,terrestrial,"introduced (alien, exotic, non-native, nonindigenous); introduced",TRUE,SINAS; USRIIS; FirstRecords; GRIIS
Indigofera suffruticosa Mill.,Indigofera suffruticosa,Plantae,1808,Nigeria,NGA,44,terrestrial,"introduced (alien, exotic, non-native, nonindigenous); introduced",TRUE,USRIIS; FirstRecords; GRIIS
Indigofera tinctoria L.,Indigofera tinctoria,Plantae,1849,Madagascar,MDG,22,terrestrial,"introduced (alien, exotic, non-native, nonindigenous); introduced",TRUE,USRIIS; FirstRecords; GRIIS
"Indotyphlops braminus (Daudin, 1803)",Indotyphlops braminus,Animalia,1925,United States,USA,36,terrestrial,"introduced (alien, exotic, non-native, nonindigenous); introduced",TRUE,USRIIS; FirstRecords; GRIIS; M.McGeoch_AUS_2025
Inga punctata Willd.,Inga punctata,Plantae,NA,NA,NA,1,terrestrial,introduced,TRUE,FirstRecords; GRIIS
Inga vera Willd.,Inga vera,Plantae,NA,NA,NA,2,terrestrial,introduced,TRUE,FirstRecords; GRIIS
"Insignorthezia insignis (Browne, 1887)",Insignorthezia insignis,Animalia,1904,United States,USA,1,terrestrial,"introduced (alien, exotic, non-native, nonindigenous)",TRUE,USRIIS
Inula helenium L.,Inula helenium,Plantae,1500,Austria,AUT,23,freshwater; terrestrial,"introduced (alien, exotic, non-native, nonindigenous); introduced",TRUE,DAISIE; USRIIS; TrIAS; FirstRecords; GRIIS; Artsdatabanken; InstytutOchronyPrzyrody
Ipheion uniflorum (Graham) Raf.,Ipheion uniflorum,Plantae,1891,Australia,AUS,8,terrestrial,introduced,TRUE,SINAS; TrIAS; FirstRecords; GRIIS
Ipomoea alba L.,Ipomoea alba,Plantae,1406,China,CHN,26,terrestrial,"introduced (alien, exotic, non-native, nonindigenous); introduced",TRUE,USRIIS; FirstRecords; GRIIS
Ipomoea aquatica Forssk.,Ipomoea aquatica,Plantae,1928,United States,USA,47,freshwater; terrestrial,"introduced (alien, exotic, non-native, nonindigenous); introduced",TRUE,USRIIS; FirstRecords; GRIIS
Ipomoea batatas (L.) Lam.,Ipomoea batatas,Plantae,1505,Nigeria,NGA,37,terrestrial,"introduced (alien, exotic, non-native, nonindigenous); introduced",TRUE,SINAS; USRIIS; FirstRecords; GRIIS
Ipomoea cairica (L.) Sweet,Ipomoea cairica,Plantae,1802,Australia,AUS,33,terrestrial,"introduced (alien, exotic, non-native, nonindigenous); introduced",TRUE,USRIIS; FirstRecords; GRIIS
Ipomoea carnea Jacq.,Ipomoea carnea,Plantae,1802,India,IND,27,brackish; freshwater; terrestrial,"introduced (alien, exotic, non-native, nonindigenous); introduced",TRUE,USRIIS; FirstRecords; GRIIS
Ipomoea carnea subsp. fistulosa (Mart. ex Choisy) D.F.Austin,Ipomoea carnea fistulosa,Plantae,NA,NA,NA,14,freshwater; terrestrial,introduced,TRUE,FirstRecords; GRIIS
Ipomoea coccinea L.,Ipomoea coccinea,Plantae,1848,Japan,JPN,10,terrestrial,"introduced (alien, exotic, non-native, nonindigenous); introduced",TRUE,USRIIS; TrIAS; FirstRecords; GRIIS; B.Shrestha_NPL_2026
Ipomoea corymbosa (L.) Roth,Ipomoea corymbosa,Plantae,NA,NA,NA,7,terrestrial,introduced,TRUE,FirstRecords; GRIIS
Ipomoea eriocarpa R.Br.,Ipomoea eriocarpa,Plantae,NA,NA,NA,6,terrestrial,introduced,TRUE,FirstRecords; GRIIS
Ipomoea hederacea Jacq.,Ipomoea hederacea,Plantae,1900,Austria,AUT,22,terrestrial,"introduced (alien, exotic, non-native, nonindigenous); introduced",TRUE,DAISIE; USRIIS; TrIAS; FirstRecords; GRIIS
Ipomoea hederifolia L.,Ipomoea hederifolia,Plantae,1839,India,IND,26,terrestrial,"introduced (alien, exotic, non-native, nonindigenous); introduced",TRUE,USRIIS; TrIAS; FirstRecords; GRIIS; B.Shrestha_NPL_2026
Ipomoea hildebrandtii Vatke,Ipomoea hildebrandtii,Plantae,NA,NA,NA,1,terrestrial,introduced,TRUE,FirstRecords; GRIIS
Ipomoea indica (Burm.) Merr.,Ipomoea indica,Plantae,1500,Italy,ITA,35,terrestrial,"introduced (alien, exotic, non-native, nonindigenous); introduced",TRUE,DAISIE; USRIIS; FirstRecords; GRIIS; B.Shrestha_NPL_2026
Ipomoea lacunosa L.,Ipomoea lacunosa,Plantae,1896,Russia,RUS,10,terrestrial,introduced,TRUE,FirstRecords; GRIIS
Ipomoea mauritiana Jacq.,Ipomoea mauritiana,Plantae,1808,India,IND,3,terrestrial,introduced,TRUE,SINAS; FirstRecords; GRIIS; B.Shrestha_NPL_2026
Ipomoea nil (L.) Roth,Ipomoea nil,Plantae,1591,China,CHN,27,terrestrial,introduced,TRUE,TrIAS; FirstRecords; GRIIS
Ipomoea obscura (L.) Ker Gawl.,Ipomoea obscura,Plantae,1841,Madagascar,MDG,10,terrestrial,"introduced (alien, exotic, non-native, nonindigenous); introduced",TRUE,USRIIS; FirstRecords; GRIIS
Ipomoea purpurea (L.) Roth,Ipomoea purpurea,Plantae,1500,Italy,ITA,57,freshwater; terrestrial,"introduced (alien, exotic, non-native, nonindigenous); introduced",TRUE,DAISIE; USRIIS; TrIAS; FirstRecords; GRIIS; B.Shrestha_NPL_2026
Ipomoea quamoclit L.,Ipomoea quamoclit,Plantae,1711,China,CHN,36,terrestrial,"introduced (alien, exotic, non-native, nonindigenous); introduced",TRUE,SINAS; USRIIS; FirstRecords; GRIIS; B.Shrestha_NPL_2026
Ipomoea tricolor Cav.,Ipomoea tricolor,Plantae,1500,Italy,ITA,20,terrestrial,"introduced (alien, exotic, non-native, nonindigenous); introduced",TRUE,DAISIE; USRIIS; TrIAS; FirstRecords; GRIIS
Ipomoea triloba L.,Ipomoea triloba,Plantae,1889,India,IND,36,terrestrial,"introduced (alien, exotic, non-native, nonindigenous); introduced",TRUE,USRIIS; FirstRecords; GRIIS; B.Shrestha_NPL_2026
"Ips amitinus Wood & Bright, 1992",Ips amitinus,Animalia,NA,NA,NA,4,terrestrial,introduced,TRUE,GRIIS
"Iridomyrmex anceps (Roger, 1863)",Iridomyrmex anceps,Animalia,1997,United Arab Emirates,ARE,2,terrestrial,introduced,TRUE,FirstRecords; GRIIS
Iris domestica (L.) Goldblatt and Mabb.; Iris domestica (L.) Goldblatt & Mabb.,Iris domestica,Plantae,1832,India,IND,8,terrestrial,"introduced (alien, exotic, non-native, nonindigenous); introduced",TRUE,USRIIS; FirstRecords; GRIIS
Iris florentina L.,Iris florentina,Plantae,NA,NA,NA,12,freshwater; terrestrial,introduced,TRUE,FirstRecords; GRIIS
Iris foetidissima L.,Iris foetidissima,Plantae,1500,Switzerland,CHE,9,terrestrial,"introduced (alien, exotic, non-native, nonindigenous); introduced",TRUE,DAISIE; USRIIS; TrIAS; FirstRecords; GRIIS
Iris pseudacorus L.,Iris pseudacorus,Plantae,1878,New Zealand,NZL,11,brackish; freshwater; terrestrial,"introduced (alien, exotic, non-native, nonindigenous); introduced: assisted colonization; introduced",TRUE,USRIIS; FirstRecords; GRIIS
Isachne globosa (Thunb.) Kuntze,Isachne globosa,Plantae,NA,NA,NA,3,freshwater; terrestrial,introduced,TRUE,FirstRecords; GRIIS
Isatis tinctoria L.,Isatis tinctoria,Plantae,1100,France,FRA,20,terrestrial,"introduced (alien, exotic, non-native, nonindigenous); introduced",TRUE,DAISIE; USRIIS; TrIAS; FirstRecords; GRIIS
Ischaemum aristatum L.,Ischaemum aristatum,Plantae,1994,United States,USA,4,brackish; freshwater; terrestrial,"introduced (alien, exotic, non-native, nonindigenous); introduced",TRUE,USRIIS; FirstRecords; GRIIS
Ischaemum polystachyum J.Presl,Ischaemum polystachyum,Plantae,1955,United States,USA,3,brackish; freshwater; terrestrial,"introduced (alien, exotic, non-native, nonindigenous); introduced",TRUE,USRIIS; FirstRecords; GRIIS
Ischaemum rugosum Salisb.,Ischaemum rugosum,Plantae,1957,Mexico,MEX,23,freshwater; terrestrial,introduced,TRUE,FirstRecords; GRIIS
Ischaemum timorense Kunth,Ischaemum timorense,Plantae,1941,Australia,AUS,14,terrestrial,"introduced (alien, exotic, non-native, nonindigenous); introduced",TRUE,USRIIS; FirstRecords; GRIIS; M.McGeoch_AUS_2025
"Isodontia mexicana (de Saussure, 1867)",Isodontia mexicana,Animalia,1960,France,FRA,7,terrestrial,"introduced (alien, exotic, non-native, nonindigenous); introduced",TRUE,USRIIS; FirstRecords; GRIIS; InstytutOchronyPrzyrody
Ixora finlaysoniana Wall. ex G.Don,Ixora finlaysoniana,Plantae,NA,NA,NA,6,terrestrial,introduced,TRUE,FirstRecords; GRIIS
Ixora thwaitesii Hook.f.,Ixora thwaitesii,Plantae,NA,NA,NA,1,terrestrial,introduced,TRUE,FirstRecords; GRIIS
Jacaranda mimosifolia D. Don; Jacaranda mimosifolia D.Don,Jacaranda mimosifolia,Plantae,1500,Italy,ITA,30,terrestrial,"introduced (alien, exotic, non-native, nonindigenous); introduced",TRUE,DAISIE; USRIIS; FirstRecords; GRIIS
Jacaranda obtusifolia Humb. & Bonpl.,Jacaranda obtusifolia,Plantae,NA,NA,NA,2,terrestrial,introduced,TRUE,FirstRecords; GRIIS
Jacobaea alpina (L.) Moench,Jacobaea alpina,Plantae,1882,Norway,NOR,1,terrestrial,introduced,TRUE,SINAS; FirstRecords; GRIIS; Artsdatabanken
Jacobaea maritima (L.) Pelser and Meijden; Jacobaea maritima (L.) Pelser & Meijden,Jacobaea maritima,Plantae,2003,Norway,NOR,13,terrestrial,"introduced (alien, exotic, non-native, nonindigenous); introduced",TRUE,"GBIF, SINAS; USRIIS; TrIAS; FirstRecords; GRIIS"
Jacobaea pseudoarnica (Less.) Zuev,Jacobaea pseudoarnica,Plantae,2000,Norway,NOR,2,terrestrial,introduced,TRUE,FirstRecords; GRIIS; Artsdatabanken
Jacobaea subalpina (W.D.J.Koch) Pelser & Veldkamp,Jacobaea subalpina,Plantae,1992,Norway,NOR,1,terrestrial,introduced,TRUE,"GBIF, SINAS; GRIIS; Artsdatabanken"
Jacobaea vulgaris Gaertn.,Jacobaea vulgaris,Plantae,1903,Canada,CAN,4,terrestrial,"introduced (alien, exotic, non-native, nonindigenous); introduced",TRUE,SINAS; USRIIS; FirstRecords; GRIIS
Jacquemontia tamnifolia (L.) Griseb.,Jacquemontia tamnifolia,Plantae,20,China,CHN,5,terrestrial,introduced,TRUE,FirstRecords; GRIIS
Japalura polygonata polygonata,Japalura polygonata polygonata,Animalia,NA,NA,NA,1,terrestrial,introduced,TRUE,GRIIS
Jasminum fluminense Vell.,Jasminum fluminense,Plantae,1932,United States,USA,18,terrestrial,"introduced (alien, exotic, non-native, nonindigenous); introduced",TRUE,USRIIS; FirstRecords; GRIIS
Jasminum multiflorum (Burm. f.) Andrews; Jasminum multiflorum (Burm.f.) Andrews,Jasminum multiflorum,Plantae,1843,Australia,AUS,10,terrestrial,"introduced (alien, exotic, non-native, nonindigenous); introduced",TRUE,USRIIS; FirstRecords; GRIIS
Jasminum polyanthum Franch.,Jasminum polyanthum,Plantae,1960,Australia,AUS,5,terrestrial,"introduced (alien, exotic, non-native, nonindigenous); introduced",TRUE,USRIIS; FirstRecords; GRIIS
Jasminum sambac (L.) Aiton,Jasminum sambac,Plantae,NA,NA,NA,17,terrestrial,"introduced (alien, exotic, non-native, nonindigenous); introduced",TRUE,USRIIS; FirstRecords; GRIIS
Jatropha curcas L.,Jatropha curcas,Plantae,1792,Nigeria,NGA,91,terrestrial,"introduced (alien, exotic, non-native, nonindigenous); introduced",TRUE,USRIIS; FirstRecords; GRIIS; GRIIS ; J.Ganglo_BEN_2026; B.Shrestha_NPL_2026
Jatropha gossypiifolia L.,Jatropha gossypiifolia,Plantae,1774,India,IND,41,terrestrial,"introduced (alien, exotic, non-native, nonindigenous); introduced",TRUE,USRIIS; FirstRecords; GRIIS
Jatropha multifida L.,Jatropha multifida,Plantae,1841,Nigeria,NGA,16,terrestrial,"introduced (alien, exotic, non-native, nonindigenous); introduced",TRUE,SINAS; USRIIS; FirstRecords; GRIIS
Juglans ailantifolia Carriere; Juglans ailantifolia Carrière,Juglans ailantifolia,Plantae,1906,Australia,AUS,7,freshwater; terrestrial,"introduced (alien, exotic, non-native, nonindigenous); introduced",TRUE,SINAS; USRIIS; FirstRecords; GRIIS
Juncus acutus L.,Juncus acutus,Plantae,1770,Australia,AUS,2,freshwater; terrestrial,introduced,TRUE,FirstRecords; GRIIS
Juncus articulatus L.,Juncus articulatus,Plantae,1864,New Zealand,NZL,3,freshwater; terrestrial,introduced,TRUE,FirstRecords; GRIIS
Juncus bufonius L.,Juncus bufonius,Plantae,1770,Australia,AUS,10,freshwater; terrestrial,"introduced (alien, exotic, non-native, nonindigenous); introduced",TRUE,USRIIS; FirstRecords; GRIIS
Juncus bulbosus L.,Juncus bulbosus,Plantae,1896,New Zealand,NZL,5,freshwater; terrestrial,"introduced (alien, exotic, non-native, nonindigenous); introduced",TRUE,USRIIS; FirstRecords; GRIIS
Juncus capillaceus Lam.,Juncus capillaceus,Plantae,1927,South Africa,ZAF,2,freshwater; terrestrial,introduced,TRUE,FirstRecords; GRIIS
Juncus compressus Jacq.,Juncus compressus,Plantae,1890,United States,USA,3,brackish; freshwater; marine; terrestrial,"introduced (alien, exotic, non-native, nonindigenous); introduced",TRUE,USRIIS; FirstRecords; GRIIS
Juncus effusus L.,Juncus effusus,Plantae,1840,Australia,AUS,7,freshwater; terrestrial,"introduced (alien, exotic, non-native, nonindigenous); introduced",TRUE,USRIIS; FirstRecords; GRIIS
Juncus planifolius R. Br.; Juncus planifolius R.Br.,Juncus planifolius,Plantae,1930,United States,USA,2,freshwater; terrestrial,"introduced (alien, exotic, non-native, nonindigenous); introduced",TRUE,USRIIS; FirstRecords; GRIIS
Juncus squarrosus L.,Juncus squarrosus,Plantae,1910,New Zealand,NZL,3,freshwater; terrestrial,introduced,TRUE,FirstRecords; GRIIS
Juncus tenuis Willd.,Juncus tenuis,Plantae,1500,Bulgaria,BGR,43,freshwater; terrestrial,"introduced (alien, exotic, non-native, nonindigenous); introduced",TRUE,DAISIE; USRIIS; TrIAS; FirstRecords; GRIIS; Artsdatabanken; InstytutOchronyPrzyrody
Juniperus bermudiana L.,Juniperus bermudiana,Plantae,1843,Australia,AUS,3,terrestrial,"introduced (alien, exotic, non-native, nonindigenous); introduced",TRUE,SINAS; USRIIS; FirstRecords; GRIIS
Juniperus virginiana L.,Juniperus virginiana,Plantae,1500,Italy,ITA,9,freshwater; terrestrial,introduced,TRUE,DAISIE; FirstRecords; GRIIS
Justicia aurea Schltdl.,Justicia aurea,Plantae,NA,NA,NA,4,terrestrial,introduced,TRUE,FirstRecords; GRIIS
"Justicia betonica L.; Justicia betonica T.Anderson, 1867",Justicia betonica,Plantae,1941,United States,USA,8,terrestrial,"introduced (alien, exotic, non-native, nonindigenous); introduced",TRUE,USRIIS; FirstRecords; GRIIS
Justicia carnea Lindl.,Justicia carnea,Plantae,NA,NA,NA,4,terrestrial,"introduced (alien, exotic, non-native, nonindigenous); introduced",TRUE,USRIIS; FirstRecords; GRIIS
Justicia gendarussa Burm.fil.,Justicia gendarussa,Plantae,1875,Indonesia,IDN,7,brackish; freshwater; terrestrial,introduced: assisted colonization; introduced,TRUE,SINAS; USRIIS; FirstRecords; GRIIS; B.Shrestha_NPL_2026
Justicia spicigera Schltdl.,Justicia spicigera,Plantae,1843,Australia,AUS,7,terrestrial,"introduced (alien, exotic, non-native, nonindigenous); introduced",TRUE,SINAS; USRIIS; FirstRecords; GRIIS
Kalanchoe crenata (Andrews) Haw.,Kalanchoe crenata,Plantae,1913,Indonesia,IDN,3,terrestrial,"introduced (alien, exotic, non-native, nonindigenous); introduced",TRUE,SINAS; USRIIS; FirstRecords; GRIIS
Kalanchoe daigremontiana Raym.-Hamet and H. Perrier; Kalanchoe daigremontiana Raym.-Hamet & H.Perrier,Kalanchoe daigremontiana,Plantae,1500,Italy,ITA,20,terrestrial,"introduced (alien, exotic, non-native, nonindigenous); introduced",TRUE,DAISIE; USRIIS; FirstRecords; GRIIS
Kalanchoe delagoensis Eckl. and Zeyh.; Kalanchoe delagoensis Eckl. & Zeyh.,Kalanchoe delagoensis,Plantae,1500,Italy,ITA,35,terrestrial,"introduced (alien, exotic, non-native, nonindigenous); introduced",TRUE,DAISIE; USRIIS; FirstRecords; GRIIS
Kalanchoe fedtschenkoi Raym.-Hamet and H. Perrier; Kalanchoe fedtschenkoi Raym.-Hamet & H.Perrier,Kalanchoe fedtschenkoi,Plantae,NA,NA,NA,12,terrestrial,"introduced (alien, exotic, non-native, nonindigenous); introduced",TRUE,USRIIS; FirstRecords; GRIIS
Kalanchoe integra (Medikus) Kuntze; Kalanchoe integra (Medik.) Kuntze,Kalanchoe integra,Plantae,NA,NA,NA,5,terrestrial,"introduced (alien, exotic, non-native, nonindigenous); introduced",TRUE,USRIIS; FirstRecords; GRIIS
Kalanchoe laxiflora Baker,Kalanchoe laxiflora,Plantae,NA,NA,NA,2,terrestrial,"introduced (alien, exotic, non-native, nonindigenous); introduced",TRUE,USRIIS; FirstRecords; GRIIS
Kalanchoe pinnata (Lam.) Pers.,Kalanchoe pinnata,Plantae,1838,Philippines,PHL,65,terrestrial,"introduced (alien, exotic, non-native, nonindigenous); introduced",TRUE,USRIIS; FirstRecords; GRIIS
Kalanchoe prolifera (Bowie ex Hook.) Raym.-Hamet,Kalanchoe prolifera,Plantae,1931,Zimbabwe,ZWE,12,terrestrial,introduced,TRUE,FirstRecords; GRIIS
Kalopanax septemlobus (Thunb.) Koidz; Kalopanax septemlobus (Thunb.) Koidz.,Kalopanax septemlobus,Plantae,NA,NA,NA,2,terrestrial,"introduced (alien, exotic, non-native, nonindigenous); introduced",TRUE,USRIIS; FirstRecords; GRIIS
Kappaphycus alvarezii (Doty) Doty ex P.C.Silva,Kappaphycus alvarezii,Plantae,1974,United States,USA,2,terrestrial,"introduced (alien, exotic, non-native, nonindigenous); introduced",TRUE,USRIIS; GRIIS
Kennedia rubicunda (Schneev.) Vent.,Kennedia rubicunda,Plantae,1862,Australia,AUS,2,terrestrial,introduced,TRUE,SINAS; FirstRecords; GRIIS
Kerria japonica (L.) DC.,Kerria japonica,Plantae,1500,Germany,DEU,17,terrestrial,"introduced (alien, exotic, non-native, nonindigenous); introduced",TRUE,DAISIE; USRIIS; TrIAS; FirstRecords; GRIIS
Kickxia elatine (L.) Dumort.,Kickxia elatine,Plantae,1500,Poland,POL,15,terrestrial,"introduced (alien, exotic, non-native, nonindigenous); introduced",TRUE,USRIIS; FirstRecords; GRIIS; InstytutOchronyPrzyrody
Kleinhovia hospita L.,Kleinhovia hospita,Plantae,NA,NA,NA,4,terrestrial,introduced,TRUE,FirstRecords; GRIIS
Knautia arvensis (L.) Coult.,Knautia arvensis,Plantae,1901,Iceland,ISL,6,terrestrial,"introduced (alien, exotic, non-native, nonindigenous); introduced",TRUE,DAISIE; USRIIS; FirstRecords; GRIIS
Kniphofia uvaria (L.) Oken,Kniphofia uvaria,Plantae,1500,United Kingdom,GBR,6,terrestrial,"introduced (alien, exotic, non-native, nonindigenous); introduced",TRUE,DAISIE; USRIIS; FirstRecords; GRIIS
"Koeleria spicata (L.) Barberá, Quintanar, Soreng & P.M.Peterson",Koeleria spicata,Plantae,NA,NA,NA,2,terrestrial,introduced,TRUE,FirstRecords; GRIIS
Koelreuteria elegans (Seem.) A.C. Sm.; Koelreuteria elegans (Seem.) A.C.Sm.,Koelreuteria elegans,Plantae,1982,Australia,AUS,3,terrestrial,"introduced (alien, exotic, non-native, nonindigenous); introduced",TRUE,USRIIS; FirstRecords; GRIIS
Koelreuteria paniculata Laxm.,Koelreuteria paniculata,Plantae,1500,Bulgaria,BGR,21,freshwater; terrestrial,"introduced (alien, exotic, non-native, nonindigenous); introduced",TRUE,DAISIE; USRIIS; TrIAS; FirstRecords; GRIIS
Koenigia campanulata (Hook.fil.) T.M.Schust. & Reveal,Koenigia campanulata,Plantae,1500,United Kingdom,GBR,4,terrestrial,introduced,TRUE,DAISIE; TrIAS; FirstRecords; GRIIS
Koenigia ×fennica (Reiersen) T.M.Schust. & Reveal; Koenigia × fennica (Reiersen) T.M.Schust. & Reveal,Koenigia fennica,Plantae,1941,Norway,NOR,4,terrestrial,introduced,TRUE,SINAS; TrIAS; FirstRecords; GRIIS; Artsdatabanken
Koenigia polystachya (Wall. ex Meisn.) T.M.Schust. & Reveal,Koenigia polystachya,Plantae,1885,Austria,AUT,13,terrestrial,introduced,TRUE,TrIAS; FirstRecords; GRIIS
"Kontikia ventrolineata (Dendy, 1892)",Kontikia ventrolineata,Animalia,NA,NA,NA,4,freshwater; terrestrial,"introduced (alien, exotic, non-native, nonindigenous); introduced",TRUE,USRIIS; TrIAS; GRIIS
"Krynickillus melanocephalus Kaleniczenko, 1851",Krynickillus melanocephalus,Animalia,1990,Latvia,LVA,5,terrestrial,introduced,TRUE,FirstRecords; GRIIS
Kummerowia striata (Thunb.) Schindl.,Kummerowia striata,Plantae,1911,Australia,AUS,3,terrestrial,"introduced (alien, exotic, non-native, nonindigenous); introduced",TRUE,USRIIS; FirstRecords; GRIIS
Kyllinga Rottb.,Kyllinga Rottb.,Plantae,NA,NA,NA,4,freshwater; terrestrial,introduced,TRUE,GRIIS
"Labeo rohita (Hamilton, 1822)",Labeo rohita,Animalia,1960,Mauritius; Malaysia,MUS; MYS,13,brackish; freshwater,introduced,TRUE,FirstRecords; GRIIS
Lablab purpureus (L.) Sweet,Lablab purpureus,Plantae,1500,Italy,ITA,32,freshwater; terrestrial,"introduced (alien, exotic, non-native, nonindigenous); introduced",TRUE,DAISIE; USRIIS; FirstRecords; GRIIS
Laburnum alpinum (Mill.) Bercht. & J.Presl,Laburnum alpinum,Plantae,1500,United Kingdom,GBR,6,terrestrial,introduced,TRUE,DAISIE; FirstRecords; GRIIS; Artsdatabanken
Laburnum anagyroides Medik.,Laburnum anagyroides,Plantae,1500,Bulgaria,BGR,19,terrestrial,"introduced (alien, exotic, non-native, nonindigenous); introduced",TRUE,DAISIE; USRIIS; TrIAS; FirstRecords; GRIIS; Artsdatabanken; InstytutOchronyPrzyrody
Laburnum × watereri (A.C.Rosenthal & Bermann) Dippel,Laburnum watereri,Plantae,1500,United Kingdom,GBR,4,terrestrial,introduced,TRUE,DAISIE; FirstRecords; GRIIS; Artsdatabanken
"Lacerta bilineata Daudin, 1802",Lacerta bilineata,Animalia,1872,United Kingdom,GBR,4,terrestrial,"introduced (alien, exotic, non-native, nonindigenous); introduced",TRUE,USRIIS; TrIAS; FirstRecords; GRIIS
Lachnagrostis filiformis (G. Forst.) Trin.; Lachnagrostis filiformis (G.Forst.) Trin.,Lachnagrostis filiformis,Plantae,1908,United Kingdom,GBR,6,terrestrial,"introduced (alien, exotic, non-native, nonindigenous); introduced",TRUE,SINAS; USRIIS; TrIAS; FirstRecords; GRIIS
Lactuca indica L.,Lactuca indica,Plantae,NA,NA,NA,5,freshwater; terrestrial,introduced,TRUE,FirstRecords; GRIIS
Lactuca macrophylla (Willd.) A.Gray,Lactuca macrophylla,Plantae,1700,Sweden,SWE,11,terrestrial,introduced,TRUE,TrIAS; FirstRecords; GRIIS; Artsdatabanken
Lactuca saligna L.,Lactuca saligna,Plantae,1866,Poland,POL,5,terrestrial,"introduced (alien, exotic, non-native, nonindigenous); introduced",TRUE,SINAS; USRIIS; FirstRecords; GRIIS
Lactuca sativa L.,Lactuca sativa,Plantae,-300,Turkey,TUR,37,freshwater; terrestrial,"introduced (alien, exotic, non-native, nonindigenous); introduced",TRUE,DAISIE; USRIIS; TrIAS; FirstRecords; GRIIS
Lactuca serriola L.,Lactuca serriola,Plantae,550,Czechia,CZE,29,freshwater; terrestrial,"introduced (alien, exotic, non-native, nonindigenous); introduced",TRUE,DAISIE; USRIIS; FirstRecords; GRIIS; Artsdatabanken; InstytutOchronyPrzyrody
Lactuca tatarica (L.) C.A.Mey.,Lactuca tatarica,Plantae,1500,United Kingdom,GBR,16,freshwater; terrestrial,introduced,TRUE,DAISIE; FirstRecords; GRIIS; InstytutOchronyPrzyrody
"Laemostenus complanatus (Dejean, 1828)",Laemostenus complanatus,Animalia,1869,United States,USA,5,terrestrial,"introduced (alien, exotic, non-native, nonindigenous); introduced",TRUE,USRIIS; FirstRecords; GRIIS
"Laevicaulis alte (Ferussac, 1821); Laevicaulis alte (Férussac, 1822)",Laevicaulis alte,Animalia,1900,United States,USA,6,terrestrial,"introduced (alien, exotic, non-native, nonindigenous); introduced",TRUE,USRIIS; FirstRecords; GRIIS
Lagarosiphon major (Ridl.) Moss,Lagarosiphon major,Plantae,1500,United Kingdom,GBR,13,freshwater; terrestrial,introduced,TRUE,DAISIE; TrIAS; FirstRecords; GRIIS
Lagarosiphon muscoides Harv.,Lagarosiphon muscoides,Plantae,NA,NA,NA,1,freshwater,introduced,TRUE,FirstRecords; GRIIS
Lagascea mollis Cav.,Lagascea mollis,Plantae,1869,India,IND,3,terrestrial,"introduced (alien, exotic, non-native, nonindigenous); introduced",TRUE,USRIIS; FirstRecords; GRIIS
Lagerstroemia indica L.,Lagerstroemia indica,Plantae,1794,India,IND,26,terrestrial,"introduced (alien, exotic, non-native, nonindigenous); introduced",TRUE,USRIIS; FirstRecords; GRIIS
Lagunaria patersonia (Andrews) G. Don; Lagunaria patersonia (Andrews) G.Don,Lagunaria patersonia,Plantae,1843,Australia,AUS,5,terrestrial,"introduced (alien, exotic, non-native, nonindigenous); introduced",TRUE,SINAS; USRIIS; FirstRecords; GRIIS
Laguncularia racemosa (L.) C.F.Gaertn.,Laguncularia racemosa,Plantae,NA,NA,NA,1,brackish; terrestrial,introduced,TRUE,FirstRecords; GRIIS
Lamiastrum galeobdolon argentatum (Smejkal) Stace,Lamiastrum galeobdolon argentatum,Plantae,2004,Norway,NOR,1,terrestrial,introduced,TRUE,Artsdatabanken
Lamium album L.,Lamium album,Plantae,-2200,Czechia,CZE,13,terrestrial,"introduced (alien, exotic, non-native, nonindigenous); introduced",TRUE,DAISIE; USRIIS; FirstRecords; GRIIS; InstytutOchronyPrzyrody
Lamium amplexicaule L.,Lamium amplexicaule,Plantae,1500,Poland,POL,26,freshwater; terrestrial,"introduced (alien, exotic, non-native, nonindigenous); introduced",TRUE,USRIIS; FirstRecords; GRIIS; InstytutOchronyPrzyrody
Lamium galeobdolon (L.) L.; Lamiastrum galeobdolon var. galeobdolon,Lamium galeobdolon,Plantae,1744,Sweden,SWE,14,terrestrial,"introduced (alien, exotic, non-native, nonindigenous); introduced",TRUE,USRIIS; FirstRecords; GRIIS; Artsdatabanken
Lamium galeobdolon subsp. argentatum (Smejkal) J.Duvign.,Lamium galeobdolon argentatum,Plantae,NA,NA,NA,4,terrestrial,introduced,TRUE,TrIAS; FirstRecords; GRIIS
Lamium maculatum L.; Lamium maculatum (L.) L.,Lamium maculatum,Plantae,1500,United Kingdom,GBR,6,terrestrial,"introduced (alien, exotic, non-native, nonindigenous); introduced",TRUE,DAISIE; USRIIS; FirstRecords; GRIIS
Lamium purpureum L.,Lamium purpureum,Plantae,-5300,Czechia,CZE,17,terrestrial,"introduced (alien, exotic, non-native, nonindigenous); introduced",TRUE,DAISIE; USRIIS; FirstRecords; GRIIS; InstytutOchronyPrzyrody
Lamium purpureum var. purpureum,Lamium purpureum purpureum,Plantae,NA,NA,NA,1,terrestrial,introduced,TRUE,FirstRecords; GRIIS
"Lamprotornis superbus Rüppell, 1845",Lamprotornis superbus,Animalia,1969,Germany,DEU,5,terrestrial,introduced,TRUE,"SINAS, DAISIE; TrIAS; FirstRecords; GRIIS"
Lantana camara L.,Lantana camara,Plantae,1500,Italy,ITA,100,terrestrial,"introduced (alien, exotic, non-native, nonindigenous); introduced",TRUE,DAISIE; USRIIS; FirstRecords; GRIIS
Lantana montevidensis (Spreng.) Briq.,Lantana montevidensis,Plantae,1843,Australia,AUS,6,terrestrial,"introduced (alien, exotic, non-native, nonindigenous); introduced",TRUE,USRIIS; FirstRecords; GRIIS
Laportea interrupta (L.) Chew,Laportea interrupta,Plantae,NA,NA,NA,12,terrestrial,introduced,TRUE,FirstRecords; GRIIS
Lappula squarrosa (Retz.) Dumort.,Lappula squarrosa,Plantae,1500,Czechia,CZE,15,terrestrial,"introduced (alien, exotic, non-native, nonindigenous); introduced",TRUE,DAISIE; USRIIS; TrIAS; FirstRecords; GRIIS
Lapsana communis L.,Lapsana communis,Plantae,-5300,Czechia,CZE,23,terrestrial,"introduced (alien, exotic, non-native, nonindigenous); introduced",TRUE,DAISIE; USRIIS; FirstRecords; GRIIS
Larix decidua Mill.,Larix decidua,Plantae,1500,United Kingdom,GBR,17,freshwater; terrestrial,"introduced (alien, exotic, non-native, nonindigenous); introduced",TRUE,DAISIE; USRIIS; TrIAS; FirstRecords; GRIIS
Larix kaempferi (Lam.) Carriere; Larix kaempferi (Lamb.) Carrière,Larix kaempferi,Plantae,1500,Germany,DEU,13,terrestrial,"introduced (alien, exotic, non-native, nonindigenous); introduced",TRUE,DAISIE; USRIIS; TrIAS; FirstRecords; GRIIS; Artsdatabanken
Larix ×marschlinsii Coaz; Larix × marschlinsii Coaz,Larix marschlinsii,Plantae,1500,United Kingdom,GBR,6,terrestrial,introduced,TRUE,DAISIE; TrIAS; GRIIS; FirstRecords; Artsdatabanken
"Lasioderma serricorne (Fabricius, 1792); Lasioderma serricorne Fabricius, 1792",Lasioderma serricorne,Animalia,1832,Poland,POL,16,terrestrial,"introduced (alien, exotic, non-native, nonindigenous); introduced",TRUE,USRIIS; FirstRecords; GRIIS; InstytutOchronyPrzyrody
"Lasius neglectus Van Loon, Boomsma & Andrasfalvy, 1990",Lasius neglectus,Animalia,1960,Netherlands,NLD,11,terrestrial,introduced,TRUE,SINAS; TrIAS; FirstRecords; GRIIS; InstytutOchronyPrzyrody
"Lates niloticus (Linnaeus, 1758)",Lates niloticus,Animalia,1954,Kenya; Tanzania,KEN; TZA,6,brackish; freshwater,introduced,TRUE,FirstRecords; GRIIS
Lathyrus latifolius L.,Lathyrus latifolius,Plantae,1500,Bulgaria,BGR,15,terrestrial,"introduced (alien, exotic, non-native, nonindigenous); introduced",TRUE,DAISIE; USRIIS; TrIAS; FirstRecords; GRIIS; Artsdatabanken
Lathyrus pratensis L.,Lathyrus pratensis,Plantae,1881,Iceland,ISL,6,terrestrial,"introduced (alien, exotic, non-native, nonindigenous); introduced",TRUE,DAISIE; USRIIS; FirstRecords; GRIIS
Lathyrus sylvestris L.,Lathyrus sylvestris,Plantae,1500,Bulgaria,BGR,4,terrestrial,"introduced (alien, exotic, non-native, nonindigenous); introduced",TRUE,DAISIE; USRIIS; FirstRecords; GRIIS; M.McGeoch_AUS_2025
Lathyrus tingitanus L.,Lathyrus tingitanus,Plantae,1500,Czechia,CZE,9,terrestrial,"introduced (alien, exotic, non-native, nonindigenous); introduced",TRUE,DAISIE; USRIIS; FirstRecords; GRIIS
"Latrodectus geometricus C. L. Koch, 1841; Latrodectus geometricus C.L.Koch, 1841",Latrodectus geometricus,Animalia,2006,Belgium,BEL,5,terrestrial,"introduced (alien, exotic, non-native, nonindigenous); introduced",TRUE,USRIIS; TrIAS; FirstRecords; GRIIS
"Latrodectus hasselti Thorell, 1870",Latrodectus hasselti,Animalia,1999,Belgium,BEL,2,terrestrial,introduced,TRUE,TrIAS; FirstRecords; GRIIS
Launaea intybacea (Jacq.) P. Beauv.; Launaea intybacea (Jacq.) Beauverd,Launaea intybacea,Plantae,1969,India,IND,16,terrestrial,"introduced (alien, exotic, non-native, nonindigenous); introduced",TRUE,USRIIS; FirstRecords; GRIIS
Laurus nobilis L.,Laurus nobilis,Plantae,1500,Switzerland,CHE,16,terrestrial,"introduced (alien, exotic, non-native, nonindigenous); introduced",TRUE,DAISIE; USRIIS; TrIAS; FirstRecords; GRIIS
Lawsonia inermis L.,Lawsonia inermis,Plantae,1105,Nigeria,NGA,21,terrestrial,introduced,TRUE,SINAS; FirstRecords; GRIIS
Leersia hexandra Sw.,Leersia hexandra,Plantae,1820,Nepal,NPL,16,freshwater; terrestrial,introduced,TRUE,FirstRecords; GRIIS
"Leiocephalus carinatus Gray, 1827",Leiocephalus carinatus,Animalia,1935,United States,USA,2,terrestrial,"introduced (alien, exotic, non-native, nonindigenous); introduced",TRUE,USRIIS; FirstRecords; GRIIS
"Leiothrix lutea (Scopoli, 1786)",Leiothrix lutea,Animalia,1898,France,FRA,10,terrestrial,"introduced (alien, exotic, non-native, nonindigenous); introduced",TRUE,USRIIS; TrIAS; FirstRecords; GRIIS
Lemna aequinoctialis Welw.,Lemna aequinoctialis,Plantae,1500,Italy,ITA,11,freshwater; brackish; terrestrial,"introduced (alien, exotic, non-native, nonindigenous); introduced",TRUE,DAISIE; USRIIS; FirstRecords; GRIIS
Lemna minor L.,Lemna minor,Plantae,1843,Australia,AUS,4,brackish; freshwater,introduced,TRUE,FirstRecords; GRIIS
Lemna minuta Kunth,Lemna minuta,Plantae,1500,Austria,AUT,22,freshwater; terrestrial,introduced,TRUE,TrIAS; FirstRecords; GRIIS; Artsdatabanken; InstytutOchronyPrzyrody
Lemna perpusilla Torr.,Lemna perpusilla,Plantae,1866,Japan,JPN,29,freshwater; terrestrial,introduced,TRUE,SINAS; FirstRecords; GRIIS
Lemna turionifera Landolt,Lemna turionifera,Plantae,1926,Finland,FIN,10,freshwater; terrestrial,introduced,TRUE,"SINAS, DAISIE; TrIAS; FirstRecords; GRIIS; InstytutOchronyPrzyrody"
Leonotis leonurus (L.) R. Br.; Leonotis leonurus (L.) R.Br.,Leonotis leonurus,Plantae,1845,Australia,AUS,3,terrestrial,"introduced (alien, exotic, non-native, nonindigenous); introduced",TRUE,USRIIS; FirstRecords; GRIIS
Leonotis nepetifolia (L.) R. Br.; Leonotis nepetifolia (L.) R.Br.,Leonotis nepetifolia,Plantae,1857,India,IND,20,terrestrial,"introduced (alien, exotic, non-native, nonindigenous); introduced",TRUE,USRIIS; FirstRecords; GRIIS
"Leontodon autumnalis L.; Leontodon autumnalis Oeder, 1816",Leontodon autumnalis,Plantae,1867,New Zealand,NZL,4,terrestrial,"introduced (alien, exotic, non-native, nonindigenous); introduced",TRUE,SINAS; USRIIS; FirstRecords; GRIIS
Leontodon hispidus L.,Leontodon hispidus,Plantae,1684,Sweden,SWE,3,terrestrial,"introduced (alien, exotic, non-native, nonindigenous); introduced",TRUE,USRIIS; FirstRecords; GRIIS
"Leontopithecus chrysomelas (Kuhl, 1820)",Leontopithecus chrysomelas,Animalia,NA,NA,NA,1,terrestrial,introduced,TRUE,FirstRecords; GRIIS
Leonurus cardiaca L.,Leonurus cardiaca,Plantae,550,Czechia,CZE,15,terrestrial,"introduced (alien, exotic, non-native, nonindigenous); introduced",TRUE,DAISIE; USRIIS; FirstRecords; GRIIS; Artsdatabanken; InstytutOchronyPrzyrody
Leonurus japonicus Houtt.,Leonurus japonicus,Plantae,1930,Australia,AUS,28,terrestrial,"introduced (alien, exotic, non-native, nonindigenous); introduced",TRUE,SINAS; USRIIS; TrIAS; FirstRecords; GRIIS
Leonurus sibiricus L.,Leonurus sibiricus,Plantae,1840,Indonesia,IDN,15,freshwater; terrestrial,"introduced (alien, exotic, non-native, nonindigenous); introduced",TRUE,SINAS; USRIIS; FirstRecords; GRIIS; M.McGeoch_AUS_2025
Lepidium appelianum Al-Shehbaz,Lepidium appelianum,Plantae,1926,Canada,CAN,4,terrestrial,"introduced (alien, exotic, non-native, nonindigenous); introduced",TRUE,USRIIS; FirstRecords; GRIIS
Lepidium bonariense L.,Lepidium bonariense,Plantae,1500,Italy,ITA,15,terrestrial,"introduced (alien, exotic, non-native, nonindigenous); introduced",TRUE,DAISIE; USRIIS; TrIAS; FirstRecords; GRIIS
Lepidium campestre (L.) W.T. Aiton; Lepidium campestre (L.) W.T.Aiton,Lepidium campestre,Plantae,-5300,Czechia,CZE,23,freshwater; terrestrial,"introduced (alien, exotic, non-native, nonindigenous); introduced",TRUE,DAISIE; USRIIS; FirstRecords; GRIIS; Artsdatabanken; InstytutOchronyPrzyrody
Lepidium coronopus (L.) Al-Shehbaz,Lepidium coronopus,Plantae,1578,United Kingdom,GBR,14,freshwater; terrestrial,"introduced (alien, exotic, non-native, nonindigenous); introduced",TRUE,USRIIS; FirstRecords; GRIIS
Lepidium densiflorum Schrad.,Lepidium densiflorum,Plantae,1500,Switzerland,CHE,26,freshwater; terrestrial,"introduced (alien, exotic, non-native, nonindigenous); introduced",TRUE,DAISIE; USRIIS; TrIAS; FirstRecords; GRIIS; Artsdatabanken; InstytutOchronyPrzyrody
Lepidium didymum L.,Lepidium didymum,Plantae,1778,United Kingdom,GBR,47,terrestrial,"introduced (alien, exotic, non-native, nonindigenous); introduced",TRUE,USRIIS; TrIAS; FirstRecords; GRIIS; Artsdatabanken; B.Shrestha_NPL_2026
Lepidium draba L.,Lepidium draba,Plantae,1685,Sweden,SWE,29,freshwater; terrestrial,"introduced (alien, exotic, non-native, nonindigenous); introduced",TRUE,USRIIS; TrIAS; FirstRecords; GRIIS; Artsdatabanken; InstytutOchronyPrzyrody
Lepidium englerianum (Muschler) Al-Shehbaz,Lepidium englerianum,Plantae,1830,South Africa,ZAF,3,terrestrial,introduced,TRUE,FirstRecords; GRIIS
Lepidium heterophyllum Benth.,Lepidium heterophyllum,Plantae,1500,Czechia,CZE,14,terrestrial,"introduced (alien, exotic, non-native, nonindigenous); introduced",TRUE,DAISIE; USRIIS; TrIAS; FirstRecords; GRIIS
Lepidium latifolium L.,Lepidium latifolium,Plantae,1744,Sweden,SWE,19,terrestrial,"introduced (alien, exotic, non-native, nonindigenous); introduced",TRUE,USRIIS; TrIAS; FirstRecords; GRIIS
Lepidium perfoliatum L.,Lepidium perfoliatum,Plantae,1500,Bulgaria,BGR,21,freshwater; terrestrial,"introduced (alien, exotic, non-native, nonindigenous); introduced",TRUE,DAISIE; USRIIS; TrIAS; FirstRecords; GRIIS
Lepidium ruderale L.,Lepidium ruderale,Plantae,-5300,Czechia,CZE,24,terrestrial,"introduced (alien, exotic, non-native, nonindigenous); introduced",TRUE,DAISIE; USRIIS; FirstRecords; GRIIS; Artsdatabanken; InstytutOchronyPrzyrody
Lepidium sativum L.,Lepidium sativum,Plantae,17,Czech Republic,CZE,37,freshwater; terrestrial,"introduced (alien, exotic, non-native, nonindigenous); introduced",TRUE,USRIIS; TrIAS; FirstRecords; GRIIS
Lepidium virginicum L.,Lepidium virginicum,Plantae,1500,Switzerland,CHE,55,freshwater; terrestrial,"introduced (alien, exotic, non-native, nonindigenous); introduced",TRUE,DAISIE; USRIIS; TrIAS; FirstRecords; GRIIS; Artsdatabanken; InstytutOchronyPrzyrody
"Lepidodactylus lugubris (Dumeril and Bibron, 1836); Lepidodactylus lugubris (Duméril & Bibron, 1836)",Lepidodactylus lugubris,Animalia,400,United States,USA,7,freshwater; terrestrial,"introduced (alien, exotic, non-native, nonindigenous); introduced",TRUE,USRIIS; FirstRecords; GRIIS
"Lepidosaphes newsteadi (Sule, 1895); Lepidosaphes newsteadi (Šulc, 1895)",Lepidosaphes newsteadi,Animalia,NA,NA,NA,2,terrestrial,"introduced (alien, exotic, non-native, nonindigenous); introduced",TRUE,USRIIS; GRIIS; Artsdatabanken
"Lepinotus reticulatus Enderlein, 1905; Lepinotus reticulatus Enderlein, 1904",Lepinotus reticulatus,Animalia,NA,NA,NA,3,terrestrial,"introduced (alien, exotic, non-native, nonindigenous); introduced",TRUE,USRIIS; TrIAS; GRIIS
"Lepisma saccharinum Linnaeus, 1758",Lepisma saccharinum,Animalia,NA,NA,NA,5,terrestrial,introduced,TRUE,FirstRecords; GRIIS
"Lepomis auritus (Linnaeus, 1758)",Lepomis auritus,Animalia,1895,Germany,DEU,3,freshwater,introduced,TRUE,SINAS; FirstRecords; GRIIS
"Lepomis cyanellus Rafinesque, 1819",Lepomis cyanellus,Animalia,1930,Brazil,BRA,13,freshwater,"introduced (alien, exotic, non-native, nonindigenous); introduced",TRUE,USRIIS; FirstRecords; GRIIS
"Lepomis gibbosus (Linnaeus, 1758)",Lepomis gibbosus,Animalia,1801,Italy,ITA,41,brackish; freshwater,introduced,TRUE,DAISIE; TrIAS; FirstRecords; GRIIS; Artsdatabanken; InstytutOchronyPrzyrody
"Lepomis gulosus (Cuvier, 1829)",Lepomis gulosus,Animalia,1963,Mexico,MEX,2,brackish; freshwater,introduced,TRUE,FirstRecords; GRIIS
"Lepomis macrochirus Rafinesque, 1819",Lepomis macrochirus,Animalia,1938,South Africa,ZAF,18,freshwater,"introduced (alien, exotic, non-native, nonindigenous); introduced",TRUE,USRIIS; FirstRecords; GRIIS
"Lepomis marginatus (Holbrook, 1855)",Lepomis marginatus,Animalia,1984,Mexico,MEX,1,freshwater,introduced,TRUE,FirstRecords; GRIIS
"Lepomis microlophus (Günther, 1859)",Lepomis microlophus,Animalia,1928,Canada,CAN,5,freshwater,introduced,TRUE,SINAS; FirstRecords; GRIIS
"Lepomis punctatus (Valenciennes, 1831)",Lepomis punctatus,Animalia,NA,NA,NA,1,freshwater,introduced,TRUE,FirstRecords; GRIIS
"Leptinotarsa decemlineata (Say, 1824)",Leptinotarsa decemlineata,Animalia,1825,United States,USA,29,terrestrial,"introduced (alien, exotic, non-native, nonindigenous); introduced",TRUE,USRIIS; TrIAS; FirstRecords; GRIIS; InstytutOchronyPrzyrody
Leptochloa chinensis (L.) Nees,Leptochloa chinensis,Plantae,1500,Czechia,CZE,10,terrestrial,introduced,TRUE,DAISIE; FirstRecords; GRIIS
Leptochloa mucronata (Michx.) Kunth,Leptochloa mucronata,Plantae,1961,Czech Republic,CZE,5,terrestrial,introduced,TRUE,FirstRecords; GRIIS
Leptochloa nealleyi Vasey,Leptochloa nealleyi,Plantae,2007,Cuba,CUB,1,terrestrial,introduced,TRUE,FirstRecords; GRIIS
Leptochloa panicea (Retz.) Ohwi,Leptochloa panicea,Plantae,1880,Mexico,MEX,7,terrestrial,introduced,TRUE,SINAS; FirstRecords; GRIIS
"Leptocybe invasa Fisher and La Salle, 2004; Leptocybe invasa Fisher & La Salle, 2004",Leptocybe invasa,Animalia,1999,Spain,ESP,10,terrestrial,"introduced (alien, exotic, non-native, nonindigenous); introduced",TRUE,"SINAS, EPPO Distribution, DAISIE; USRIIS; FirstRecords; GRIIS"
"Leptoglossus occidentalis Heidemann, 1910",Leptoglossus occidentalis,Animalia,1878,Norway,NOR,10,terrestrial,introduced,TRUE,SINAS; TrIAS; FirstRecords; GRIIS
"Leptopsylla segnis (Schonherr, 1811); Leptopsylla segnis (Schönherr, 1811)",Leptopsylla segnis,Animalia,1900,United States,USA,5,terrestrial,"introduced (alien, exotic, non-native, nonindigenous); introduced",TRUE,USRIIS; GRIIS
Leptospermum laevigatum (Sol. ex Gaertn.) F. Muell.; Leptospermum laevigatum (Gaertn.) F.Muell.,Leptospermum laevigatum,Plantae,1850,South Africa,ZAF,3,terrestrial,"introduced (alien, exotic, non-native, nonindigenous); introduced",TRUE,USRIIS; FirstRecords; GRIIS
Leptospermum scoparium J.R. Forst. and G. Forst.; Leptospermum scoparium Forst.,Leptospermum scoparium,Plantae,1500,United Kingdom,GBR,4,terrestrial,"introduced (alien, exotic, non-native, nonindigenous); introduced",TRUE,DAISIE; USRIIS; FirstRecords; GRIIS
"Lepus capensis Linnaeus, 1758",Lepus capensis,Animalia,1500,Italy,ITA,4,terrestrial,introduced,TRUE,FirstRecords; GRIIS
"Lepus europaeus Pallas, 1778",Lepus europaeus,Animalia,-8800,Cyprus,CYP,18,terrestrial,"introduced (alien, exotic, non-native, nonindigenous); introduced",TRUE,SINAS; USRIIS; FirstRecords; GRIIS; Artsdatabanken
"Lepus europaeus occidentalis de Winton, 1898",Lepus europaeus occidentalis,Animalia,NA,NA,NA,1,terrestrial,introduced,TRUE,FirstRecords; GRIIS
"Lepus nigricollis F.Cuvier, 1823",Lepus nigricollis,Animalia,1550,Indonesia,IDN,3,terrestrial,introduced,TRUE,SINAS; FirstRecords; GRIIS
Lepyrodiclis holosteoides (C.A. Mey.) Fenzl ex Fisch. and C.A. Mey.; Lepyrodiclis holosteoides (C.A.Mey.) Fenzl ex Fisch. & C.A.Mey.,Lepyrodiclis holosteoides,Plantae,1967,Czech Republic,CZE,7,terrestrial,"introduced (alien, exotic, non-native, nonindigenous); introduced",TRUE,USRIIS; TrIAS; FirstRecords; GRIIS
"Lernaea cyprinacea Linnaeus, 1758",Lernaea cyprinacea,Animalia,1930,United States,USA,4,freshwater,"introduced (alien, exotic, non-native, nonindigenous); introduced",TRUE,USRIIS; FirstRecords; GRIIS
Lespedeza bicolor Turcz.,Lespedeza bicolor,Plantae,NA,NA,NA,4,terrestrial,"introduced (alien, exotic, non-native, nonindigenous); introduced",TRUE,USRIIS; FirstRecords; GRIIS
Lespedeza cuneata (Dum. Cours.) G. Don; Lespedeza cuneata (Dum.Cours.) G.Don,Lespedeza cuneata,Plantae,NA,NA,NA,7,terrestrial,"introduced (alien, exotic, non-native, nonindigenous); introduced",TRUE,USRIIS; FirstRecords; GRIIS
Lespedeza thunbergii (DC.) Nakai,Lespedeza thunbergii,Plantae,NA,NA,NA,3,terrestrial,"introduced (alien, exotic, non-native, nonindigenous); introduced",TRUE,USRIIS; FirstRecords; GRIIS
Leucaena diversifolia (Schltdl.) Benth.,Leucaena diversifolia,Plantae,1800,Cameroon,CMR,52,terrestrial,"introduced (alien, exotic, non-native, nonindigenous); introduced",TRUE,USRIIS; FirstRecords; GRIIS
Leucaena leucocephala (Lam.) de Wit,Leucaena leucocephala,Plantae,1645,China,CHN,122,terrestrial,"introduced (alien, exotic, non-native, nonindigenous); introduced",TRUE,USRIIS; FirstRecords; GRIIS; GRIIS ; J.Ganglo_BEN_2026
Leucaena leucocephala subsp. glabrata (Rose) Zárate,Leucaena leucocephala glabrata,Plantae,NA,NA,NA,3,terrestrial,introduced,TRUE,FirstRecords; GRIIS
Leucaena leucocephala subsp. leucocephala,Leucaena leucocephala leucocephala,Plantae,NA,NA,NA,1,terrestrial,introduced,TRUE,FirstRecords; GRIIS
Leucanthemum maximum (Ramond) DC.,Leucanthemum maximum,Plantae,1914,New Zealand,NZL,8,freshwater; terrestrial,"introduced (alien, exotic, non-native, nonindigenous); introduced",TRUE,SINAS; USRIIS; FirstRecords; GRIIS; M.McGeoch_AUS_2025
Leucanthemum vulgare Lam.,Leucanthemum vulgare,Plantae,1500,Sweden,SWE,20,terrestrial,"introduced (alien, exotic, non-native, nonindigenous); introduced",TRUE,DAISIE; USRIIS; FirstRecords; GRIIS
Leucas cephalotes (Roth) Spreng.,Leucas cephalotes,Plantae,1968,Australia,AUS,2,terrestrial,introduced,TRUE,FirstRecords; GRIIS
Leucas lavandulifolia Sm.,Leucas lavandulifolia,Plantae,NA,NA,NA,7,terrestrial,introduced,TRUE,FirstRecords; GRIIS
Leucas martinicensis (Jacq.) R.Br.,Leucas martinicensis,Plantae,1906,Madagascar,MDG,6,terrestrial,introduced,TRUE,FirstRecords; GRIIS
"Leucaspius delineatus (Heckel, 1843)",Leucaspius delineatus,Animalia,1890,Finland,FIN,6,brackish; freshwater,introduced,TRUE,"SINAS, DAISIE; TrIAS; FirstRecords; GRIIS; Artsdatabanken"
"Leuciscus baicalensis (Dybowski, 1874)",Leuciscus baicalensis,Animalia,NA,NA,NA,1,brackish; freshwater,introduced,TRUE,FirstRecords; GRIIS
"Leuciscus idus (Linnaeus, 1758)",Leuciscus idus,Animalia,1870,United Kingdom,GBR,6,brackish; freshwater,introduced,TRUE,TrIAS; FirstRecords; GRIIS; Artsdatabanken
"Leuciscus leuciscus (Linnaeus, 1758)",Leuciscus leuciscus,Animalia,1889,Ireland,IRL,1,brackish; freshwater,introduced,TRUE,FirstRecords; GRIIS
Leucojum aestivum L.,Leucojum aestivum,Plantae,1500,Germany,DEU,10,terrestrial,"introduced (alien, exotic, non-native, nonindigenous); introduced",TRUE,DAISIE; USRIIS; FirstRecords; GRIIS
"Leucoptera malifoliella (O.Costa, 1836); Leucoptera malifoliella (Costa, 1836)",Leucoptera malifoliella,Animalia,NA,NA,NA,2,terrestrial,"introduced (alien, exotic, non-native, nonindigenous); introduced",TRUE,USRIIS; FirstRecords; GRIIS
Leuzea repens (L.) D.J.N.Hind,Leuzea repens,Plantae,1907,Australia,AUS,25,terrestrial,introduced,TRUE,TrIAS; FirstRecords; GRIIS
Levisticum officinale W.D.J. Koch; Levisticum officinale W.D.J.Koch,Levisticum officinale,Plantae,1500,Austria,AUT,18,freshwater; terrestrial,"introduced (alien, exotic, non-native, nonindigenous); introduced",TRUE,DAISIE; USRIIS; TrIAS; FirstRecords; GRIIS; Artsdatabanken
Leycesteria formosa Wall.,Leycesteria formosa,Plantae,1500,United Kingdom,GBR,7,terrestrial,"introduced (alien, exotic, non-native, nonindigenous); introduced",TRUE,DAISIE; USRIIS; TrIAS; FirstRecords; GRIIS
Leymus angustus (Trin.) Pilg.,Leymus angustus,Plantae,NA,NA,NA,2,terrestrial,"introduced (alien, exotic, non-native, nonindigenous); introduced",TRUE,USRIIS; FirstRecords; GRIIS
Leymus arenarius (L.) Hochst.,Leymus arenarius,Plantae,1500,Czechia,CZE,7,terrestrial,"introduced (alien, exotic, non-native, nonindigenous); introduced",TRUE,DAISIE; USRIIS; FirstRecords; GRIIS
Leymus racemosus (Lam.) Tzvelev,Leymus racemosus,Plantae,1940,New Zealand,NZL,4,terrestrial,"introduced (alien, exotic, non-native, nonindigenous); introduced",TRUE,USRIIS; FirstRecords; GRIIS
Licuala grandis (T.Moore) H.Wendl.,Licuala grandis,Plantae,NA,NA,NA,7,terrestrial,introduced,TRUE,FirstRecords; GRIIS
"Ligia exotica Roux, 1828",Ligia exotica,Animalia,1878,United States,USA,5,brackish; marine; terrestrial,"introduced (alien, exotic, non-native, nonindigenous); introduced",TRUE,USRIIS; FirstRecords; GRIIS
Ligustrum japonicum Thunb.,Ligustrum japonicum,Plantae,1500,Italy,ITA,15,terrestrial,"introduced (alien, exotic, non-native, nonindigenous); introduced",TRUE,DAISIE; USRIIS; FirstRecords; GRIIS
Ligustrum lucidum W.T. Aiton; Ligustrum lucidum W.T.Aiton,Ligustrum lucidum,Plantae,1500,Italy,ITA,26,terrestrial,"introduced (alien, exotic, non-native, nonindigenous); introduced",TRUE,DAISIE; USRIIS; FirstRecords; GRIIS; Artsdatabanken
Ligustrum ovalifolium Hassk.,Ligustrum ovalifolium,Plantae,1500,United Kingdom,GBR,18,terrestrial,"introduced (alien, exotic, non-native, nonindigenous); introduced",TRUE,DAISIE; USRIIS; TrIAS; FirstRecords; GRIIS; Artsdatabanken
Ligustrum robustum (Roxb.) Blume,Ligustrum robustum,Plantae,NA,NA,NA,3,terrestrial,introduced,TRUE,FirstRecords; GRIIS
Ligustrum robustum subsp. walkeri (Decne.) P.S.Green,Ligustrum robustum walkeri,Plantae,NA,NA,NA,1,terrestrial,introduced,TRUE,FirstRecords; GRIIS
Ligustrum sinense Lour.,Ligustrum sinense,Plantae,1500,Italy,ITA,18,terrestrial,"introduced (alien, exotic, non-native, nonindigenous); introduced",TRUE,DAISIE; USRIIS; TrIAS; FirstRecords; GRIIS
Ligustrum vulgare L.,Ligustrum vulgare,Plantae,1791,Estonia,EST,17,freshwater; terrestrial,"introduced (alien, exotic, non-native, nonindigenous); introduced",TRUE,USRIIS; FirstRecords; GRIIS; InstytutOchronyPrzyrody
"Lilioceris lilii (Scopoli, 1763)",Lilioceris lilii,Animalia,1940,United Kingdom,GBR,6,terrestrial,"introduced (alien, exotic, non-native, nonindigenous); introduced",TRUE,CABI; USRIIS; FirstRecords; GRIIS; Artsdatabanken
Lilium bulbiferum L.,Lilium bulbiferum,Plantae,1740,Norway,NOR,9,freshwater; terrestrial,"introduced (alien, exotic, non-native, nonindigenous); introduced",TRUE,SINAS; USRIIS; FirstRecords; GRIIS
Lilium formosanum A. Wallace; Lilium formosanum A.Wallace,Lilium formosanum,Plantae,1923,Japan,JPN,6,terrestrial,"introduced (alien, exotic, non-native, nonindigenous); introduced",TRUE,USRIIS; FirstRecords; GRIIS
Lilium regale E.H. Wilson; Lilium regale E.H.Wilson,Lilium regale,Plantae,NA,NA,NA,2,terrestrial,"introduced (alien, exotic, non-native, nonindigenous); introduced",TRUE,USRIIS; FirstRecords; GRIIS
"Limacus flavus (Linnaeus, 1758)",Limacus flavus,Animalia,1870,Sweden,SWE,15,terrestrial,introduced,TRUE,FirstRecords; GRIIS; InstytutOchronyPrzyrody
"Limax maximus Linnaeus, 1758",Limax maximus,Animalia,1833,Sweden,SWE,15,terrestrial,"introduced (alien, exotic, non-native, nonindigenous); introduced",TRUE,USRIIS; FirstRecords; GRIIS; Artsdatabanken; InstytutOchronyPrzyrody
Limnocharis flava (L.) Buchenau,Limnocharis flava,Plantae,1870,Indonesia,IDN,14,freshwater; terrestrial,introduced,TRUE,FirstRecords; GRIIS
"Limnomysis benedeni Czerniavsky, 1882",Limnomysis benedeni,Animalia,1947,Russia,RUS,15,freshwater,introduced,TRUE,SINAS; TrIAS; FirstRecords; GRIIS; InstytutOchronyPrzyrody
"Limnoperna fortunei (Dunker, 1857)",Limnoperna fortunei,Animalia,NA,NA,NA,3,brackish; freshwater,introduced,TRUE,GRIIS
Limnophila sessiliflora (Vahl) Blume,Limnophila sessiliflora,Plantae,1964,United States,USA,5,freshwater; terrestrial,"introduced (alien, exotic, non-native, nonindigenous); introduced",TRUE,USRIIS; FirstRecords; GRIIS
Limonia acidissima L.,Limonia acidissima,Plantae,NA,NA,NA,1,terrestrial,introduced,TRUE,FirstRecords; GRIIS
Limonium sinuatum (L.) Mill.,Limonium sinuatum,Plantae,1877,France,FRA,10,freshwater; terrestrial,"introduced (alien, exotic, non-native, nonindigenous); introduced",TRUE,USRIIS; TrIAS; FirstRecords; GRIIS
Linaria dalmatica (L.) Mill.,Linaria dalmatica,Plantae,1875,Austria,AUT,10,terrestrial,"introduced (alien, exotic, non-native, nonindigenous); introduced",TRUE,USRIIS; FirstRecords; GRIIS
Linaria maroccana Hook. f.; Linaria maroccana Hook.fil.,Linaria maroccana,Plantae,1895,Austria,AUT,11,terrestrial,"introduced (alien, exotic, non-native, nonindigenous); introduced",TRUE,USRIIS; TrIAS; FirstRecords; GRIIS
Linaria pinifolia (Poir.) Thell.,Linaria pinifolia,Plantae,1826,Norway,NOR,2,terrestrial,"introduced (alien, exotic, non-native, nonindigenous); introduced",TRUE,SINAS; USRIIS; FirstRecords; GRIIS
Linaria purpurea (L.) Mill.,Linaria purpurea,Plantae,1500,Austria,AUT,10,terrestrial,"introduced (alien, exotic, non-native, nonindigenous); introduced",TRUE,DAISIE; USRIIS; TrIAS; FirstRecords; GRIIS; Artsdatabanken
Linaria repens (L.) Mill.,Linaria repens,Plantae,1500,Switzerland,CHE,16,freshwater; terrestrial,"introduced (alien, exotic, non-native, nonindigenous); introduced",TRUE,DAISIE; USRIIS; FirstRecords; GRIIS; Artsdatabanken; InstytutOchronyPrzyrody
Linaria vulgaris Mill.,Linaria vulgaris,Plantae,1820,Canada,CAN,16,terrestrial,"introduced (alien, exotic, non-native, nonindigenous); introduced",TRUE,USRIIS; FirstRecords; GRIIS
Lindernia dubia (L.) Pennell,Lindernia dubia,Plantae,1500,Bulgaria,BGR,16,freshwater; terrestrial,introduced,TRUE,DAISIE; TrIAS; FirstRecords; GRIIS
"Linepithema humile (Mayr, 1868)",Linepithema humile,Animalia,1847,Portugal,PRT,24,terrestrial,"introduced (alien, exotic, non-native, nonindigenous); introduced",TRUE,"SINAS, DAISIE; USRIIS; TrIAS; FirstRecords; GRIIS"
"Linepithema humile humile (Mayr, 1868)",Linepithema humile humile,Animalia,NA,NA,NA,1,terrestrial,introduced,TRUE,FirstRecords; GRIIS
Linum bienne Mill.,Linum bienne,Plantae,1869,New Zealand,NZL,6,terrestrial,"introduced (alien, exotic, non-native, nonindigenous); introduced",TRUE,SINAS; USRIIS; FirstRecords; GRIIS
Linum trigynum L.,Linum trigynum,Plantae,1871,Australia,AUS,2,terrestrial,"introduced (alien, exotic, non-native, nonindigenous); introduced",TRUE,USRIIS; FirstRecords; GRIIS
Linum usitatissimum L.,Linum usitatissimum,Plantae,1238,Turkey,TUR,34,freshwater; terrestrial,"introduced (alien, exotic, non-native, nonindigenous); introduced",TRUE,DAISIE; USRIIS; TrIAS; FirstRecords; GRIIS
"Lipaphis pseudobrassicae (Davis, 1914)",Lipaphis pseudobrassicae,Animalia,1899,United States,USA,2,terrestrial,"introduced (alien, exotic, non-native, nonindigenous); introduced",TRUE,USRIIS; GRIIS
"Liposcelis bostrychophila Badonnel, 1931",Liposcelis bostrychophila,Animalia,1943,France,FRA,6,terrestrial,"introduced (alien, exotic, non-native, nonindigenous); introduced",TRUE,"SINAS, DAISIE; USRIIS; TrIAS; GRIIS"
"Liposcelis brunnea Motschulsky, 1852",Liposcelis brunnea,Animalia,NA,NA,NA,2,terrestrial,introduced,TRUE,TrIAS; GRIIS
"Liposcelis corrodens (Heymons, 1909)",Liposcelis corrodens,Animalia,NA,NA,NA,3,terrestrial,"introduced (alien, exotic, non-native, nonindigenous); introduced",TRUE,USRIIS; GRIIS
"Liposcelis decolor (Pearman, 1925)",Liposcelis decolor,Animalia,NA,NA,NA,2,terrestrial,"introduced (alien, exotic, non-native, nonindigenous); introduced",TRUE,USRIIS; GRIIS
Lippia alba (Mill.) N.E.Br. ex Britton & P.Wilson,Lippia alba,Plantae,1863,Australia,AUS,4,terrestrial,introduced,TRUE,FirstRecords; GRIIS; B.Shrestha_NPL_2026
"Liriomyza bryoniae (Kaltenbach, 1858)",Liriomyza bryoniae,Animalia,1984,China,CHN,2,terrestrial,introduced,TRUE,FirstRecords; GRIIS
"Liriomyza huidobrensis (Blanchard, 1926)",Liriomyza huidobrensis,Animalia,1957,United States,USA,17,terrestrial,"introduced (alien, exotic, non-native, nonindigenous); introduced",TRUE,USRIIS; FirstRecords; GRIIS
"Liriomyza sativae Blanchard, 1938",Liriomyza sativae,Animalia,1980,Norway,NOR,6,terrestrial,"introduced (alien, exotic, non-native, nonindigenous); introduced",TRUE,SINAS; USRIIS; FirstRecords; GRIIS
"Liriomyza trifolii (Burgess, 1880)",Liriomyza trifolii,Animalia,1950,Norway,NOR,12,terrestrial,"introduced (alien, exotic, non-native, nonindigenous); introduced",TRUE,SINAS; USRIIS; FirstRecords; GRIIS
Liriope spicata (Thunb.) Lour.; Liriope spicata Lour.,Liriope spicata,Plantae,NA,NA,NA,2,terrestrial,"introduced (alien, exotic, non-native, nonindigenous); introduced",TRUE,USRIIS; FirstRecords; GRIIS
"Lissachatina fulica (Bowdich, 1822)",Lissachatina fulica,Animalia,1803,Mauritius,MUS,54,terrestrial,"introduced (alien, exotic, non-native, nonindigenous); introduced",TRUE,USRIIS; TrIAS; FirstRecords; GRIIS; Artsdatabanken
"Lissachatina immaculata (Lamarck, 1822)",Lissachatina immaculata,Animalia,NA,NA,NA,1,terrestrial,introduced,TRUE,FirstRecords; GRIIS
"Lissorhoptrus oryzophilus Kuschel, 1952",Lissorhoptrus oryzophilus,Animalia,1976,Japan,JPN,4,terrestrial,introduced,TRUE,FirstRecords; GRIIS
"Lithobates catesbeianus (Shaw, 1802)",Lithobates catesbeianus,Animalia,1898,United States,USA,38,freshwater; terrestrial,introduced: assisted colonization; introduced,TRUE,USRIIS; TrIAS; FirstRecords; GRIIS
"Lithobates grylio (Stejneger, 1901)",Lithobates grylio,Animalia,1987,China,CHN,2,freshwater; terrestrial,introduced,TRUE,FirstRecords; GRIIS
"Lithocharis nigriceps Kraatz, 1859",Lithocharis nigriceps,Animalia,1912,Czech Republic,CZE,9,terrestrial,"introduced (alien, exotic, non-native, nonindigenous); introduced",TRUE,USRIIS; FirstRecords; GRIIS; Artsdatabanken
"Lithoglyphus naticoides (C.Pfeiffer, 1828)",Lithoglyphus naticoides,Animalia,1800,Poland,POL,10,brackish; freshwater,introduced,TRUE,TrIAS; FirstRecords; GRIIS; InstytutOchronyPrzyrody
Litsea glutinosa (Lour.) C.B.Rob.,Litsea glutinosa,Plantae,1902,South Africa,ZAF,4,brackish; freshwater,introduced,TRUE,FirstRecords; GRIIS
Litsea monopetala (Roxb. ex Baker) Pers.,Litsea monopetala,Plantae,NA,NA,NA,3,terrestrial,introduced,TRUE,FirstRecords; GRIIS
Livistona chinensis (Jacq.) R. Br. ex Mart.; Livistona chinensis (Jacq.) R.Br. ex Mart.,Livistona chinensis,Plantae,1912,Australia,AUS,10,terrestrial,"introduced (alien, exotic, non-native, nonindigenous); introduced",TRUE,SINAS; USRIIS; FirstRecords; GRIIS
"Lixus incanescens Boheman, 1836",Lixus incanescens,Animalia,NA,NA,NA,1,terrestrial,introduced,TRUE,FirstRecords; GRIIS
"Liza carinata (Valenciennes, 1836)",Liza carinata,Animalia,NA,NA,NA,1,brackish; freshwater; marine,introduced,TRUE,GRIIS
Lobelia zeylanica L.,Lobelia zeylanica,Plantae,NA,NA,NA,2,terrestrial,introduced,TRUE,FirstRecords; GRIIS
Lobularia maritima (L.) Desv.,Lobularia maritima,Plantae,1500,Austria,AUT,35,freshwater; terrestrial,"introduced (alien, exotic, non-native, nonindigenous); introduced",TRUE,DAISIE; USRIIS; TrIAS; FirstRecords; GRIIS; Artsdatabanken
"Locusta migratoria (Linnaeus, 1758)",Locusta migratoria,Animalia,NA,NA,NA,2,terrestrial,introduced,TRUE,FirstRecords; GRIIS
Logfia gallica (L.) Coss. and Germ.; Logfia gallica (L.) Dumort.,Logfia gallica,Plantae,NA,NA,NA,8,terrestrial,"introduced (alien, exotic, non-native, nonindigenous); introduced",TRUE,USRIIS; FirstRecords; GRIIS
Lolium arundinaceum (Schreb.) Darbysh.,Lolium arundinaceum,Plantae,1932,Canada,CAN,11,freshwater; terrestrial,introduced,TRUE,SINAS; FirstRecords; GRIIS; M.McGeoch_AUS_2025
Lolium multiflorum Lam.,Lolium multiflorum,Plantae,1500,Germany,DEU,45,freshwater; terrestrial,"introduced (alien, exotic, non-native, nonindigenous); introduced",TRUE,DAISIE; USRIIS; TrIAS; FirstRecords; GRIIS; Artsdatabanken; InstytutOchronyPrzyrody
Lolium perenne L.,Lolium perenne,Plantae,1700,China,CHN,32,freshwater; terrestrial,"introduced (alien, exotic, non-native, nonindigenous); introduced",TRUE,USRIIS; FirstRecords; GRIIS
Lolium persicum Boiss. and Hohen.; Lolium persicum Boiss. & Hohen.,Lolium persicum,Plantae,1957,Slovakia,SVK,8,terrestrial,"introduced (alien, exotic, non-native, nonindigenous); introduced",TRUE,SINAS; USRIIS; TrIAS; FirstRecords; GRIIS
Lolium pratense (Huds.) Darbysh.,Lolium pratense,Plantae,NA,NA,NA,2,terrestrial,introduced,TRUE,FirstRecords; GRIIS
Lolium temulentum L.,Lolium temulentum,Plantae,-2200,Czechia,CZE,39,freshwater; terrestrial,"introduced (alien, exotic, non-native, nonindigenous); introduced",TRUE,DAISIE; USRIIS; FirstRecords; GRIIS; B.Shrestha_NPL_2026; InstytutOchronyPrzyrody
Lomatia fraseri R.Br.,Lomatia fraseri,Plantae,NA,NA,NA,1,terrestrial,introduced,TRUE,FirstRecords; GRIIS
"Lonchura atricapilla (Vieillot, 1807)",Lonchura atricapilla,Animalia,1909,Japan,JPN,9,freshwater; terrestrial,"introduced (alien, exotic, non-native, nonindigenous); introduced",TRUE,USRIIS; FirstRecords; GRIIS
"Lonchura castaneothorax (Gould, 1837)",Lonchura castaneothorax,Animalia,1863,New Zealand,NZL,3,terrestrial,introduced,TRUE,SINAS; FirstRecords; GRIIS
"Lonchura malacca (Linnaeus, 1766)",Lonchura malacca,Animalia,1870,Japan,JPN,16,freshwater; terrestrial,"introduced (alien, exotic, non-native, nonindigenous); introduced",TRUE,USRIIS; FirstRecords; GRIIS
"Lonchura punctulata (Linnaeus, 1758)",Lonchura punctulata,Animalia,1710,Mauritius,MUS,16,terrestrial,"introduced (alien, exotic, non-native, nonindigenous); introduced",TRUE,SINAS; USRIIS; TrIAS; FirstRecords; GRIIS
"Lonchura striata (Linnaeus, 1766)",Lonchura striata,Animalia,1985,Japan,JPN,3,terrestrial,introduced,TRUE,TrIAS; FirstRecords; GRIIS
"Longidorus macrosoma Hooper, 1961",Longidorus macrosoma,Animalia,NA,NA,NA,1,terrestrial,introduced,TRUE,GRIIS
Lonicera acuminata Wall.,Lonicera acuminata,Plantae,1975,Norway,NOR,8,terrestrial,introduced,TRUE,"GBIF, SINAS; TrIAS; FirstRecords; GRIIS; Artsdatabanken"
Lonicera caerulea L.,Lonicera caerulea,Plantae,1702,Sweden,SWE,4,terrestrial,introduced,TRUE,FirstRecords; GRIIS; Artsdatabanken
Lonicera caprifolium L.,Lonicera caprifolium,Plantae,1500,United Kingdom,GBR,18,freshwater; terrestrial,"introduced (alien, exotic, non-native, nonindigenous); introduced",TRUE,DAISIE; USRIIS; TrIAS; FirstRecords; GRIIS; Artsdatabanken; InstytutOchronyPrzyrody
Lonicera confusa (Sweet) DC.,Lonicera confusa,Plantae,NA,NA,NA,3,terrestrial,introduced,TRUE,FirstRecords; GRIIS
Lonicera etrusca Santi,Lonicera etrusca,Plantae,NA,NA,NA,5,terrestrial,"introduced (alien, exotic, non-native, nonindigenous); introduced",TRUE,USRIIS; FirstRecords; GRIIS
Lonicera fragrantissima Lindl. and Paxton; Lonicera fragrantissima Lindl. & Paxton,Lonicera fragrantissima,Plantae,1964,Australia,AUS,7,terrestrial,"introduced (alien, exotic, non-native, nonindigenous); introduced",TRUE,USRIIS; FirstRecords; GRIIS
Lonicera involucrata (Richards.) Banks ex Spreng.,Lonicera involucrata,Plantae,1500,United Kingdom,GBR,7,freshwater; terrestrial,introduced,TRUE,DAISIE; TrIAS; FirstRecords; GRIIS; Artsdatabanken
Lonicera japonica Thunb.,Lonicera japonica,Plantae,1500,Switzerland,CHE,52,terrestrial,"introduced (alien, exotic, non-native, nonindigenous); introduced",TRUE,DAISIE; USRIIS; TrIAS; FirstRecords; GRIIS
Lonicera maackii (Rupr.) Herder; Lonicera maackii (Rupr.) Maxim.,Lonicera maackii,Plantae,1901,Slovakia,SVK,9,terrestrial,"introduced (alien, exotic, non-native, nonindigenous); introduced",TRUE,USRIIS; TrIAS; FirstRecords; GRIIS; InstytutOchronyPrzyrody
Lonicera morrowii A. Gray; Lonicera morrowii A.Gray,Lonicera morrowii,Plantae,1925,Poland,POL,6,terrestrial,"introduced (alien, exotic, non-native, nonindigenous); introduced",TRUE,USRIIS; TrIAS; FirstRecords; GRIIS; InstytutOchronyPrzyrody
Lonicera periclymenum L.,Lonicera periclymenum,Plantae,1500,Slovakia,SVK,12,terrestrial,"introduced (alien, exotic, non-native, nonindigenous); introduced",TRUE,DAISIE; USRIIS; FirstRecords; GRIIS
Lonicera ruprechtiana Regel,Lonicera ruprechtiana,Plantae,1883,Estonia,EST,3,freshwater; terrestrial,"introduced (alien, exotic, non-native, nonindigenous); introduced",TRUE,USRIIS; FirstRecords; GRIIS
Lonicera tatarica L.,Lonicera tatarica,Plantae,1500,Germany,DEU,23,freshwater; terrestrial,"introduced (alien, exotic, non-native, nonindigenous); introduced",TRUE,DAISIE; USRIIS; TrIAS; FirstRecords; GRIIS; Artsdatabanken; InstytutOchronyPrzyrody
Lonicera xylosteum L.,Lonicera xylosteum,Plantae,1500,United Kingdom,GBR,5,terrestrial,"introduced (alien, exotic, non-native, nonindigenous); introduced",TRUE,DAISIE; USRIIS; FirstRecords; GRIIS
"Lophiolepis sorocephala (Fisch. & C.A.Mey.) Bures, Del Guacchio, Iamonico & P.Caputo",Lophiolepis sorocephala,Plantae,NA,NA,NA,1,terrestrial,introduced,TRUE,FirstRecords; GRIIS
"Lopholeucaspis japonica (Cockerell, 1897)",Lopholeucaspis japonica,Animalia,1914,United States,USA,2,terrestrial,"introduced (alien, exotic, non-native, nonindigenous); introduced",TRUE,USRIIS; GRIIS
Lophospermum erubescens D. Don; Lophospermum erubescens D.Don ex Sweet,Lophospermum erubescens,Plantae,1843,Australia,AUS,8,terrestrial,"introduced (alien, exotic, non-native, nonindigenous); introduced",TRUE,USRIIS; FirstRecords; GRIIS
Lotus corniculatus L.,Lotus corniculatus,Plantae,1846,Chile,CHL,17,terrestrial,"introduced (alien, exotic, non-native, nonindigenous); introduced",TRUE,USRIIS; FirstRecords; GRIIS
Lotus corniculatus subsp. corniculatus,Lotus corniculatus corniculatus,Plantae,NA,NA,NA,2,terrestrial,introduced,TRUE,FirstRecords; GRIIS
Lotus pedunculatus Cav.,Lotus pedunculatus,Plantae,1867,New Zealand,NZL,9,freshwater; terrestrial,introduced,TRUE,SINAS; FirstRecords; GRIIS; M.McGeoch_AUS_2025; Artsdatabanken
Lotus subbiflorus Lag.,Lotus subbiflorus,Plantae,1810,Australia,AUS,5,terrestrial,"introduced (alien, exotic, non-native, nonindigenous); introduced",TRUE,USRIIS; FirstRecords; GRIIS; Artsdatabanken
Lotus tenuis Waldst. and Kit. ex Willd.; Lotus tenuis Waldst. & Kit. ex Willd.,Lotus tenuis,Plantae,1866,Norway,NOR,7,terrestrial,"introduced (alien, exotic, non-native, nonindigenous); introduced",TRUE,SINAS; USRIIS; FirstRecords; GRIIS; Artsdatabanken
"Loxosceles laeta (Nicolet, 1849)",Loxosceles laeta,Animalia,1898,United States,USA,2,terrestrial,"introduced (alien, exotic, non-native, nonindigenous); introduced",TRUE,USRIIS; FirstRecords; GRIIS
"Loxosceles reclusa Gertsch & Mulaik, 1940",Loxosceles reclusa,Animalia,NA,NA,NA,1,terrestrial,introduced,TRUE,FirstRecords; GRIIS
"Lucilia cuprina Wiedemann, 1830",Lucilia cuprina,Animalia,NA,NA,NA,1,terrestrial,"introduced (alien, exotic, non-native, nonindigenous)",TRUE,USRIIS
"Lucilia sericata (Meigen, 1826)",Lucilia sericata,Animalia,1872,New Zealand,NZL,4,terrestrial,"introduced (alien, exotic, non-native, nonindigenous); introduced",TRUE,SINAS; USRIIS; FirstRecords; GRIIS
"Lucilla scintilla (R.T.Lowe, 1852)",Lucilla scintilla,Animalia,1976,Italy,ITA,2,terrestrial,introduced,TRUE,FirstRecords; GRIIS
"Lucilla singleyana (Pilsbry, 1889)",Lucilla singleyana,Animalia,1950,Poland,POL,7,terrestrial,introduced,TRUE,FirstRecords; GRIIS; InstytutOchronyPrzyrody
Ludwigia adscendens (L.) H.Hara,Ludwigia adscendens,Plantae,NA,NA,NA,7,freshwater; terrestrial,introduced,TRUE,FirstRecords; GRIIS
Ludwigia erecta (L.) H.Hara,Ludwigia erecta,Plantae,1896,Democratic Republic of the Congo,COD,7,freshwater; terrestrial,introduced,TRUE,FirstRecords; GRIIS
Ludwigia grandiflora (Michx.) Greuter and Burdet; Ludwigia grandiflora (Michx.) Greuter & Burdet,Ludwigia grandiflora,Plantae,1500,Switzerland,CHE,12,freshwater; terrestrial,"introduced (alien, exotic, non-native, nonindigenous); introduced",TRUE,DAISIE; USRIIS; TrIAS; FirstRecords; GRIIS
Ludwigia hyssopifolia (G.Don) Exell,Ludwigia hyssopifolia,Plantae,1905,Japan,JPN,16,freshwater; terrestrial,introduced,TRUE,FirstRecords; GRIIS
Ludwigia × kentiana E.J.Clement,Ludwigia kentiana,Plantae,NA,NA,NA,1,freshwater; terrestrial,introduced,TRUE,FirstRecords; GRIIS
Ludwigia leptocarpa (Nutt.) H.Hara,Ludwigia leptocarpa,Plantae,NA,NA,NA,4,freshwater; terrestrial,introduced,TRUE,FirstRecords; GRIIS
Ludwigia octovalvis (Jacq.) P.H.Raven,Ludwigia octovalvis,Plantae,1898,Madagascar,MDG,28,freshwater; terrestrial,introduced,TRUE,FirstRecords; GRIIS
Ludwigia palustris (L.) Elliott,Ludwigia palustris,Plantae,1933,New Zealand,NZL,5,freshwater; terrestrial,"introduced (alien, exotic, non-native, nonindigenous); introduced",TRUE,SINAS; USRIIS; FirstRecords; GRIIS
Ludwigia peploides (Kunth) P.H.Raven,Ludwigia peploides,Plantae,1500,Italy,ITA,11,freshwater; terrestrial,introduced,TRUE,DAISIE; TrIAS; FirstRecords; GRIIS
Ludwigia peploides subsp. montevidensis (Spreng.) P.H.Raven,Ludwigia peploides montevidensis,Plantae,NA,NA,NA,4,freshwater; terrestrial,introduced,TRUE,TrIAS; FirstRecords; GRIIS
Ludwigia peruviana (L.) H. Hara; Ludwigia peruviana (L.) H.Hara,Ludwigia peruviana,Plantae,1894,United States,USA,12,freshwater; terrestrial,"introduced (alien, exotic, non-native, nonindigenous); introduced",TRUE,USRIIS; FirstRecords; GRIIS
Ludwigia repens J.R.Forst.,Ludwigia repens,Plantae,1950,Austria,AUT,3,freshwater; terrestrial,introduced,TRUE,FirstRecords; GRIIS
Luffa acutangula (L.) Roxb.,Luffa acutangula,Plantae,NA,NA,NA,10,terrestrial,"introduced (alien, exotic, non-native, nonindigenous); introduced",TRUE,USRIIS; FirstRecords; GRIIS
Luffa aegyptiaca Mill.,Luffa aegyptiaca,Plantae,NA,NA,NA,38,terrestrial,"introduced (alien, exotic, non-native, nonindigenous); introduced",TRUE,USRIIS; FirstRecords; GRIIS
Luma apiculata (DC.) Burret,Luma apiculata,Plantae,1888,Australia,AUS,4,terrestrial,introduced,TRUE,SINAS; FirstRecords; GRIIS
"Lumbricus rubellus Hoffmeister, 1843",Lumbricus rubellus,Animalia,1910,United States,USA,10,terrestrial,"introduced (alien, exotic, non-native, nonindigenous); introduced",TRUE,USRIIS; FirstRecords; GRIIS
"Lumbricus terrestris Linnaeus, 1758",Lumbricus terrestris,Animalia,1876,United States,USA,2,terrestrial,"introduced (alien, exotic, non-native, nonindigenous); introduced",TRUE,USRIIS; FirstRecords; GRIIS
Lunaria annua L.,Lunaria annua,Plantae,1500,Switzerland,CHE,24,freshwater; terrestrial,"introduced (alien, exotic, non-native, nonindigenous); introduced",TRUE,DAISIE; USRIIS; TrIAS; FirstRecords; GRIIS; Artsdatabanken
Lunularia cruciata (L.) Dumort. ex Lindb.,Lunularia cruciata,Plantae,1838,Chile,CHL,10,freshwater; terrestrial,"introduced (alien, exotic, non-native, nonindigenous); introduced",TRUE,SINAS; USRIIS; FirstRecords; GRIIS; InstytutOchronyPrzyrody
Lupinus albus L.,Lupinus albus,Plantae,1500,Bulgaria,BGR,13,terrestrial,"introduced (alien, exotic, non-native, nonindigenous); introduced",TRUE,DAISIE; USRIIS; TrIAS; FirstRecords; GRIIS
Lupinus angustifolius L.,Lupinus angustifolius,Plantae,1500,Austria,AUT,15,terrestrial,"introduced (alien, exotic, non-native, nonindigenous); introduced",TRUE,DAISIE; USRIIS; TrIAS; FirstRecords; GRIIS
Lupinus arboreus Sims,Lupinus arboreus,Plantae,1500,United Kingdom,GBR,8,terrestrial,"introduced (alien, exotic, non-native, nonindigenous); introduced",TRUE,DAISIE; USRIIS; FirstRecords; GRIIS
Lupinus nootkatensis Donn ex Sims,Lupinus nootkatensis,Plantae,1500,United Kingdom,GBR,5,terrestrial,introduced,TRUE,DAISIE; FirstRecords; GRIIS; Artsdatabanken
Lupinus perennis L.,Lupinus perennis,Plantae,1500,Slovakia,SVK,5,terrestrial,introduced,TRUE,DAISIE; FirstRecords; GRIIS; Artsdatabanken
Lupinus polyphyllus Lindl.,Lupinus polyphyllus,Plantae,1500,Switzerland,CHE,33,freshwater; terrestrial,introduced,TRUE,DAISIE; TrIAS; FirstRecords; GRIIS; Artsdatabanken; InstytutOchronyPrzyrody
"Lutzomyia longipalpis (Lutz & Neiva, 1912)",Lutzomyia longipalpis,Animalia,NA,NA,NA,1,terrestrial,introduced,TRUE,FirstRecords; GRIIS
"Lutzomyia verrucarum Townsend, 1913",Lutzomyia verrucarum,Animalia,2004,Peru,PER,1,terrestrial,introduced,TRUE,FirstRecords; GRIIS
Luzula campestris (L.) DC.,Luzula campestris,Plantae,1884,Australia,AUS,5,freshwater; terrestrial,"introduced (alien, exotic, non-native, nonindigenous); introduced",TRUE,USRIIS; FirstRecords; GRIIS
Luzula luzuloides (Lam.) Dandy and Wilmott; Luzula luzuloides (Lam.) Dandy & Wilmott,Luzula luzuloides,Plantae,1500,United Kingdom,GBR,11,freshwater; terrestrial,"introduced (alien, exotic, non-native, nonindigenous); introduced",TRUE,DAISIE; USRIIS; FirstRecords; GRIIS; Artsdatabanken; InstytutOchronyPrzyrody
Lycium barbarum L.,Lycium barbarum,Plantae,1500,Bulgaria,BGR,38,freshwater; terrestrial,"introduced (alien, exotic, non-native, nonindigenous); introduced",TRUE,DAISIE; USRIIS; TrIAS; FirstRecords; GRIIS; Artsdatabanken; InstytutOchronyPrzyrody
Lycium ferocissimum Miers,Lycium ferocissimum,Plantae,1770,Australia,AUS,6,terrestrial,"introduced (alien, exotic, non-native, nonindigenous); introduced",TRUE,USRIIS; FirstRecords; GRIIS
"Lycodon aulicus (Linnaeus, 1758)",Lycodon aulicus,Animalia,NA,NA,NA,1,terrestrial,introduced,TRUE,FirstRecords; GRIIS
Lycopsis arvensis L.,Lycopsis arvensis,Plantae,1629,United Kingdom,GBR,20,terrestrial,introduced,TRUE,FirstRecords; GRIIS
Lycopus europaeus L.,Lycopus europaeus,Plantae,1860,United States,USA,4,freshwater; brackish; terrestrial,"introduced (alien, exotic, non-native, nonindigenous); introduced",TRUE,USRIIS; FirstRecords; GRIIS
"Lyctus brunneus (Stephens, 1830)",Lyctus brunneus,Animalia,1850,France,FRA,9,brackish; freshwater,"introduced (alien, exotic, non-native, nonindigenous); introduced",TRUE,"SINAS, DAISIE; USRIIS; FirstRecords; GRIIS"
"Lyctus linearis (Goeze, 1777)",Lyctus linearis,Animalia,1896,United States,USA,2,terrestrial,"introduced (alien, exotic, non-native, nonindigenous); introduced",TRUE,USRIIS; FirstRecords; GRIIS
Lygodium japonicum (Thunb.) Sw.,Lygodium japonicum,Plantae,1770,Australia,AUS,7,terrestrial,"introduced (alien, exotic, non-native, nonindigenous); introduced",TRUE,USRIIS; FirstRecords; GRIIS
Lygodium microphyllum (Cav.) R. Br.; Lygodium microphyllum (Cav.) R.Br.,Lygodium microphyllum,Plantae,1966,United States,USA,6,terrestrial,"introduced (alien, exotic, non-native, nonindigenous); introduced",TRUE,USRIIS; FirstRecords; GRIIS
"Lymantria dispar (Linnaeus, 1758); Lymantria dispar Linnaeus, 1758",Lymantria dispar,Animalia,1869,United States,USA,11,terrestrial,"introduced (alien, exotic, non-native, nonindigenous); introduced",TRUE,USRIIS; FirstRecords; GRIIS
Lysichiton americanus Hultén & H.St.John,Lysichiton americanus,Plantae,1500,United Kingdom,GBR,11,freshwater; terrestrial,introduced,TRUE,DAISIE; TrIAS; FirstRecords; GRIIS; Artsdatabanken; InstytutOchronyPrzyrody
Lysichiton camtschatcensis (L.) Schott,Lysichiton camtschatcensis,Plantae,1500,United Kingdom,GBR,3,freshwater; terrestrial,introduced,TRUE,DAISIE; FirstRecords; GRIIS
Lysiloma latisiliquum (L.) Benth.,Lysiloma latisiliquum,Plantae,NA,NA,NA,1,terrestrial,introduced,TRUE,FirstRecords; GRIIS
Lysimachia arvensis (L.) U.Manns and Anderb.; Lysimachia arvensis (L.) U.Manns & Anderb.,Lysimachia arvensis,Plantae,1500,Poland,POL,39,terrestrial,"introduced (alien, exotic, non-native, nonindigenous); introduced",TRUE,USRIIS; FirstRecords; GRIIS; InstytutOchronyPrzyrody
Lysimachia foemina (Mill.) U.Manns & Anderb.,Lysimachia foemina,Plantae,NA,NA,NA,8,terrestrial,introduced,TRUE,FirstRecords; GRIIS
Lysimachia japonica Thunb.,Lysimachia japonica,Plantae,1881,Australia,AUS,4,terrestrial,"introduced (alien, exotic, non-native, nonindigenous); introduced",TRUE,USRIIS; FirstRecords; GRIIS
Lysimachia minima (L.) U.Manns & Anderb.,Lysimachia minima,Plantae,NA,NA,NA,3,terrestrial,introduced,TRUE,FirstRecords; GRIIS
Lysimachia nummularia L.,Lysimachia nummularia,Plantae,1685,Sweden,SWE,7,brackish; freshwater; terrestrial,"introduced (alien, exotic, non-native, nonindigenous); introduced",TRUE,USRIIS; FirstRecords; GRIIS; Artsdatabanken
Lysimachia punctata L.,Lysimachia punctata,Plantae,1500,Germany,DEU,15,terrestrial,"introduced (alien, exotic, non-native, nonindigenous); introduced",TRUE,DAISIE; USRIIS; TrIAS; FirstRecords; GRIIS; Artsdatabanken; InstytutOchronyPrzyrody
Lysimachia vulgaris L.,Lysimachia vulgaris,Plantae,1822,United States,USA,4,brackish; freshwater; terrestrial,"introduced (alien, exotic, non-native, nonindigenous); introduced",TRUE,USRIIS; FirstRecords; GRIIS
Lythrum L.,Lythrum,Plantae,NA,NA,NA,3,freshwater; terrestrial,introduced,TRUE,GRIIS
Lythrum hyssopifolia L.,Lythrum hyssopifolia,Plantae,1633,United Kingdom,GBR,8,freshwater; terrestrial,"introduced (alien, exotic, non-native, nonindigenous); introduced",TRUE,USRIIS; FirstRecords; GRIIS
Lythrum salicaria L.,Lythrum salicaria,Plantae,1814,Canada,CAN,9,brackish; freshwater; terrestrial,"introduced (alien, exotic, non-native, nonindigenous); introduced",TRUE,USRIIS; FirstRecords; GRIIS
Lythrum virgatum L.,Lythrum virgatum,Plantae,1819,Ireland,IRL,6,freshwater; terrestrial,"introduced (alien, exotic, non-native, nonindigenous); introduced",TRUE,USRIIS; TrIAS; FirstRecords; GRIIS; Artsdatabanken
"Lytta vesicatoria (Linnaeus, 1758)",Lytta vesicatoria,Animalia,NA,NA,NA,1,terrestrial,introduced,TRUE,FirstRecords; GRIIS
"Mabuya multifasciata (Kuhl, 1820)",Mabuya multifasciata,Animalia,1994,United States,USA,1,terrestrial,"introduced (alien, exotic, non-native, nonindigenous)",TRUE,USRIIS
"Macaca arctoides (I.Geoffroy Saint-Hilaire, 1831)",Macaca arctoides,Animalia,1974,Mexico,MEX,2,terrestrial,introduced,TRUE,SINAS; FirstRecords; GRIIS
"Macaca cyclopis (Swinhoe, 1863)",Macaca cyclopis,Animalia,1940,Japan,JPN,1,terrestrial,introduced,TRUE,FirstRecords; GRIIS
"Macaca fascicularis (Raffles, 1821)",Macaca fascicularis,Animalia,1530,Mauritius,MUS,8,terrestrial,introduced,TRUE,FirstRecords; GRIIS
"Macaca mulatta (Zimmermann, 1780)",Macaca mulatta,Animalia,1912,Germany,DEU,6,terrestrial,"introduced (alien, exotic, non-native, nonindigenous); introduced",TRUE,"SINAS, DAISIE; USRIIS; FirstRecords; GRIIS"
"Macaca nemestrina (Linnaeus, 1766)",Macaca nemestrina,Animalia,1931,Singapore,SGP,2,terrestrial,introduced,TRUE,SINAS; FirstRecords; GRIIS
Maclura pomifera (Raf. ex Sarg.) C.K.Schneid.,Maclura pomifera,Plantae,1500,Italy,ITA,17,terrestrial,introduced,TRUE,DAISIE; FirstRecords; GRIIS
"Maconellicoccus hirsutus (Green, 1908)",Maconellicoccus hirsutus,Animalia,1920,Egypt,EGY,4,terrestrial,"introduced (alien, exotic, non-native, nonindigenous); introduced",TRUE,CABI; USRIIS; GRIIS
"Macrobrachium amazonicum (Heller, 1862)",Macrobrachium amazonicum,Animalia,NA,NA,NA,2,freshwater,introduced,TRUE,FirstRecords; GRIIS
"Macrobrachium rosenbergii (De Man, 1879)",Macrobrachium rosenbergii,Animalia,1955,Vanuatu,VUT,29,brackish; freshwater,"introduced (alien, exotic, non-native, nonindigenous); introduced",TRUE,SINAS; USRIIS; FirstRecords; GRIIS
"Macrochelys temminckii Troost, 1835",Macrochelys temminckii,Animalia,2000,Germany,DEU,8,freshwater; terrestrial,introduced,TRUE,FirstRecords; GRIIS
"Macrochlamys indica Godwin-Austen, 1883",Macrochlamys indica,Animalia,2020,United States,USA,2,terrestrial,"introduced (alien, exotic, non-native, nonindigenous); introduced",TRUE,USRIIS; FirstRecords; GRIIS
"Macrognathus siamensis (Gunther, 1861); Macrognathus siamensis (Günther, 1861)",Macrognathus siamensis,Animalia,2002,United States,USA,2,freshwater,"introduced (alien, exotic, non-native, nonindigenous); introduced",TRUE,USRIIS; FirstRecords; GRIIS
"Macrohomotoma gladiata Kuwayama, 1908",Macrohomotoma gladiata,Animalia,2009,Spain,ESP,2,terrestrial,"introduced (alien, exotic, non-native, nonindigenous)",TRUE,"SINAS, DAISIE; USRIIS"
Macroptilium atropurpureum (DC.) Urb.,Macroptilium atropurpureum,Plantae,1960,Australia,AUS,31,terrestrial,"introduced (alien, exotic, non-native, nonindigenous); introduced",TRUE,USRIIS; FirstRecords; GRIIS
Macroptilium lathyroides (L.) Urb.,Macroptilium lathyroides,Plantae,1834,India,IND,24,terrestrial,"introduced (alien, exotic, non-native, nonindigenous); introduced",TRUE,USRIIS; FirstRecords; GRIIS
"Macropus rufogriseus (Desmarest, 1817)",Macropus rufogriseus,Animalia,1850,United Kingdom,GBR,6,terrestrial,introduced,TRUE,FirstRecords; GRIIS; InstytutOchronyPrzyrody
"Macrosaccus robiniella (Clemens, 1859)",Macrosaccus robiniella,Animalia,1960,Poland,POL,11,terrestrial,introduced,TRUE,DAISIE; TrIAS; FirstRecords; GRIIS; InstytutOchronyPrzyrody
"Macrosiphoniella sanborni (Gillette, 1908)",Macrosiphoniella sanborni,Animalia,1891,United States,USA,2,terrestrial,"introduced (alien, exotic, non-native, nonindigenous); introduced",TRUE,USRIIS; GRIIS
"Macrosiphum albifrons Essig, 1911",Macrosiphum albifrons,Animalia,NA,NA,NA,2,terrestrial,introduced,TRUE,GRIIS
"Macrosiphum euphorbiae (Thomas, 1878)",Macrosiphum euphorbiae,Animalia,1801,Germany,DEU,6,terrestrial,"introduced (alien, exotic, non-native, nonindigenous); introduced",TRUE,"SINAS, DAISIE; USRIIS; GRIIS; Artsdatabanken"
Macrothelypteris torresiana (Gaudich.) Ching,Macrothelypteris torresiana,Plantae,1828,Trinidad & Tobago,TTO,11,terrestrial,"introduced (alien, exotic, non-native, nonindigenous); introduced",TRUE,SINAS; USRIIS; FirstRecords; GRIIS
Maerua subcordata (Gilg) De Wolf,Maerua subcordata,Plantae,NA,NA,NA,1,terrestrial,introduced,TRUE,FirstRecords; GRIIS
Maesopsis eminii Engl.,Maesopsis eminii,Plantae,1920,Indonesia,IDN,8,terrestrial,introduced,TRUE,FirstRecords; GRIIS
"Magallana gigas (Thunberg, 1793)",Magallana gigas,Animalia,1866,France,FRA,4,freshwater; terrestrial,introduced,TRUE,SINAS; FirstRecords; GRIIS
Magnolia champaca (L.) Baill. ex Pierre,Magnolia champaca,Plantae,1984,Madagascar,MDG,5,terrestrial,introduced,TRUE,FirstRecords; GRIIS
Mahonia aquifolium (Pursh) Nutt.; Berberis aquifolium Pursh,Mahonia aquifolium,Plantae,1500,Bulgaria,BGR,25,freshwater; terrestrial,introduced,TRUE,DAISIE; TrIAS; FirstRecords; GRIIS; Artsdatabanken; InstytutOchronyPrzyrody
Mahonia japonica (Thunb.) DC.,Mahonia japonica,Plantae,NA,NA,NA,2,terrestrial,introduced,TRUE,FirstRecords; GRIIS
Maireana brevifolia (R.Br.) Paul G.Wilson,Maireana brevifolia,Plantae,1993,Spain,ESP,4,terrestrial,introduced,TRUE,FirstRecords; GRIIS
"Malachius aeneus (Linnaeus, 1761)",Malachius aeneus,Animalia,1847,United States,USA,1,terrestrial,"introduced (alien, exotic, non-native, nonindigenous)",TRUE,USRIIS
Malachra alceifolia Jacq.,Malachra alceifolia,Plantae,1940,United States,USA,4,terrestrial,"introduced (alien, exotic, non-native, nonindigenous); introduced",TRUE,USRIIS; FirstRecords; GRIIS
Malachra capitata (L.) L.,Malachra capitata,Plantae,1945,India,IND,8,terrestrial,introduced,TRUE,FirstRecords; GRIIS; B.Shrestha_NPL_2026
Malachra fasciata Jacq.,Malachra fasciata,Plantae,1841,Philippines,PHL,3,terrestrial,introduced,TRUE,FirstRecords; GRIIS
"Maladera formosae (Brenske, 1898)",Maladera formosae,Animalia,1921,United States,USA,1,terrestrial,"introduced (alien, exotic, non-native, nonindigenous)",TRUE,USRIIS
"Malayopython reticulatus (Schneider, 1801)",Malayopython reticulatus,Animalia,NA,NA,NA,5,freshwater; terrestrial,introduced,TRUE,FirstRecords; GRIIS
Malephora crocea (Jacq.) Schwantes,Malephora crocea,Plantae,1926,Australia,AUS,5,freshwater; terrestrial,"introduced (alien, exotic, non-native, nonindigenous); introduced",TRUE,USRIIS; FirstRecords; GRIIS
Malephora lutea (Haw.) Schwantes,Malephora lutea,Plantae,NA,NA,NA,2,terrestrial,introduced,TRUE,FirstRecords; GRIIS
Malephora purpureocrocea (Haw.) Schwantes,Malephora purpureocrocea,Plantae,NA,NA,NA,1,terrestrial,introduced,TRUE,FirstRecords; GRIIS
Malus baccata (L.) Borkh.,Malus baccata,Plantae,1500,Ukraine,UKR,11,terrestrial,"introduced (alien, exotic, non-native, nonindigenous); introduced",TRUE,DAISIE; USRIIS; TrIAS; FirstRecords; GRIIS; Artsdatabanken
Malus domestica (Suckow) Borkh.,Malus domestica,Plantae,1500,Switzerland,CHE,34,terrestrial,introduced,TRUE,DAISIE; TrIAS; FirstRecords; GRIIS; Artsdatabanken; InstytutOchronyPrzyrody
Malus floribunda Siebold ex Van Houtte; Malus × floribunda Siebold ex Van Houtte,Malus floribunda,Plantae,NA,NA,NA,3,terrestrial,"introduced (alien, exotic, non-native, nonindigenous); introduced",TRUE,USRIIS; FirstRecords; GRIIS
Malus prunifolia (Willd.) Borkh.,Malus prunifolia,Plantae,1963,Denmark,DNK,5,terrestrial,"introduced (alien, exotic, non-native, nonindigenous); introduced",TRUE,USRIIS; FirstRecords; GRIIS
Malus sylvestris Mill.,Malus sylvestris,Plantae,1500,Ukraine,UKR,5,terrestrial,introduced,TRUE,DAISIE; FirstRecords; GRIIS
Malus toringo (Siebold) de Vriese,Malus toringo,Plantae,1841,Norway,NOR,8,terrestrial,introduced,TRUE,SINAS; TrIAS; FirstRecords; GRIIS; Artsdatabanken
Malva alcea L.,Malva alcea,Plantae,1500,Poland,POL,9,freshwater; terrestrial,"introduced (alien, exotic, non-native, nonindigenous); introduced",TRUE,USRIIS; FirstRecords; GRIIS; Artsdatabanken; InstytutOchronyPrzyrody
Malva arborea (L.) Webb and Berthel.; Malva arborea (L.) Webb & Berthel.,Malva arborea,Plantae,1810,Australia,AUS,10,terrestrial,"introduced (alien, exotic, non-native, nonindigenous); introduced",TRUE,USRIIS; TrIAS; FirstRecords; GRIIS
Malva moschata L.,Malva moschata,Plantae,1500,Slovakia,SVK,19,freshwater; terrestrial,"introduced (alien, exotic, non-native, nonindigenous); introduced",TRUE,DAISIE; USRIIS; FirstRecords; GRIIS; InstytutOchronyPrzyrody
Malva neglecta Wallr.,Malva neglecta,Plantae,-750,Czechia,CZE,24,freshwater; terrestrial,"introduced (alien, exotic, non-native, nonindigenous); introduced",TRUE,DAISIE; USRIIS; FirstRecords; GRIIS; B.Shrestha_NPL_2026; InstytutOchronyPrzyrody
Malva nicaeensis All.,Malva nicaeensis,Plantae,1500,United Kingdom,GBR,9,terrestrial,"introduced (alien, exotic, non-native, nonindigenous); introduced",TRUE,DAISIE; USRIIS; TrIAS; FirstRecords; GRIIS
Malva parviflora L.,Malva parviflora,Plantae,1500,United Kingdom,GBR,24,freshwater; terrestrial,"introduced (alien, exotic, non-native, nonindigenous); introduced",TRUE,DAISIE; USRIIS; TrIAS; FirstRecords; GRIIS
Malva pusilla Sm.,Malva pusilla,Plantae,-5300,Czechia,CZE,22,freshwater; terrestrial,"introduced (alien, exotic, non-native, nonindigenous); introduced",TRUE,DAISIE; USRIIS; TrIAS; FirstRecords; GRIIS; Artsdatabanken; InstytutOchronyPrzyrody
Malva sylvestris L.,Malva sylvestris,Plantae,1500,Poland,POL,28,freshwater; terrestrial,"introduced (alien, exotic, non-native, nonindigenous); introduced",TRUE,USRIIS; FirstRecords; GRIIS; InstytutOchronyPrzyrody
Malva verticillata L.,Malva verticillata,Plantae,1500,Poland,POL,33,freshwater; terrestrial,"introduced (alien, exotic, non-native, nonindigenous); introduced",TRUE,USRIIS; TrIAS; FirstRecords; GRIIS; InstytutOchronyPrzyrody
Malvastrum coromandelianum (L.) Garcke,Malvastrum coromandelianum,Plantae,1838,Philippines,PHL,43,terrestrial,"introduced (alien, exotic, non-native, nonindigenous); introduced",TRUE,SINAS; USRIIS; TrIAS; FirstRecords; GRIIS; B.Shrestha_NPL_2026
Malvaviscus penduliflorus DC.; Malvaviscus penduliflorus Moc. & Sessé ex DC.,Malvaviscus penduliflorus,Plantae,1929,United States,USA,10,terrestrial,"introduced (alien, exotic, non-native, nonindigenous); introduced",TRUE,USRIIS; FirstRecords; GRIIS
Mammea americana L.,Mammea americana,Plantae,NA,NA,NA,5,terrestrial,introduced,TRUE,FirstRecords; GRIIS
Mangifera indica L.,Mangifera indica,Plantae,1779,Indonesia,IDN,54,terrestrial,"introduced (alien, exotic, non-native, nonindigenous); introduced",TRUE,SINAS; USRIIS; FirstRecords; GRIIS
Manihot carthagenensis (Jacq.) Müll.Arg.,Manihot carthagenensis,Plantae,NA,NA,NA,5,terrestrial,introduced,TRUE,FirstRecords; GRIIS
Manihot esculenta Crantz,Manihot esculenta,Plantae,1612,Nigeria,NGA,24,terrestrial,"introduced (alien, exotic, non-native, nonindigenous); introduced",TRUE,SINAS; USRIIS; FirstRecords; GRIIS
Manihot grahamii Hook.,Manihot grahamii,Plantae,1933,Australia,AUS,5,terrestrial,"introduced (alien, exotic, non-native, nonindigenous); introduced",TRUE,USRIIS; TrIAS; FirstRecords; GRIIS
Manilkara zapota (L.) P. Royen; Manilkara zapota (L.) P.Royen,Manilkara zapota,Plantae,NA,NA,NA,14,terrestrial,"introduced (alien, exotic, non-native, nonindigenous); introduced",TRUE,USRIIS; FirstRecords; GRIIS
"Maranta lietzei hort. ex Petersen, 1890",Maranta lietzei,Plantae,NA,NA,NA,1,terrestrial,introduced,TRUE,FirstRecords; GRIIS
"Marenzelleria arctia (Chamberlin, 1920)",Marenzelleria arctia,Animalia,NA,NA,NA,1,terrestrial,introduced,TRUE,GRIIS
"Marenzelleria neglecta Sikorski & Bick, 2004",Marenzelleria neglecta,Animalia,1982,United Kingdom,GBR,5,freshwater; marine; terrestrial,introduced,TRUE,DAISIE; TrIAS; FirstRecords; GRIIS
"Marenzelleria viridis (Verrill, 1873)",Marenzelleria viridis,Animalia,1982,United Kingdom,GBR,5,freshwater; marine; terrestrial,introduced,TRUE,SINAS; TrIAS; GRIIS; FirstRecords
"Marisa cornuarietis (Linnaeus, 1758)",Marisa cornuarietis,Animalia,1957,United States,USA,3,freshwater,"introduced (alien, exotic, non-native, nonindigenous); introduced",TRUE,USRIIS; FirstRecords; GRIIS
Markhamia lutea (Benth.) K. Schum.; Markhamia lutea (Benth.) K.Schum.,Markhamia lutea,Plantae,1958,United States,USA,2,terrestrial,"introduced (alien, exotic, non-native, nonindigenous); introduced",TRUE,USRIIS; FirstRecords; GRIIS
Marrubium vulgare L.,Marrubium vulgare,Plantae,550,Czechia,CZE,21,freshwater; terrestrial,"introduced (alien, exotic, non-native, nonindigenous); introduced",TRUE,DAISIE; USRIIS; FirstRecords; GRIIS; InstytutOchronyPrzyrody
Marsilea crenata C.Presl,Marsilea crenata,Plantae,NA,NA,NA,1,freshwater; terrestrial,introduced,TRUE,FirstRecords; GRIIS
Marsilea minuta L.,Marsilea minuta,Plantae,1992,Bhutan,BTN,6,freshwater; terrestrial,"introduced (alien, exotic, non-native, nonindigenous); introduced",TRUE,USRIIS; FirstRecords; GRIIS
Marsilea quadrifolia L.,Marsilea quadrifolia,Plantae,1860,United States,USA,6,freshwater; brackish; terrestrial,"introduced (alien, exotic, non-native, nonindigenous); introduced",TRUE,USRIIS; FirstRecords; GRIIS; InstytutOchronyPrzyrody
"Martes melampus melampus (Wagner, 1840)",Martes melampus melampus,Animalia,1939,Japan,JPN,1,brackish; freshwater,introduced,TRUE,FirstRecords; GRIIS
Martynia annua L.,Martynia annua,Plantae,1802,India,IND,13,terrestrial,introduced,TRUE,FirstRecords; GRIIS
"Maruca vitrata (Fabricius, 1787)",Maruca vitrata,Animalia,1981,United States,USA,2,terrestrial,"introduced (alien, exotic, non-native, nonindigenous); introduced",TRUE,USRIIS; FirstRecords; GRIIS
"Massilieurodes chittendeni (Laing, 1928)",Massilieurodes chittendeni,Animalia,NA,NA,NA,4,terrestrial,"introduced (alien, exotic, non-native, nonindigenous); introduced",TRUE,USRIIS; GRIIS; Artsdatabanken
Matourea azurea (Linden) Colletta and V.C.Souza; Matourea azurea (Linden) Colletta & V.C.Souza,Matourea azurea,Plantae,NA,NA,NA,5,terrestrial,"introduced (alien, exotic, non-native, nonindigenous); introduced",TRUE,USRIIS; FirstRecords; GRIIS
Matricaria chamomilla L.,Matricaria chamomilla,Plantae,1500,Poland,POL,29,freshwater; terrestrial,"introduced (alien, exotic, non-native, nonindigenous); introduced",TRUE,USRIIS; TrIAS; FirstRecords; GRIIS; InstytutOchronyPrzyrody
Matricaria discoidea DC.,Matricaria discoidea,Plantae,1500,Bulgaria,BGR,46,freshwater; terrestrial,"introduced (alien, exotic, non-native, nonindigenous); introduced",TRUE,DAISIE; USRIIS; TrIAS; FirstRecords; GRIIS; M.McGeoch_AUS_2025; Artsdatabanken; InstytutOchronyPrzyrody
"Matsucoccus feytaudi Ducasse, 1941",Matsucoccus feytaudi,Animalia,NA,NA,NA,1,terrestrial,introduced,TRUE,GRIIS
"Mauremys mutica kami Yasukawa, Ota & Iverson, 1996",Mauremys mutica kami,Animalia,NA,NA,NA,1,freshwater; terrestrial,introduced,TRUE,FirstRecords; GRIIS
"Mauremys mutica mutica Cantor, 1842",Mauremys mutica mutica,Animalia,NA,NA,NA,1,freshwater; terrestrial,introduced,TRUE,FirstRecords; GRIIS
"Mauremys reevesii (Gray, 1831)",Mauremys reevesii,Animalia,1996,Germany,DEU,4,freshwater; terrestrial,introduced,TRUE,TrIAS; FirstRecords; GRIIS
"Mayaheros urophthalmus (Günther, 1862)",Mayaheros urophthalmus,Animalia,NA,NA,NA,1,brackish; freshwater,introduced,TRUE,FirstRecords; GRIIS
"Mayetiola destructor (Say, 1817)",Mayetiola destructor,Animalia,1779,United States,USA,2,terrestrial,"introduced (alien, exotic, non-native, nonindigenous); introduced",TRUE,USRIIS; FirstRecords; GRIIS
Maytenus boaria Molina,Maytenus boaria,Plantae,1975,New Zealand,NZL,2,terrestrial,"introduced (alien, exotic, non-native, nonindigenous); introduced",TRUE,USRIIS; FirstRecords; GRIIS
Mazus pumilus (Burm. f.) Steenis; Mazus pumilus (Burm.fil.) Steenis,Mazus pumilus,Plantae,1975,Austria,AUT,9,terrestrial,"introduced (alien, exotic, non-native, nonindigenous); introduced",TRUE,SINAS; USRIIS; TrIAS; FirstRecords; GRIIS
Mecardonia procumbens (Mill.) Small,Mecardonia procumbens,Plantae,1898,India,IND,15,terrestrial,introduced,TRUE,FirstRecords; GRIIS; B.Shrestha_NPL_2026
Medicago arabica (L.) Huds.,Medicago arabica,Plantae,1500,Austria,AUT,18,freshwater; terrestrial,"introduced (alien, exotic, non-native, nonindigenous); introduced",TRUE,DAISIE; USRIIS; FirstRecords; GRIIS
Medicago arborea L.,Medicago arborea,Plantae,1880,Ireland,IRL,8,terrestrial,introduced,TRUE,SINAS; FirstRecords; GRIIS
Medicago lupulina L.,Medicago lupulina,Plantae,1832,Australia,AUS,25,terrestrial,"introduced (alien, exotic, non-native, nonindigenous); introduced",TRUE,USRIIS; FirstRecords; GRIIS
Medicago minima (L.) L. ex Bartal.; Medicago minima (L.) Bartal.,Medicago minima,Plantae,1500,Bulgaria,BGR,13,freshwater; terrestrial,"introduced (alien, exotic, non-native, nonindigenous); introduced",TRUE,DAISIE; USRIIS; FirstRecords; GRIIS
Medicago polymorpha L.,Medicago polymorpha,Plantae,1500,Switzerland,CHE,41,freshwater; terrestrial,"introduced (alien, exotic, non-native, nonindigenous); introduced",TRUE,DAISIE; USRIIS; TrIAS; FirstRecords; GRIIS
Medicago sativa L.,Medicago sativa,Plantae,1500,Bulgaria,BGR,50,terrestrial,"introduced (alien, exotic, non-native, nonindigenous); introduced",TRUE,DAISIE; USRIIS; TrIAS; FirstRecords; GRIIS; Artsdatabanken; InstytutOchronyPrzyrody
"Medicago sativa var. falcata (L.) Urb., 1873",Medicago sativa falcata,Plantae,NA,NA,NA,2,terrestrial,introduced,TRUE,GRIIS
"Medicago sativa subsp. sativa Linnaeus, 1753",Medicago sativa sativa,Plantae,NA,NA,NA,8,freshwater; terrestrial,introduced,TRUE,FirstRecords; GRIIS
Medicago ×varia Martyn; Medicago × varia Martyn,Medicago varia,Plantae,1500,Czechia,CZE,16,freshwater; terrestrial,introduced,TRUE,DAISIE; TrIAS; FirstRecords; GRIIS; InstytutOchronyPrzyrody
"Megabalanus coccopoma (Darwin, 1854)",Megabalanus coccopoma,Animalia,1850,Australia,AUS,2,brackish; marine; terrestrial,"introduced (alien, exotic, non-native, nonindigenous)",TRUE,SINAS; USRIIS
"Megabruchidius dorsalis (Fåhraeus, 1839)",Megabruchidius dorsalis,Animalia,1989,Italy,ITA,8,terrestrial,introduced,TRUE,DAISIE; FirstRecords; GRIIS; InstytutOchronyPrzyrody
"Megabruchidius tonkineus (Pic, 1904)",Megabruchidius tonkineus,Animalia,2008,France,FRA,3,terrestrial,introduced,TRUE,FirstRecords; GRIIS
"Megachile sculpturalis Smith, 1853",Megachile sculpturalis,Animalia,1990,United States,USA,4,terrestrial,"introduced (alien, exotic, non-native, nonindigenous); introduced",TRUE,USRIIS; FirstRecords; GRIIS
"Megalobrama amblycephala Yih, 1955",Megalobrama amblycephala,Animalia,1944,Philippines,PHL,4,freshwater,introduced,TRUE,SINAS; FirstRecords; GRIIS
"Megalurothrips usitatus (Bagnall, 1913)",Megalurothrips usitatus,Animalia,2020,United States,USA,1,terrestrial,"introduced (alien, exotic, non-native, nonindigenous)",TRUE,USRIIS
"Megaselia gregaria (Wood, 1910)",Megaselia gregaria,Animalia,1997,Czechia,CZE,3,terrestrial,introduced,TRUE,SINAS; FirstRecords; GRIIS
"Megastigmus spermotrophus Wachtl, 1893",Megastigmus spermotrophus,Animalia,1893,Austria,AUT,8,terrestrial,introduced,TRUE,FirstRecords; GRIIS; InstytutOchronyPrzyrody
Megathyrsus maximus (Jacq.) B.K. Simon and S.W.L. Jacobs; Megathyrsus maximus (Jacq.) B.K.Simon & S.W.L.Jacobs,Megathyrsus maximus,Plantae,NA,NA,NA,27,terrestrial,"introduced (alien, exotic, non-native, nonindigenous); introduced",TRUE,USRIIS; GRIIS
Melaleuca parvistaminea Byrnes,Melaleuca parvistaminea,Plantae,NA,NA,NA,1,terrestrial,introduced,TRUE,FirstRecords; GRIIS
Melaleuca quinquenervia (Cav.) S.T. Blake; Melaleuca quinquenervia (Cav.) S.T.Blake,Melaleuca quinquenervia,Plantae,1808,United States,USA,36,terrestrial,"introduced (alien, exotic, non-native, nonindigenous); introduced",TRUE,USRIIS; FirstRecords; GRIIS
Melampyrum arvense L.,Melampyrum arvense,Plantae,1500,Czechia,CZE,7,terrestrial,introduced,TRUE,DAISIE; FirstRecords; GRIIS
"Melanaphis sacchari (Zehntner, 1897)",Melanaphis sacchari,Animalia,1891,United States,USA,1,terrestrial,"introduced (alien, exotic, non-native, nonindigenous)",TRUE,USRIIS
"Melanoides tuberculata (O.F.Müller, 1774)",Melanoides tuberculata,Animalia,1869,United Kingdom,GBR,36,freshwater; terrestrial,introduced,TRUE,SINAS; FirstRecords; GRIIS; InstytutOchronyPrzyrody
"Melanoloma viatrix Hendel, 1911",Melanoloma viatrix,Animalia,NA,NA,NA,1,terrestrial,introduced,TRUE,FirstRecords; GRIIS
"Melaphis rhois (Fitch, 1866)",Melaphis rhois,Animalia,NA,NA,NA,1,terrestrial,introduced,TRUE,GRIIS
Melastoma malabathricum L.,Melastoma malabathricum,Plantae,1946,Australia,AUS,16,terrestrial,introduced,TRUE,FirstRecords; GRIIS; M.McGeoch_AUS_2025
Melia azedarach L.,Melia azedarach,Plantae,1500,Italy,ITA,100,terrestrial,"introduced (alien, exotic, non-native, nonindigenous); introduced",TRUE,DAISIE; USRIIS; TrIAS; FirstRecords; GRIIS
"Melia dubia Hiern, 1875",Melia dubia,Plantae,NA,NA,NA,1,terrestrial,introduced,TRUE,FirstRecords; GRIIS
Melianthus major L.,Melianthus major,Plantae,1843,Australia,AUS,5,terrestrial,"introduced (alien, exotic, non-native, nonindigenous); introduced",TRUE,USRIIS; FirstRecords; GRIIS
Melicoccus bijugatus Jacq.,Melicoccus bijugatus,Plantae,NA,NA,NA,18,terrestrial,"introduced (alien, exotic, non-native, nonindigenous); introduced",TRUE,USRIIS; FirstRecords; GRIIS
Melilotus albus Medik.,Melilotus albus,Plantae,1500,Bulgaria,BGR,33,terrestrial,"introduced (alien, exotic, non-native, nonindigenous); introduced",TRUE,DAISIE; USRIIS; TrIAS; FirstRecords; GRIIS; Artsdatabanken
Melilotus altissimus Thuill.,Melilotus altissimus,Plantae,1500,United Kingdom,GBR,10,terrestrial,"introduced (alien, exotic, non-native, nonindigenous); introduced",TRUE,DAISIE; USRIIS; FirstRecords; GRIIS; Artsdatabanken; InstytutOchronyPrzyrody
Melilotus indicus (L.) All.,Melilotus indicus,Plantae,1500,Bulgaria,BGR,32,freshwater; terrestrial,"introduced (alien, exotic, non-native, nonindigenous); introduced",TRUE,DAISIE; USRIIS; TrIAS; FirstRecords; GRIIS
Melilotus officinalis (L.) Lam.,Melilotus officinalis,Plantae,550,Czechia,CZE,24,terrestrial,"introduced (alien, exotic, non-native, nonindigenous); introduced",TRUE,DAISIE; USRIIS; TrIAS; FirstRecords; GRIIS; Artsdatabanken
Melinis minutiflora P. Beauv.; Melinis minutiflora P.Beauv.,Melinis minutiflora,Plantae,1800,Brazil,BRA,35,terrestrial,"introduced (alien, exotic, non-native, nonindigenous); introduced",TRUE,USRIIS; FirstRecords; GRIIS
Melinis repens (Willd.) Zizka,Melinis repens,Plantae,1887,India,IND,44,freshwater; terrestrial,"introduced (alien, exotic, non-native, nonindigenous); introduced",TRUE,USRIIS; FirstRecords; GRIIS
Melinis repens subsp. repens,Melinis repens repens,Plantae,NA,NA,NA,1,terrestrial,introduced,TRUE,FirstRecords; GRIIS
Melissa officinalis L.,Melissa officinalis,Plantae,1500,Austria,AUT,25,terrestrial,"introduced (alien, exotic, non-native, nonindigenous); introduced",TRUE,DAISIE; USRIIS; TrIAS; FirstRecords; GRIIS
Melochia corchorifolia L.,Melochia corchorifolia,Plantae,1902,South Korea,KOR,11,terrestrial,"introduced (alien, exotic, non-native, nonindigenous); introduced",TRUE,SINAS; USRIIS; FirstRecords; GRIIS
"Melogale I.Geoffroy Saint-Hilaire, 1831",Melogale,Animalia,NA,NA,NA,1,terrestrial,introduced,TRUE,FirstRecords; GRIIS
"Meloidogyne hapla ; Meloidogyne hapla Chitwood, 1949",Meloidogyne hapla,Animalia,NA,NA,NA,2,terrestrial,"introduced (alien, exotic, non-native, nonindigenous); introduced",TRUE,USRIIS; GRIIS; Artsdatabanken
"Meloidogyne mali Ohshima and Ichinohei, 1969; Meloidogyne mali Itoh, Ohshima & Ichinohe, 1969",Meloidogyne mali,Animalia,2016,United States,USA,2,terrestrial,"introduced (alien, exotic, non-native, nonindigenous); introduced",TRUE,USRIIS; GRIIS
"Meloidogyne minor Karssen, Bolk, van Aelst, van den Beld, Kox, Korthals, Molendijk, Zijlstra, van Hoof & Cook, 2004",Meloidogyne minor,Animalia,NA,NA,NA,1,terrestrial,introduced,TRUE,GRIIS
"Melopsittacus undulatus (Shaw, 1805)",Melopsittacus undulatus,Animalia,1840,United Kingdom,GBR,16,terrestrial,"introduced (alien, exotic, non-native, nonindigenous); introduced",TRUE,USRIIS; TrIAS; FirstRecords; GRIIS
"Menacanthus stramineus (Nitzsch, 1818)",Menacanthus stramineus,Animalia,1976,United States,USA,1,terrestrial,"introduced (alien, exotic, non-native, nonindigenous)",TRUE,USRIIS
Mentha aquatica L.,Mentha aquatica,Plantae,1720,United Kingdom,GBR,11,freshwater; terrestrial,"introduced (alien, exotic, non-native, nonindigenous); introduced",TRUE,SINAS; USRIIS; FirstRecords; GRIIS
Mentha × gracilis Sole,Mentha gracilis,Plantae,1500,Slovakia,SVK,6,terrestrial,introduced,TRUE,DAISIE; FirstRecords; GRIIS
Mentha longifolia (L.) L.,Mentha longifolia,Plantae,1798,Sweden,SWE,7,terrestrial,introduced,TRUE,FirstRecords; GRIIS
Mentha × piperita L.,Mentha piperita,Plantae,1500,Austria,AUT,27,freshwater; terrestrial,introduced,TRUE,DAISIE; FirstRecords; GRIIS
Mentha pulegium L.,Mentha pulegium,Plantae,1500,Ukraine,UKR,14,terrestrial,"introduced (alien, exotic, non-native, nonindigenous); introduced",TRUE,DAISIE; USRIIS; FirstRecords; GRIIS
Mentha × rotundifolia (L.) Huds.,Mentha rotundifolia,Plantae,1850,Poland,POL,8,terrestrial,introduced,TRUE,FirstRecords; GRIIS; InstytutOchronyPrzyrody
Mentha spicata L.,Mentha spicata,Plantae,1500,Austria,AUT,31,brackish; freshwater; terrestrial,"introduced (alien, exotic, non-native, nonindigenous); introduced",TRUE,DAISIE; USRIIS; FirstRecords; GRIIS; Artsdatabanken; InstytutOchronyPrzyrody
Mentha suaveolens Ehrh.,Mentha suaveolens,Plantae,1500,Austria,AUT,16,terrestrial,"introduced (alien, exotic, non-native, nonindigenous); introduced",TRUE,DAISIE; USRIIS; FirstRecords; GRIIS; Artsdatabanken
Mentha × verticillata L.,Mentha verticillata,Plantae,NA,NA,NA,1,terrestrial,introduced,TRUE,GRIIS
Mentha × villosa Huds.,Mentha villosa,Plantae,1500,Germany,DEU,6,terrestrial,introduced,TRUE,DAISIE; FirstRecords; GRIIS
Mercurialis annua L.,Mercurialis annua,Plantae,-2200,Czechia,CZE,23,freshwater; terrestrial,"introduced (alien, exotic, non-native, nonindigenous); introduced",TRUE,DAISIE; USRIIS; FirstRecords; GRIIS; Artsdatabanken; InstytutOchronyPrzyrody
"Mermessus trilobatus (Emerton, 1882)",Mermessus trilobatus,Animalia,1999,Austria,AUT,6,terrestrial,introduced,TRUE,SINAS; FirstRecords; GRIIS; InstytutOchronyPrzyrody
Merremia Dennst. ex Endl.,Merremia,Plantae,NA,NA,NA,1,terrestrial,introduced,TRUE,GRIIS
Merremia hederacea (Burm.fil.) Hallier fil.,Merremia hederacea,Plantae,1958,Japan,JPN,3,terrestrial,introduced,TRUE,FirstRecords; GRIIS
"Merremia umbellata (Linnaeus, 1753) Halber",Merremia umbellata,Plantae,NA,NA,NA,12,terrestrial,introduced,TRUE,FirstRecords; GRIIS
Mesembryanthemum cordifolium L.fil.,Mesembryanthemum cordifolium,Plantae,1864,Portugal,PRT,17,terrestrial,introduced,TRUE,TrIAS; FirstRecords; GRIIS
Mesembryanthemum crystallinum L.,Mesembryanthemum crystallinum,Plantae,1500,Italy,ITA,15,terrestrial,"introduced (alien, exotic, non-native, nonindigenous); introduced",TRUE,DAISIE; USRIIS; TrIAS; FirstRecords; GRIIS
Mesembryanthemum lancifolium (L.Bolus) Klak,Mesembryanthemum lancifolium,Plantae,NA,NA,NA,1,terrestrial,introduced,TRUE,FirstRecords; GRIIS
Mesembryanthemum nodiflorum L.,Mesembryanthemum nodiflorum,Plantae,1891,Norway,NOR,9,terrestrial,"introduced (alien, exotic, non-native, nonindigenous); introduced",TRUE,SINAS; USRIIS; TrIAS; FirstRecords; GRIIS
"Mesocyclops pehpeiensis Hu, 1943",Mesocyclops pehpeiensis,Animalia,1987,United States,USA,2,freshwater,"introduced (alien, exotic, non-native, nonindigenous); introduced",TRUE,USRIIS; FirstRecords; GRIIS
"Mesopolobus spermotrophus Hussey, 1960",Mesopolobus spermotrophus,Animalia,1952,United Kingdom,GBR,3,terrestrial,introduced,TRUE,SINAS; FirstRecords; GRIIS
Mesosphaerum pectinatum (L.) Kuntze,Mesosphaerum pectinatum,Plantae,1888,Congo - Kinshasa,COD,27,freshwater; terrestrial,introduced,TRUE,SINAS; FirstRecords; GRIIS
Mesosphaerum suaveolens (L.) Kuntze,Mesosphaerum suaveolens,Plantae,19,China,CHN,40,terrestrial,introduced,TRUE,FirstRecords; GRIIS; GRIIS ; J.Ganglo_BEN_2026
"Metaltella simoni (Keyserling, 1878)",Metaltella simoni,Animalia,1944,United States,USA,2,terrestrial,"introduced (alien, exotic, non-native, nonindigenous); introduced",TRUE,USRIIS; FirstRecords; GRIIS
"Metanastria Hübner, 1820",Metanastria,Animalia,NA,NA,NA,1,terrestrial,introduced,TRUE,GRIIS; FirstRecords
"Metcalfa pruinosa (Say, 1830)",Metcalfa pruinosa,Animalia,1970,France,FRA,5,terrestrial,introduced,TRUE,"SINAS, DAISIE; GRIIS; InstytutOchronyPrzyrody"
Metrosideros collina (Forst.) A.Gray,Metrosideros collina,Plantae,NA,NA,NA,1,terrestrial,introduced,TRUE,FirstRecords; GRIIS
Metrosideros excelsa Sol. ex Gaertn.,Metrosideros excelsa,Plantae,1880,Australia,AUS,3,terrestrial,introduced,TRUE,FirstRecords; GRIIS
"Metynnis argenteus Ahl, 1923",Metynnis argenteus,Animalia,NA,NA,NA,1,freshwater,introduced,TRUE,FirstRecords; GRIIS
"Mezium affine Boieldieu, 1856",Mezium affine,Animalia,1904,United States,USA,2,terrestrial,"introduced (alien, exotic, non-native, nonindigenous); introduced",TRUE,USRIIS; FirstRecords; GRIIS
Miconia calvescens DC.,Miconia calvescens,Plantae,1888,Sri Lanka,LKA,10,terrestrial,"introduced (alien, exotic, non-native, nonindigenous); introduced",TRUE,USRIIS; FirstRecords; GRIIS
Miconia crenata (Vahl) Michelang.,Miconia crenata,Plantae,2015,Australia,AUS,28,terrestrial,introduced,TRUE,FirstRecords; GRIIS; M.McGeoch_AUS_2025
"Microcosmus squamiger Michaelsen, 1927",Microcosmus squamiger,Animalia,1917,Australia,AUS,2,brackish; freshwater; marine; terrestrial,"introduced (alien, exotic, non-native, nonindigenous)",TRUE,SINAS; USRIIS
"Microctenopoma ansorgii (Boulenger, 1912)",Microctenopoma ansorgii,Animalia,NA,NA,NA,1,freshwater,introduced,TRUE,FirstRecords; GRIIS
"Microhyla okinavensis Stejneger, 1901",Microhyla okinavensis,Animalia,1931,Japan,JPN,1,freshwater; terrestrial,introduced,TRUE,FirstRecords; GRIIS
Microlaena stipoides (Labill.) R.Br.,Microlaena stipoides,Plantae,1959,United Kingdom,GBR,5,terrestrial,introduced,TRUE,SINAS; FirstRecords; GRIIS
"Micropterus dolomieu Lacepede, 1802; Micropterus dolomieu Lacepède, 1802",Micropterus dolomieu,Animalia,1873,Belgium,BEL,17,freshwater,"introduced (alien, exotic, non-native, nonindigenous); introduced",TRUE,USRIIS; TrIAS; FirstRecords; GRIIS
"Micropterus salmoides (Lacepede, 1802); Micropterus salmoides (Lacepède, 1802)",Micropterus salmoides,Animalia,1801,Italy,ITA,64,freshwater; terrestrial,"introduced (alien, exotic, non-native, nonindigenous); introduced",TRUE,DAISIE; USRIIS; TrIAS; FirstRecords; GRIIS; InstytutOchronyPrzyrody
Microstegium nudum (Trin.) A.Camus,Microstegium nudum,Plantae,NA,NA,NA,1,terrestrial,introduced,TRUE,FirstRecords; GRIIS
Microstegium vimineum (Trin.) A. Camus; Microstegium vimineum (Trin.) A.Camus,Microstegium vimineum,Plantae,1921,Myanmar (Burma),MMR,8,terrestrial,"introduced (alien, exotic, non-native, nonindigenous); introduced",TRUE,EPPO Distribution; USRIIS; FirstRecords; GRIIS
"Microtus arvalis (Pallas, 1779)",Microtus arvalis,Animalia,NA,NA,NA,2,terrestrial,introduced,TRUE,GRIIS; FirstRecords
"Microtus levis Miller, 1908",Microtus levis,Animalia,1920,Norway,NOR,2,terrestrial,introduced,TRUE,"SINAS, DAISIE; FirstRecords; GRIIS"
Mikania cordata (Burm.fil.) B.L.Rob.,Mikania cordata,Plantae,2011,Australia,AUS,6,terrestrial,introduced,TRUE,FirstRecords; GRIIS; M.McGeoch_AUS_2025
Mikania micrantha Kunth,Mikania micrantha,Plantae,1838,Philippines,PHL,40,terrestrial,"introduced (alien, exotic, non-native, nonindigenous); introduced",TRUE,USRIIS; FirstRecords; GRIIS
Mikania scandens (L.) Willd.,Mikania scandens,Plantae,NA,NA,NA,2,terrestrial,introduced,TRUE,FirstRecords; GRIIS
"Milax gagates (Draparnaud, 1801)",Milax gagates,Animalia,1840,New Zealand,NZL,13,terrestrial,"introduced (alien, exotic, non-native, nonindigenous); introduced",TRUE,USRIIS; TrIAS; FirstRecords; GRIIS
Millettia dura Dunn,Millettia dura,Plantae,NA,NA,NA,1,terrestrial,introduced,TRUE,FirstRecords; GRIIS
Millingtonia hortensis L.fil.,Millingtonia hortensis,Plantae,1859,Indonesia,IDN,4,terrestrial,introduced,TRUE,FirstRecords; GRIIS
Mimosa bimucronata (DC.) Kuntze,Mimosa bimucronata,Plantae,1920,China,CHN,4,terrestrial,introduced,TRUE,FirstRecords; GRIIS
Mimosa diplotricha C.Wright,Mimosa diplotricha,Plantae,1900,Indonesia,IDN,42,terrestrial,introduced,TRUE,FirstRecords; GRIIS; B.Shrestha_NPL_2026
Mimosa diplotricha var. diplotricha,Mimosa diplotricha diplotricha,Plantae,1954,Australia,AUS,2,terrestrial,introduced,TRUE,FirstRecords; GRIIS; M.McGeoch_AUS_2025
Mimosa invisa Mart. ex Colla,Mimosa invisa,Plantae,1753,China,CHN,6,terrestrial,introduced,TRUE,FirstRecords; GRIIS
Mimosa pigra L.,Mimosa pigra,Plantae,1822,Nigeria,NGA,65,terrestrial,"introduced (alien, exotic, non-native, nonindigenous); introduced",TRUE,USRIIS; FirstRecords; GRIIS
Mimosa pudica L.,Mimosa pudica,Plantae,1777,China,CHN,58,terrestrial,"introduced (alien, exotic, non-native, nonindigenous); introduced",TRUE,USRIIS; FirstRecords; GRIIS
Mimosa pudica var. unijuga (Duchass. & Walp.) Griseb.,Mimosa pudica unijuga,Plantae,NA,NA,NA,1,terrestrial,introduced,TRUE,FirstRecords; GRIIS
Mimosa quadrivalvis L.,Mimosa quadrivalvis,Plantae,NA,NA,NA,2,terrestrial,introduced,TRUE,FirstRecords; GRIIS
Mimusops elengi L.,Mimusops elengi,Plantae,2013,United States,USA,4,terrestrial,"introduced (alien, exotic, non-native, nonindigenous); introduced",TRUE,USRIIS; FirstRecords; GRIIS
Mirabilis jalapa L.,Mirabilis jalapa,Plantae,17,Japan,JPN,80,terrestrial,"introduced (alien, exotic, non-native, nonindigenous); introduced",TRUE,USRIIS; TrIAS; FirstRecords; GRIIS
Mirabilis nyctaginea (Michx.) Mac Mill.,Mirabilis nyctaginea,Plantae,NA,NA,NA,13,terrestrial,introduced,TRUE,FirstRecords; GRIIS
Miscanthus nepalensis (Trin.) Hack.,Miscanthus nepalensis,Plantae,1906,Australia,AUS,2,terrestrial,introduced,TRUE,SINAS; FirstRecords; GRIIS
Miscanthus sacchariflorus (Maxim.) Hack.; Miscanthus sacchariflorus (Maxim.) Benth. & Hook.f. ex Franch.,Miscanthus sacchariflorus,Plantae,1956,United States,USA,8,terrestrial,"introduced (alien, exotic, non-native, nonindigenous); introduced",TRUE,USRIIS; TrIAS; FirstRecords; GRIIS; InstytutOchronyPrzyrody
Miscanthus sinensis Andersson,Miscanthus sinensis,Plantae,1500,Czechia,CZE,23,terrestrial,"introduced (alien, exotic, non-native, nonindigenous); introduced",TRUE,DAISIE; USRIIS; TrIAS; FirstRecords; GRIIS
"Misgurnus anguillicaudatus (Cantor, 1842)",Misgurnus anguillicaudatus,Animalia,1877,France,FRA,14,brackish; freshwater; marine,introduced: assisted colonization; introduced,TRUE,SINAS; USRIIS; TrIAS; FirstRecords; GRIIS
"Misgurnus mizolepis Günther, 1888",Misgurnus mizolepis,Animalia,2000,United Kingdom,GBR,2,freshwater,introduced,TRUE,FirstRecords; GRIIS
Misopates orontium (L.) Raf.,Misopates orontium,Plantae,1500,Poland,POL,23,terrestrial,"introduced (alien, exotic, non-native, nonindigenous); introduced",TRUE,USRIIS; FirstRecords; GRIIS; InstytutOchronyPrzyrody
Mitracarpus hirtus (L.) DC.,Mitracarpus hirtus,Plantae,1894,Democratic Republic of the Congo,COD,18,terrestrial,"introduced (alien, exotic, non-native, nonindigenous); introduced",TRUE,USRIIS; FirstRecords; GRIIS; B.Shrestha_NPL_2026
"Moina affinis Birge, 1893",Moina affinis,Animalia,1960,Italy,ITA,2,brackish; freshwater,introduced,TRUE,DAISIE; FirstRecords; GRIIS
Molinia caerulea (L.) Moench,Molinia caerulea,Plantae,1971,Canada,CAN,3,terrestrial,"introduced (alien, exotic, non-native, nonindigenous); introduced",TRUE,USRIIS; FirstRecords; GRIIS
Mollugo verticillata L.,Mollugo verticillata,Plantae,1500,Italy,ITA,7,terrestrial,introduced,TRUE,DAISIE; TrIAS; FirstRecords; GRIIS
"Molothrus bonariensis (Gmelin, 1789)",Molothrus bonariensis,Animalia,1800,Chile,CHL,8,terrestrial,introduced,TRUE,FirstRecords; GRIIS
Momordica charantia L.,Momordica charantia,Plantae,1783,Bhutan,BTN,58,terrestrial,"introduced (alien, exotic, non-native, nonindigenous); introduced",TRUE,SINAS; USRIIS; FirstRecords; GRIIS
"Monarthropalpus flavus (Schrank, 1776)",Monarthropalpus flavus,Animalia,1650,United States,USA,6,terrestrial,"introduced (alien, exotic, non-native, nonindigenous); introduced",TRUE,USRIIS; FirstRecords; GRIIS
"Monarthrum mali (Fitch, 1855); Monarthrum mali Wood & Bright, 1992",Monarthrum mali,Animalia,1906,United States,USA,2,terrestrial,"introduced (alien, exotic, non-native, nonindigenous); introduced",TRUE,USRIIS; FirstRecords; GRIIS
"Monochamus clamator (LeConte, 1852)",Monochamus clamator,Animalia,NA,NA,NA,1,terrestrial,introduced,TRUE,FirstRecords; GRIIS
"Monochamus galloprovincialis (Olivier, 1795)",Monochamus galloprovincialis,Animalia,NA,NA,NA,1,terrestrial,introduced,TRUE,FirstRecords; GRIIS
"Monochamus sartor (Fabricius, 1787)",Monochamus sartor,Animalia,NA,NA,NA,2,terrestrial,introduced,TRUE,FirstRecords; GRIIS
"Monomorium destructor (Jerdon, 1851)",Monomorium destructor,Animalia,1992,Spain,ESP,29,terrestrial,"introduced (alien, exotic, non-native, nonindigenous); introduced",TRUE,USRIIS; FirstRecords; GRIIS
"Monomorium floricola (Jerdon, 1851)",Monomorium floricola,Animalia,1897,Grenada,GRD,48,terrestrial,"introduced (alien, exotic, non-native, nonindigenous); introduced",TRUE,USRIIS; FirstRecords; GRIIS
"Monomorium indicum Forel, 1902",Monomorium indicum,Animalia,1997,United Arab Emirates,ARE,3,terrestrial,"introduced (alien, exotic, non-native, nonindigenous); introduced",TRUE,USRIIS; FirstRecords; GRIIS
"Monomorium pharaonis (Linnaeus, 1758)",Monomorium pharaonis,Animalia,1780,Poland,POL,35,terrestrial,"introduced (alien, exotic, non-native, nonindigenous); introduced",TRUE,USRIIS; TrIAS; FirstRecords; GRIIS; InstytutOchronyPrzyrody
"Mononychellus tanajoa (Bondar, 1938)",Mononychellus tanajoa,Animalia,NA,NA,NA,1,terrestrial,introduced,TRUE,GRIIS
"Monopterus albus (Zuiew, 1793)",Monopterus albus,Animalia,1900,United States,USA,4,brackish; freshwater,"introduced (alien, exotic, non-native, nonindigenous); introduced",TRUE,USRIIS; FirstRecords; GRIIS
Montanoa grandiflora (DC.) Hemsl.,Montanoa grandiflora,Plantae,NA,NA,NA,1,terrestrial,introduced,TRUE,FirstRecords; GRIIS
Montanoa hibiscifolia (Benth.) Standl.; Montanoa hibiscifolia (Benth.) K.Koch,Montanoa hibiscifolia,Plantae,1910,South Africa,ZAF,13,terrestrial,"introduced (alien, exotic, non-native, nonindigenous); introduced",TRUE,USRIIS; FirstRecords; GRIIS; M.McGeoch_AUS_2025
Moorochloa eruciformis (Sm.) Veldkamp,Moorochloa eruciformis,Plantae,1947,Belgium,BEL,13,terrestrial,"introduced (alien, exotic, non-native, nonindigenous); introduced",TRUE,USRIIS; TrIAS; FirstRecords; GRIIS
Moraea flaccida (Sweet) Steud.,Moraea flaccida,Plantae,1810,Australia,AUS,2,terrestrial,introduced,TRUE,FirstRecords; GRIIS
"Morelia spilota (Lacépède, 1804)",Morelia spilota,Animalia,2013,Belgium,BEL,3,terrestrial,introduced,TRUE,TrIAS; FirstRecords; GRIIS
"Morelia viridis (Schlegel, 1872)",Morelia viridis,Animalia,NA,NA,NA,2,terrestrial,introduced,TRUE,FirstRecords; GRIIS
Morella cerifera (L.) Small,Morella cerifera,Plantae,NA,NA,NA,4,terrestrial,"introduced (alien, exotic, non-native, nonindigenous); introduced",TRUE,USRIIS; FirstRecords; GRIIS
Morella faya (Aiton) Wilbur,Morella faya,Plantae,1856,Australia,AUS,3,terrestrial,"introduced (alien, exotic, non-native, nonindigenous); introduced",TRUE,USRIIS; FirstRecords; GRIIS; M.McGeoch_AUS_2025
Morinda citrifolia L.,Morinda citrifolia,Plantae,NA,NA,NA,10,terrestrial,"introduced (alien, exotic, non-native, nonindigenous); introduced",TRUE,USRIIS; FirstRecords; GRIIS
Moringa oleifera Lam.,Moringa oleifera,Plantae,1790,Nigeria,NGA,50,terrestrial,"introduced (alien, exotic, non-native, nonindigenous); introduced",TRUE,SINAS; USRIIS; FirstRecords; GRIIS; GRIIS ; J.Ganglo_BEN_2026
"Morone americana (Gmelin, 1789)",Morone americana,Animalia,1950,Canada,CAN,4,brackish; freshwater; marine,introduced,TRUE,FirstRecords; GRIIS
"Morone chrysops (Rafinesque, 1820)",Morone chrysops,Animalia,1975,Mexico,MEX,3,freshwater,introduced,TRUE,FirstRecords; GRIIS
"Morone saxatilis (Walbaum, 1792)",Morone saxatilis,Animalia,1886,Mexico,MEX,13,freshwater,introduced,TRUE,FirstRecords; GRIIS
Morus alba L.,Morus alba,Plantae,1000,France,FRA,48,terrestrial,"introduced (alien, exotic, non-native, nonindigenous); introduced",TRUE,DAISIE; USRIIS; TrIAS; FirstRecords; GRIIS; InstytutOchronyPrzyrody
Morus indica L.,Morus indica,Plantae,NA,NA,NA,4,terrestrial,introduced,TRUE,GRIIS
Morus nigra L.,Morus nigra,Plantae,1500,Bulgaria,BGR,26,terrestrial,"introduced (alien, exotic, non-native, nonindigenous); introduced",TRUE,DAISIE; USRIIS; TrIAS; FirstRecords; GRIIS
Mucuna pruriens (L.) DC.,Mucuna pruriens,Plantae,1910,Congo - Kinshasa,COD,15,terrestrial,introduced,TRUE,SINAS; FirstRecords; GRIIS
Mucuna pruriens var. utilis (Wall. ex Wight) Baker ex Burck,Mucuna pruriens utilis,Plantae,NA,NA,NA,3,terrestrial,introduced,TRUE,FirstRecords; GRIIS
Muehlenbeckia complexa Meisn.; Muehlenbeckia complexa (A.Cunn.) Meisn.,Muehlenbeckia complexa,Plantae,1500,United Kingdom,GBR,7,terrestrial,"introduced (alien, exotic, non-native, nonindigenous); introduced",TRUE,DAISIE; USRIIS; TrIAS; FirstRecords; GRIIS
Muhlenbergia schreberi J.F.Gmel.,Muhlenbergia schreberi,Plantae,1500,Switzerland,CHE,6,terrestrial,introduced,TRUE,DAISIE; FirstRecords; GRIIS
Mummenhoffia alliacea (L.) Esmailbegi & Al-Shehbaz,Mummenhoffia alliacea,Plantae,1907,Slovakia,SVK,6,terrestrial,introduced,TRUE,TrIAS; FirstRecords; GRIIS
"Muntiacus reevesi (Ogilby, 1839)",Muntiacus reevesi,Animalia,1890,France,FRA,6,terrestrial,introduced,TRUE,FirstRecords; GRIIS
Muntingia calabura L.,Muntingia calabura,Plantae,1895,Singapore,SGP,21,terrestrial,"introduced (alien, exotic, non-native, nonindigenous); introduced",TRUE,USRIIS; FirstRecords; GRIIS
Murdannia keisak (Hassk.) Hand.-Mazz.,Murdannia keisak,Plantae,1500,Italy,ITA,2,terrestrial,"introduced (alien, exotic, non-native, nonindigenous); introduced",TRUE,DAISIE; USRIIS; FirstRecords; GRIIS
Murdannia nudiflora (L.) Brenan,Murdannia nudiflora,Plantae,1819,Philippines,PHL,39,terrestrial,"introduced (alien, exotic, non-native, nonindigenous); introduced",TRUE,SINAS; USRIIS; FirstRecords; GRIIS
Murraya paniculata (L.) Jack; Murraya paniculata (L.) Jacq.,Murraya paniculata,Plantae,1843,Australia,AUS,20,terrestrial,"introduced (alien, exotic, non-native, nonindigenous); introduced",TRUE,SINAS; USRIIS; FirstRecords; GRIIS
"Mus musculus Linnaeus, 1758",Mus musculus,Animalia,-6000,Italy,ITA,80,terrestrial,"introduced (alien, exotic, non-native, nonindigenous); introduced",TRUE,USRIIS; FirstRecords; GRIIS; InstytutOchronyPrzyrody
"Mus musculus domesticus Schwarz & Schwarz, 1943",Mus musculus domesticus,Animalia,1884,Australia,AUS,7,terrestrial,introduced,TRUE,FirstRecords; GRIIS; M.McGeoch_AUS_2025
Musa ornata Roxb.,Musa ornata,Plantae,NA,NA,NA,3,terrestrial,introduced,TRUE,FirstRecords; GRIIS
Musa velutina H. Wendl. and Drude; Musa velutina H.Wendl. & Drude,Musa velutina,Plantae,1980,United States,USA,3,terrestrial,"introduced (alien, exotic, non-native, nonindigenous); introduced",TRUE,USRIIS; FirstRecords; GRIIS
"Musca domestica Linnaeus, 1758",Musca domestica,Animalia,400,Denmark,DNK,4,terrestrial,"introduced (alien, exotic, non-native, nonindigenous); introduced",TRUE,USRIIS; FirstRecords; GRIIS
"Musca domestica domestica Linnaeus, 1758",Musca domestica domestica,Animalia,NA,NA,NA,1,terrestrial,introduced,TRUE,FirstRecords; GRIIS
Muscari botryoides (L.) Mill.,Muscari botryoides,Plantae,1500,Austria,AUT,12,terrestrial,"introduced (alien, exotic, non-native, nonindigenous); introduced",TRUE,DAISIE; USRIIS; FirstRecords; GRIIS; Artsdatabanken
Muscari neglectum Guss. ex Ten.,Muscari neglectum,Plantae,1500,Germany,DEU,6,terrestrial,"introduced (alien, exotic, non-native, nonindigenous); introduced",TRUE,DAISIE; USRIIS; FirstRecords; GRIIS
"Mustela erminea Linnaeus, 1758",Mustela erminea,Animalia,1650,United Kingdom,GBR,3,freshwater; terrestrial,introduced,TRUE,SINAS; FirstRecords; GRIIS
"Mustela itatsi Temminck, 1844",Mustela itatsi,Animalia,1885,Japan,JPN,1,freshwater; terrestrial,introduced,TRUE,FirstRecords; GRIIS
"Mustela nivalis Linnaeus, 1766",Mustela nivalis,Animalia,-14000,Algeria,DZA,5,freshwater; terrestrial,introduced,TRUE,SINAS; FirstRecords; GRIIS
"Mustela putorius Linnaeus, 1758",Mustela putorius,Animalia,50,Spain,ESP,10,freshwater; terrestrial,introduced,TRUE,FirstRecords; GRIIS
"Mustela putorius furo Linnaeus, 1758",Mustela putorius furo,Animalia,1885,Australia,AUS,3,freshwater; terrestrial,"introduced (alien, exotic, non-native, nonindigenous); introduced",TRUE,USRIIS; FirstRecords; GRIIS; M.McGeoch_AUS_2025
"Mustela sibirica Pallas, 1773",Mustela sibirica,Animalia,1901,Japan,JPN,2,freshwater; terrestrial,introduced,TRUE,FirstRecords; GRIIS
"Mustela vison Schreber, 1777",Mustela vison,Animalia,1912,Canada,CAN,35,freshwater; terrestrial,introduced,TRUE,SINAS; TrIAS; FirstRecords; GRIIS; Artsdatabanken; InstytutOchronyPrzyrody
Mycelis muralis (L.) Dumort.,Mycelis muralis,Plantae,1500,Ireland,IRL,4,terrestrial,"introduced (alien, exotic, non-native, nonindigenous); introduced",TRUE,DAISIE; USRIIS; FirstRecords; GRIIS
"Myiopsitta monachus (Boddaert, 1783)",Myiopsitta monachus,Animalia,1892,Germany,DEU,19,terrestrial,"introduced (alien, exotic, non-native, nonindigenous); introduced",TRUE,"SINAS, DAISIE; USRIIS; TrIAS; FirstRecords; GRIIS"
"Myllocerus undatus Marshall, 1916",Myllocerus undatus,Animalia,2000,United States,USA,1,terrestrial,"introduced (alien, exotic, non-native, nonindigenous)",TRUE,USRIIS
"Mylopharyngodon piceus (Richardson, 1846)",Mylopharyngodon piceus,Animalia,1960,Latvia; Romania,LVA; ROU,27,brackish; freshwater,"introduced (alien, exotic, non-native, nonindigenous); introduced",TRUE,USRIIS; FirstRecords; GRIIS
"Myocastor coypus (Molina, 1782)",Myocastor coypus,Animalia,1882,Austria; Switzerland; Czech Republic; Germany; Spain; France; Croatia; Netherlands; Poland; Slovenia,AUT; CHE; CZE; DEU; ESP; FRA; HRV; NLD; POL; SVN,51,freshwater; terrestrial,"introduced (alien, exotic, non-native, nonindigenous); introduced",TRUE,USRIIS; TrIAS; FirstRecords; GRIIS; InstytutOchronyPrzyrody
"Myodes glareolus (Schreber, 1780)",Myodes glareolus,Animalia,1950,Ireland,IRL,2,terrestrial,introduced,TRUE,FirstRecords; GRIIS
Myoporum insulare R.Br.,Myoporum insulare,Plantae,1944,Portugal,PRT,5,terrestrial,introduced,TRUE,"SINAS, DAISIE; FirstRecords; GRIIS"
Myoporum laetum G. Forst.; Myoporum laetum G.Forst.,Myoporum laetum,Plantae,NA,NA,NA,5,terrestrial,"introduced (alien, exotic, non-native, nonindigenous); introduced",TRUE,USRIIS; FirstRecords; GRIIS
Myoporum montanum R.Br.,Myoporum montanum,Plantae,NA,NA,NA,2,terrestrial,introduced,TRUE,GRIIS
Myoporum tenuifolium G.Forst.,Myoporum tenuifolium,Plantae,1500,Italy,ITA,5,terrestrial,introduced,TRUE,DAISIE; FirstRecords; GRIIS
Myosotis arvensis (L.) Hill,Myosotis arvensis,Plantae,-2200,Czechia,CZE,17,terrestrial,"introduced (alien, exotic, non-native, nonindigenous); introduced",TRUE,DAISIE; USRIIS; FirstRecords; GRIIS
Myosotis azorica H.C. Watson ex Hook.; Myosotis azorica H.C.Watson,Myosotis azorica,Plantae,1943,United States,USA,2,terrestrial,"introduced (alien, exotic, non-native, nonindigenous); introduced",TRUE,USRIIS; FirstRecords; GRIIS
Myosotis discolor Pers.,Myosotis discolor,Plantae,1700,Sweden,SWE,10,terrestrial,"introduced (alien, exotic, non-native, nonindigenous); introduced",TRUE,DAISIE; USRIIS; FirstRecords; GRIIS
Myosotis latifolia Poir.,Myosotis latifolia,Plantae,1933,Chile,CHL,4,terrestrial,"introduced (alien, exotic, non-native, nonindigenous); introduced",TRUE,USRIIS; FirstRecords; GRIIS
Myosotis scorpioides L.,Myosotis scorpioides,Plantae,1732,Sweden,SWE,10,brackish; freshwater; terrestrial,introduced: assisted colonization; introduced,TRUE,USRIIS; FirstRecords; GRIIS
Myosotis sparsiflora J.C.Mikan ex Pohl,Myosotis sparsiflora,Plantae,1779,Sweden,SWE,5,terrestrial,introduced,TRUE,FirstRecords; GRIIS
Myosotis sylvatica Ehrh. ex Hoffm.,Myosotis sylvatica,Plantae,1700,Sweden,SWE,12,freshwater; terrestrial,"introduced (alien, exotic, non-native, nonindigenous); introduced",TRUE,DAISIE; USRIIS; FirstRecords; GRIIS
Myosotis verna Nutt.,Myosotis verna,Plantae,NA,NA,NA,1,terrestrial,introduced,TRUE,FirstRecords; GRIIS
Myricaria germanica Qaiser,Myricaria germanica,Plantae,1500,Bulgaria,BGR,2,terrestrial,introduced,TRUE,DAISIE; FirstRecords; GRIIS
Myriophyllum aquaticum (Vell.) Verdc.,Myriophyllum aquaticum,Plantae,1500,United Kingdom,GBR,40,freshwater; terrestrial,"introduced (alien, exotic, non-native, nonindigenous); introduced",TRUE,DAISIE; USRIIS; TrIAS; FirstRecords; GRIIS; B.Shrestha_NPL_2026
Myriophyllum heterophyllum Michx.,Myriophyllum heterophyllum,Plantae,1800,Austria,AUT,6,freshwater; terrestrial,introduced,TRUE,DAISIE; TrIAS; FirstRecords; GRIIS
"Myriophyllum pinnatum (Walter) Britton, Sterns & Poggenb.",Myriophyllum pinnatum,Plantae,NA,NA,NA,1,freshwater,introduced,TRUE,FirstRecords; GRIIS
Myriophyllum spicatum L.,Myriophyllum spicatum,Plantae,1830,South Africa,ZAF,13,brackish; freshwater; marine; terrestrial,"introduced (alien, exotic, non-native, nonindigenous); introduced",TRUE,USRIIS; FirstRecords; GRIIS; M.McGeoch_AUS_2025
"Myrmica rubra (Linnaeus, 1758)",Myrmica rubra,Animalia,1901,Canada,CAN,2,terrestrial,"introduced (alien, exotic, non-native, nonindigenous); introduced",TRUE,USRIIS; FirstRecords; GRIIS
Myrrhis odorata (L.) Scop.,Myrrhis odorata,Plantae,1500,Germany,DEU,18,freshwater; terrestrial,"introduced (alien, exotic, non-native, nonindigenous); introduced",TRUE,DAISIE; USRIIS; TrIAS; FirstRecords; GRIIS; Artsdatabanken; InstytutOchronyPrzyrody
"Mytilopsis leucophaeata (Conrad, 1831)",Mytilopsis leucophaeata,Animalia,1835,Belgium,BEL,5,brackish; freshwater,introduced,TRUE,TrIAS; FirstRecords; GRIIS
"Myxobolus cerebralis (Hofer, 1903)",Myxobolus cerebralis,Animalia,1956,United States,USA,1,brackish; freshwater; marine; terrestrial,"introduced (alien, exotic, non-native, nonindigenous)",TRUE,USRIIS
"Myzaphis turanica Nevsky, 1929",Myzaphis turanica,Animalia,NA,NA,NA,1,terrestrial,introduced,TRUE,GRIIS
"Myzus ascalonicus Doncaster, 1946",Myzus ascalonicus,Animalia,1907,Portugal,PRT,3,terrestrial,introduced,TRUE,"SINAS, DAISIE; FirstRecords; GRIIS; Artsdatabanken"
"Myzus ornatus Laing, 1932",Myzus ornatus,Animalia,1932,United Kingdom,GBR,3,terrestrial,"introduced (alien, exotic, non-native, nonindigenous); introduced",TRUE,"SINAS, DAISIE; USRIIS; FirstRecords; GRIIS"
"Myzus persicae (Sulzer, 1776)",Myzus persicae,Animalia,NA,NA,NA,2,terrestrial,introduced,TRUE,FirstRecords; GRIIS
"Myzus varians Davidson, 1912",Myzus varians,Animalia,1911,United States,USA,2,terrestrial,"introduced (alien, exotic, non-native, nonindigenous); introduced",TRUE,USRIIS; GRIIS
Najas marina L.,Najas marina,Plantae,1783,United States,USA,5,brackish; freshwater,"introduced (alien, exotic, non-native, nonindigenous); introduced",TRUE,USRIIS; FirstRecords; GRIIS
Najas minor All.,Najas minor,Plantae,1934,United States,USA,4,brackish; freshwater,"introduced (alien, exotic, non-native, nonindigenous); introduced",TRUE,USRIIS; FirstRecords; GRIIS
Najas pectinata (Parl.) Magnus,Najas pectinata,Plantae,NA,NA,NA,1,freshwater,introduced,TRUE,FirstRecords; GRIIS
"Nandayus nenday (Vieillot, 1823)",Nandayus nenday,Animalia,1900,United States,USA,6,terrestrial,"introduced (alien, exotic, non-native, nonindigenous); introduced",TRUE,USRIIS; TrIAS; FirstRecords; GRIIS
Nandina domestica Thunb.,Nandina domestica,Plantae,1843,Australia,AUS,7,terrestrial,"introduced (alien, exotic, non-native, nonindigenous); introduced",TRUE,USRIIS; FirstRecords; GRIIS
"Nanidorus minor (Colbran, 1956)",Nanidorus minor,Animalia,NA,NA,NA,1,terrestrial,introduced,TRUE,GRIIS; Artsdatabanken
Narcissus pseudonarcissus L.,Narcissus pseudonarcissus,Plantae,1500,Bulgaria,BGR,21,terrestrial,"introduced (alien, exotic, non-native, nonindigenous); introduced",TRUE,DAISIE; USRIIS; FirstRecords; GRIIS; Artsdatabanken
Nardus stricta L.,Nardus stricta,Plantae,1931,New Zealand,NZL,5,terrestrial,"introduced (alien, exotic, non-native, nonindigenous); introduced",TRUE,USRIIS; FirstRecords; GRIIS
Nassella neesiana (Trin. and Rupr.) Barkworth; Nassella neesiana (Trin. & Rupr.) Barkworth,Nassella neesiana,Plantae,1500,United Kingdom,GBR,10,terrestrial,"introduced (alien, exotic, non-native, nonindigenous); introduced",TRUE,DAISIE; USRIIS; TrIAS; FirstRecords; GRIIS
Nassella tenuissima (Trin.) Barkworth,Nassella tenuissima,Plantae,1890,Mexico,MEX,8,terrestrial,introduced,TRUE,SINAS; TrIAS; FirstRecords; GRIIS
Nassella trichotoma (Nees) Hack. ex Arechav.; Nassella trichotoma (Nees) Hack. & Arechav.,Nassella trichotoma,Plantae,1500,Italy,ITA,6,terrestrial,"introduced (alien, exotic, non-native, nonindigenous); introduced",TRUE,DAISIE; USRIIS; FirstRecords; GRIIS
Nasturtium microphyllum Boenn. ex Rchb.; Nasturtium microphyllum (Boenn. ex Rchb.) Rchb.,Nasturtium microphyllum,Plantae,1865,Australia,AUS,8,freshwater; terrestrial,"introduced (alien, exotic, non-native, nonindigenous); introduced",TRUE,USRIIS; FirstRecords; GRIIS
Nasturtium officinale R.Br.,Nasturtium officinale,Plantae,1650,South Africa,ZAF,22,freshwater; brackish; terrestrial,"introduced (alien, exotic, non-native, nonindigenous); introduced",TRUE,SINAS; USRIIS; FirstRecords; GRIIS
"Nasua nasua (Linnaeus, 1766)",Nasua nasua,Animalia,1935,Chile,CHL,4,terrestrial,introduced,TRUE,FirstRecords; GRIIS
"Nathrius brevipennis (Mulsant, 1839)",Nathrius brevipennis,Animalia,1900,Norway,NOR,9,terrestrial,"introduced (alien, exotic, non-native, nonindigenous); introduced",TRUE,SINAS; USRIIS; FirstRecords; GRIIS
"Naupactus cervinus Boheman, 1840",Naupactus cervinus,Animalia,1879,United States,USA,4,terrestrial,"introduced (alien, exotic, non-native, nonindigenous); introduced",TRUE,USRIIS; FirstRecords; GRIIS
"Nealsomyia rufella (Bezzi, 1925)",Nealsomyia rufella,Animalia,1995,Japan,JPN,1,terrestrial,introduced,TRUE,FirstRecords; GRIIS
"Necrobia ruficollis (Fabricius, 1775)",Necrobia ruficollis,Animalia,1830,United States,USA,6,terrestrial,"introduced (alien, exotic, non-native, nonindigenous); introduced",TRUE,USRIIS; FirstRecords; GRIIS
"Necrobia rufipes (De Geer, 1775); Necrobia rufipes (Fabricius, 1781)",Necrobia rufipes,Animalia,1834,United States,USA,9,terrestrial,"introduced (alien, exotic, non-native, nonindigenous); introduced",TRUE,USRIIS; FirstRecords; GRIIS
Nelumbo nucifera Gaertn.,Nelumbo nucifera,Plantae,1500,Italy,ITA,9,freshwater; terrestrial,"introduced (alien, exotic, non-native, nonindigenous); introduced",TRUE,DAISIE; USRIIS; FirstRecords; GRIIS
"Nemapogon granella (Linnaeus, 1758)",Nemapogon granella,Animalia,1565,United States,USA,4,terrestrial,"introduced (alien, exotic, non-native, nonindigenous); introduced",TRUE,USRIIS; FirstRecords; GRIIS
"Nematodirus battus Crofton & Thomas, 1951",Nematodirus battus,Animalia,1955,Norway,NOR,1,terrestrial,introduced,TRUE,SINAS; GRIIS; Artsdatabanken
"Neocaridina davidi (Bouvier, 1904)",Neocaridina davidi,Animalia,2011,Germany,DEU,2,freshwater,introduced,TRUE,FirstRecords; GRIIS
"Neoclytus acuminatus (Fabricius, 1775)",Neoclytus acuminatus,Animalia,1908,Italy,ITA,6,terrestrial,introduced,TRUE,FirstRecords; GRIIS
"Neodiprion sertifer (Geoffroy); Neodiprion sertifer (Geoffroy, 1785)",Neodiprion sertifer,Animalia,1925,United States,USA,2,terrestrial,"introduced (alien, exotic, non-native, nonindigenous); introduced",TRUE,USRIIS; FirstRecords; GRIIS
"Neoergasilus japonicus (Harada, 1930)",Neoergasilus japonicus,Animalia,1980,United Kingdom,GBR,3,freshwater,"introduced (alien, exotic, non-native, nonindigenous); introduced",TRUE,SINAS; USRIIS; GRIIS
"Neogobius fluviatilis (Pallas, 1814)",Neogobius fluviatilis,Animalia,1930,Belarus,BLR,14,brackish; freshwater,introduced,TRUE,DAISIE; TrIAS; FirstRecords; GRIIS; InstytutOchronyPrzyrody
"Neogobius melanostomus (Pallas, 1814)",Neogobius melanostomus,Animalia,1930,Norway,NOR,23,brackish; freshwater,"introduced (alien, exotic, non-native, nonindigenous); introduced",TRUE,SINAS; USRIIS; TrIAS; FirstRecords; GRIIS
"Neohydronomus pulchellus Hustache, 1926",Neohydronomus pulchellus,Animalia,NA,NA,NA,1,terrestrial,introduced,TRUE,FirstRecords; GRIIS
"Neolamprologus brichardi (Poll, 1974)",Neolamprologus brichardi,Animalia,NA,NA,NA,1,freshwater,introduced,TRUE,FirstRecords; GRIIS
"Neomyzus circumflexus (Buckton, 1876)",Neomyzus circumflexus,Animalia,1876,United Kingdom,GBR,2,terrestrial,"introduced (alien, exotic, non-native, nonindigenous); introduced",TRUE,"SINAS, DAISIE; USRIIS; GRIIS"
Neonotonia wightii (Wight and Arn.) J.A. Lackey; Neonotonia wightii (Wight & Arn.) J.A.Lackey,Neonotonia wightii,Plantae,1881,South Africa,ZAF,8,terrestrial,"introduced (alien, exotic, non-native, nonindigenous); introduced",TRUE,USRIIS; FirstRecords; GRIIS
"Neostylopyga rhombifolia (Stoll, 1813)",Neostylopyga rhombifolia,Animalia,1917,United States,USA,3,terrestrial,"introduced (alien, exotic, non-native, nonindigenous); introduced",TRUE,USRIIS; FirstRecords; GRIIS
"Neotoxoptera formosana (Takahashi, 1921)",Neotoxoptera formosana,Animalia,1927,United States,USA,2,terrestrial,"introduced (alien, exotic, non-native, nonindigenous); introduced",TRUE,USRIIS; GRIIS
"Neotragus moschatus (Von Dueben, 1846)",Neotragus moschatus,Animalia,NA,NA,NA,1,terrestrial,introduced,TRUE,FirstRecords; GRIIS
Nepeta cataria L.,Nepeta cataria,Plantae,-5300,Czechia,CZE,18,freshwater; terrestrial,"introduced (alien, exotic, non-native, nonindigenous); introduced",TRUE,DAISIE; USRIIS; FirstRecords; GRIIS; Artsdatabanken; InstytutOchronyPrzyrody
Nephrolepis brownii (Desv.) Hovenkamp and Miyam.; Nephrolepis brownii (Desv.) Hovenkamp & Miyam.,Nephrolepis brownii,Plantae,1940,United States,USA,8,terrestrial,"introduced (alien, exotic, non-native, nonindigenous); introduced",TRUE,USRIIS; FirstRecords; GRIIS; M.McGeoch_AUS_2025
Nephrolepis cordifolia (L.) C. Presl; Nephrolepis cordifolia (L.) C.Presl,Nephrolepis cordifolia,Plantae,1500,Italy,ITA,10,terrestrial,"introduced (alien, exotic, non-native, nonindigenous); introduced",TRUE,DAISIE; USRIIS; FirstRecords; GRIIS
Nephrolepis falcata (Cav.) C. Chr.; Nephrolepis falcata (Cav.) C.Chr.,Nephrolepis falcata,Plantae,1923,United States,USA,2,terrestrial,"introduced (alien, exotic, non-native, nonindigenous); introduced",TRUE,USRIIS; FirstRecords; GRIIS
Nephrolepis hirsutula (G.Forst.) C.Presl,Nephrolepis hirsutula,Plantae,NA,NA,NA,3,terrestrial,introduced,TRUE,FirstRecords; GRIIS
Neptunia plena (L.) Benth.,Neptunia plena,Plantae,1950,Indonesia,IDN,9,terrestrial,introduced,TRUE,SINAS; FirstRecords; GRIIS
Nerium oleander L.,Nerium oleander,Plantae,1400,China,CHN,33,terrestrial,"introduced (alien, exotic, non-native, nonindigenous); introduced",TRUE,SINAS; USRIIS; FirstRecords; GRIIS
Neslia paniculata (L.) Desv.,Neslia paniculata,Plantae,-5300,Czechia,CZE,15,terrestrial,"introduced (alien, exotic, non-native, nonindigenous); introduced",TRUE,DAISIE; USRIIS; FirstRecords; GRIIS; InstytutOchronyPrzyrody
Neurada procumbens L.,Neurada procumbens,Plantae,1960,Spain,ESP,2,terrestrial,introduced,TRUE,FirstRecords; GRIIS
Neurolaena lobata (L.) Cass.; Neurolaena lobata (L.) R.Br.,Neurolaena lobata,Plantae,NA,NA,NA,2,terrestrial,"introduced (alien, exotic, non-native, nonindigenous); introduced",TRUE,USRIIS; GRIIS
Neustanthus phaseoloides (Roxb.) Benth.,Neustanthus phaseoloides,Plantae,1972,Jamaica,JAM,31,terrestrial,introduced,TRUE,FirstRecords; GRIIS
Neyraudia reynaudiana (Kunth) Keng ex Hitchc.,Neyraudia reynaudiana,Plantae,1861,United States,USA,3,terrestrial,"introduced (alien, exotic, non-native, nonindigenous); introduced",TRUE,USRIIS; FirstRecords; GRIIS
"Nezara viridula (Linnaeus, 1758)",Nezara viridula,Animalia,1920,United States,USA,8,terrestrial,"introduced (alien, exotic, non-native, nonindigenous); introduced",TRUE,USRIIS; GRIIS; InstytutOchronyPrzyrody
Nicandra physalodes (L.) Gaertn.,Nicandra physalodes,Plantae,1500,Bulgaria,BGR,68,freshwater; terrestrial,"introduced (alien, exotic, non-native, nonindigenous); introduced",TRUE,DAISIE; USRIIS; TrIAS; FirstRecords; GRIIS
Nicotiana glauca Graham,Nicotiana glauca,Plantae,1500,Italy,ITA,48,terrestrial,"introduced (alien, exotic, non-native, nonindigenous); introduced",TRUE,DAISIE; USRIIS; TrIAS; FirstRecords; GRIIS
Nicotiana paniculata L.,Nicotiana paniculata,Plantae,1947,Spain,ESP,1,terrestrial,introduced,TRUE,FirstRecords; GRIIS
Nicotiana plumbaginifolia Viv.,Nicotiana plumbaginifolia,Plantae,1874,India,IND,5,terrestrial,"introduced (alien, exotic, non-native, nonindigenous); introduced",TRUE,USRIIS; FirstRecords; GRIIS
Nicotiana tabacum L.,Nicotiana tabacum,Plantae,1500,Germany,DEU,56,terrestrial,"introduced (alien, exotic, non-native, nonindigenous); introduced",TRUE,DAISIE; USRIIS; TrIAS; FirstRecords; GRIIS
"Niditinea fuscella (Linnaeus, 1758)",Niditinea fuscella,Animalia,1565,United States,USA,2,terrestrial,"introduced (alien, exotic, non-native, nonindigenous); introduced",TRUE,USRIIS; FirstRecords; GRIIS
Nidorella aegyptiaca (L.) J.C.Manning & Goldblatt,Nidorella aegyptiaca,Plantae,NA,NA,NA,2,terrestrial,introduced,TRUE,FirstRecords; GRIIS
Nierembergia linariifolia Graham,Nierembergia linariifolia,Plantae,NA,NA,NA,5,terrestrial,"introduced (alien, exotic, non-native, nonindigenous); introduced",TRUE,USRIIS; FirstRecords; GRIIS
Nitellopsis obtusa (Desv.) J.Groves,Nitellopsis obtusa,Plantae,1978,United States,USA,1,brackish; freshwater,"introduced (alien, exotic, non-native, nonindigenous)",TRUE,USRIIS
Noaea mucronata (Forssk.) Asch. & Schweinf.,Noaea mucronata,Plantae,NA,NA,NA,1,terrestrial,introduced,TRUE,FirstRecords; GRIIS
Noccaea perfoliata (L.) Al-Shehbaz,Noccaea perfoliata,Plantae,1600,Sweden,SWE,7,terrestrial,introduced,TRUE,FirstRecords; GRIIS
Nonea pulla (L.) DC.,Nonea pulla,Plantae,1854,Latvia,LVA,13,freshwater; terrestrial,introduced,TRUE,TrIAS; FirstRecords; GRIIS
Noronhia emarginata (Lam.) Thouars; Noronhia emarginata (Lam.) Poir.,Noronhia emarginata,Plantae,1916,United States,USA,4,terrestrial,"introduced (alien, exotic, non-native, nonindigenous); introduced",TRUE,USRIIS; FirstRecords; GRIIS
"Notemigonus crysoleucas (Mitchill, 1814)",Notemigonus crysoleucas,Animalia,1973,Mexico,MEX,1,brackish; freshwater,introduced,TRUE,FirstRecords; GRIIS
Nothoscordum borbonicum Kunth; Nothoscordum × borbonicum Kunth,Nothoscordum borbonicum,Plantae,1500,United Kingdom,GBR,7,terrestrial,"introduced (alien, exotic, non-native, nonindigenous); introduced",TRUE,DAISIE; USRIIS; FirstRecords; GRIIS
Nothoscordum gracile (Aiton) Stearn,Nothoscordum gracile,Plantae,1870,Japan,JPN,11,terrestrial,"introduced (alien, exotic, non-native, nonindigenous); introduced",TRUE,USRIIS; FirstRecords; GRIIS; M.McGeoch_AUS_2025
Notobasis syriaca (L.) Cass.,Notobasis syriaca,Plantae,1909,Belgium,BEL,4,terrestrial,introduced,TRUE,TrIAS; FirstRecords; GRIIS
Nuttallanthus canadensis (L.) D.A.Sutton,Nuttallanthus canadensis,Plantae,1875,Chile,CHL,6,terrestrial,introduced,TRUE,SINAS; FirstRecords; GRIIS
"Nyctereutes procyonoides (Gray, 1834)",Nyctereutes procyonoides,Animalia,1926,Russia,RUS,31,terrestrial,introduced,TRUE,TrIAS; FirstRecords; GRIIS; InstytutOchronyPrzyrody
Nymphaea L.,Nymphaea,Plantae,NA,NA,NA,7,freshwater; terrestrial,introduced,TRUE,GRIIS; FirstRecords
Nymphaea alba L.,Nymphaea alba,Plantae,1930,China,CHN,7,freshwater,"introduced (alien, exotic, non-native, nonindigenous); introduced",TRUE,SINAS; USRIIS; FirstRecords; GRIIS
Nymphaea capensis Thunb.; Nymphaea capensis Baill.,Nymphaea capensis,Plantae,1897,United States,USA,3,freshwater; terrestrial,"introduced (alien, exotic, non-native, nonindigenous); introduced",TRUE,USRIIS; FirstRecords; GRIIS
Nymphaea lotus L.,Nymphaea lotus,Plantae,1798,Romania,ROU,12,freshwater; terrestrial,"introduced (alien, exotic, non-native, nonindigenous); introduced",TRUE,"SINAS, DAISIE; USRIIS; FirstRecords; GRIIS"
Nymphaea ×marliacea Lat.-Marl.; Nymphaea × marliacea Lat.-Marl.,Nymphaea marliacea,Plantae,1996,Australia,AUS,7,freshwater,introduced,TRUE,SINAS; TrIAS; FirstRecords; GRIIS
Nymphaea mexicana Zucc.,Nymphaea mexicana,Plantae,1500,Italy,ITA,8,freshwater; terrestrial,introduced,TRUE,DAISIE; FirstRecords; GRIIS
Nymphaea micrantha Guillaumin & Perr.,Nymphaea micrantha,Plantae,NA,NA,NA,1,freshwater,introduced,TRUE,FirstRecords; GRIIS
Nymphaea odorata Aiton; Nymphaea odorata Sol. ex Aiton,Nymphaea odorata,Plantae,1977,Australia,AUS,4,freshwater; terrestrial,"introduced (alien, exotic, non-native, nonindigenous); introduced",TRUE,USRIIS; FirstRecords; GRIIS
"Nymphicus hollandicus (Kerr, 1792)",Nymphicus hollandicus,Animalia,1975,Belgium,BEL,7,terrestrial,introduced,TRUE,TrIAS; FirstRecords; GRIIS
Nymphoides hydrophylla (Lour.) Kuntze,Nymphoides hydrophylla,Plantae,1967,Iran,IRN,2,freshwater; terrestrial,introduced,TRUE,FirstRecords; GRIIS
Nymphoides indica (L.) Kuntze,Nymphoides indica,Plantae,1983,United States,USA,3,freshwater; terrestrial,"introduced (alien, exotic, non-native, nonindigenous); introduced",TRUE,USRIIS; FirstRecords; GRIIS
Nymphoides peltata (S.G. Gmel.) Kuntze; Nymphoides peltata (S.G.Gmel.) Kuntze,Nymphoides peltata,Plantae,1500,Switzerland,CHE,7,freshwater; brackish; terrestrial,"introduced (alien, exotic, non-native, nonindigenous); introduced",TRUE,DAISIE; USRIIS; FirstRecords; GRIIS; Artsdatabanken
Nypa fruticans Wurmb,Nypa fruticans,Plantae,NA,NA,NA,3,brackish; terrestrial,introduced,TRUE,FirstRecords; GRIIS
"Obesogammarus crassus (G.O.Sars, 1894)",Obesogammarus crassus,Animalia,NA,NA,NA,2,brackish; freshwater,introduced,TRUE,FirstRecords; GRIIS
"Obesogammarus obesus (G.O.Sars, 1894)",Obesogammarus obesus,Animalia,NA,NA,NA,2,freshwater,introduced,TRUE,FirstRecords; GRIIS
"Obolodiplosis robiniae (Haldeman, 1847)",Obolodiplosis robiniae,Animalia,2003,Italy,ITA,9,terrestrial,introduced,TRUE,"GBIF, SINAS, EPPO Distribution, DAISIE; FirstRecords; GRIIS; InstytutOchronyPrzyrody"
Ochna serrulata (Hochst.) Walp.,Ochna serrulata,Plantae,1932,Australia,AUS,4,terrestrial,"introduced (alien, exotic, non-native, nonindigenous); introduced",TRUE,USRIIS; FirstRecords; GRIIS
Ochrosia elliptica Labill.,Ochrosia elliptica,Plantae,1920,Australia,AUS,4,terrestrial,"introduced (alien, exotic, non-native, nonindigenous); introduced",TRUE,SINAS; USRIIS; FirstRecords; GRIIS
Ocimum americanum L.,Ocimum americanum,Plantae,1889,Madagascar,MDG,8,terrestrial,introduced,TRUE,FirstRecords; GRIIS
Ocimum basilicum L.,Ocimum basilicum,Plantae,1500,Czechia,CZE,39,terrestrial,"introduced (alien, exotic, non-native, nonindigenous); introduced",TRUE,DAISIE; USRIIS; TrIAS; FirstRecords; GRIIS
Ocimum gratissimum L.,Ocimum gratissimum,Plantae,1918,China,CHN,21,terrestrial,"introduced (alien, exotic, non-native, nonindigenous); introduced",TRUE,SINAS; USRIIS; FirstRecords; GRIIS
"Octodonta nipae (Maulik, 1921)",Octodonta nipae,Animalia,2001,China,CHN,1,terrestrial,introduced,TRUE,FirstRecords; GRIIS
"Odocoileus hemionus (Rafinesque, 1817)",Odocoileus hemionus,Animalia,1877,New Zealand,NZL,3,terrestrial,"introduced (alien, exotic, non-native, nonindigenous); introduced",TRUE,SINAS; USRIIS; FirstRecords; GRIIS
"Odocoileus virginianus (Zimmermann, 1780)",Odocoileus virginianus,Animalia,1670,Antigua & Barbuda,ATG,9,terrestrial,introduced,TRUE,SINAS; FirstRecords; GRIIS
"Odontarrhena corsica (Duby) Španiel, Al-Shehbaz, D.A.German & Marhold",Odontarrhena corsica,Plantae,NA,NA,NA,1,terrestrial,introduced,TRUE,FirstRecords; GRIIS
Odontarrhena muralis (Waldst. & Kit.) Endl.,Odontarrhena muralis,Plantae,1850,Belgium,BEL,6,terrestrial,introduced,TRUE,TrIAS; FirstRecords; GRIIS
"Odontesthes bonariensis (Valenciennes, 1835)",Odontesthes bonariensis,Animalia,1943,Brazil,BRA,7,brackish; freshwater; marine,introduced,TRUE,FirstRecords; GRIIS
Odontites vernus (Bellardi) Dumort.,Odontites vernus,Plantae,1500,Poland,POL,4,terrestrial,"introduced (alien, exotic, non-native, nonindigenous); introduced",TRUE,USRIIS; FirstRecords; GRIIS; InstytutOchronyPrzyrody
Odontites vulgaris Moench,Odontites vulgaris,Plantae,1820,Norway,NOR,5,terrestrial,"introduced (alien, exotic, non-native, nonindigenous); introduced",TRUE,SINAS; USRIIS; FirstRecords; GRIIS; Artsdatabanken
"Odontomachus ruginodis Smith, 1937",Odontomachus ruginodis,Animalia,2005,Costa Rica,CRI,2,terrestrial,"introduced (alien, exotic, non-native, nonindigenous); introduced",TRUE,USRIIS; FirstRecords; GRIIS
Odontonema cuspidatum (Nees) Kuntze,Odontonema cuspidatum,Plantae,1937,United States,USA,9,terrestrial,"introduced (alien, exotic, non-native, nonindigenous); introduced",TRUE,USRIIS; FirstRecords; GRIIS
Odontonema nitidum (Jacq.) Kuntze,Odontonema nitidum,Plantae,NA,NA,NA,2,terrestrial,introduced,TRUE,FirstRecords; GRIIS
Odontonema tubaeforme (Bertol.) Kuntze,Odontonema tubaeforme,Plantae,1985,Australia,AUS,13,terrestrial,"introduced (alien, exotic, non-native, nonindigenous); introduced",TRUE,USRIIS; FirstRecords; GRIIS
Oenanthe javanica (Blume) DC.,Oenanthe javanica,Plantae,1500,Italy,ITA,3,freshwater; terrestrial,"introduced (alien, exotic, non-native, nonindigenous); introduced",TRUE,DAISIE; USRIIS; FirstRecords; GRIIS
Oenothera × adriatica Soldano,Oenothera adriatica,Plantae,NA,NA,NA,1,terrestrial,introduced,TRUE,FirstRecords; GRIIS
Oenothera affinis Cambess.,Oenothera affinis,Plantae,1880,Australia; Portugal,AUS; PRT,5,terrestrial,"introduced (alien, exotic, non-native, nonindigenous); introduced",TRUE,USRIIS; TrIAS; FirstRecords; GRIIS
Oenothera biennis L.,Oenothera biennis,Plantae,1500,Bulgaria,BGR,49,freshwater; terrestrial,"introduced (alien, exotic, non-native, nonindigenous); introduced",TRUE,DAISIE; USRIIS; TrIAS; FirstRecords; GRIIS; Artsdatabanken; InstytutOchronyPrzyrody
Oenothera curtiflora W.L. Wagner and Hoch; Oenothera curtiflora W.L.Wagner & Hoch,Oenothera curtiflora,Plantae,1929,Australia,AUS,5,terrestrial,"introduced (alien, exotic, non-native, nonindigenous); introduced",TRUE,USRIIS; TrIAS; FirstRecords; GRIIS
Oenothera drummondii Hook.,Oenothera drummondii,Plantae,1871,Egypt,EGY,8,terrestrial,introduced,TRUE,SINAS; FirstRecords; GRIIS
Oenothera glazioviana Micheli,Oenothera glazioviana,Plantae,1500,Switzerland,CHE,43,terrestrial,"introduced (alien, exotic, non-native, nonindigenous); introduced",TRUE,DAISIE; USRIIS; TrIAS; FirstRecords; GRIIS; Artsdatabanken; InstytutOchronyPrzyrody
Oenothera grandiflora L'Her.,Oenothera grandiflora,Plantae,1500,Italy,ITA,5,terrestrial,introduced,TRUE,DAISIE; FirstRecords; GRIIS
Oenothera grandis (Britton) Rydb.,Oenothera grandis,Plantae,2001,Japan,JPN,1,terrestrial,introduced,TRUE,FirstRecords; GRIIS
Oenothera indecora Cambess.,Oenothera indecora,Plantae,1889,Portugal,PRT,12,terrestrial,introduced,TRUE,"SINAS, DAISIE; TrIAS; FirstRecords; GRIIS"
Oenothera jamesii Torr. & A.Gray,Oenothera jamesii,Plantae,1858,South Africa,ZAF,3,terrestrial,introduced,TRUE,FirstRecords; GRIIS
Oenothera laciniata Hill,Oenothera laciniata,Plantae,1500,Italy,ITA,19,terrestrial,"introduced (alien, exotic, non-native, nonindigenous); introduced",TRUE,DAISIE; USRIIS; TrIAS; FirstRecords; GRIIS
Oenothera × latipetala (Soldano) Soldano,Oenothera latipetala,Plantae,NA,NA,NA,1,terrestrial,introduced,TRUE,FirstRecords; GRIIS
Oenothera longiflora L.,Oenothera longiflora,Plantae,1864,Portugal,PRT,4,terrestrial,introduced,TRUE,FirstRecords; GRIIS
Oenothera oakesiana (A.Gray) J.W.Robbins ex S.Watson,Oenothera oakesiana,Plantae,1500,Germany,DEU,13,terrestrial,introduced,TRUE,DAISIE; TrIAS; FirstRecords; GRIIS; InstytutOchronyPrzyrody
Oenothera parodiana Munz,Oenothera parodiana,Plantae,1909,South Africa,ZAF,5,terrestrial,introduced,TRUE,FirstRecords; GRIIS
Oenothera parviflora L.,Oenothera parviflora,Plantae,1500,Bulgaria,BGR,18,terrestrial,introduced,TRUE,DAISIE; TrIAS; FirstRecords; GRIIS; InstytutOchronyPrzyrody
Oenothera rosea Aiton,Oenothera rosea,Plantae,1500,Italy,ITA,20,terrestrial,introduced,TRUE,DAISIE; TrIAS; FirstRecords; GRIIS
Oenothera ×rubricaulis Kleb.; Oenothera × rubricaulis Kleb.,Oenothera rubricaulis,Plantae,1850,Austria,AUT,13,terrestrial,introduced,TRUE,DAISIE; TrIAS; FirstRecords; GRIIS
Oenothera × sesitensis Soldano,Oenothera sesitensis,Plantae,NA,NA,NA,1,terrestrial,introduced,TRUE,FirstRecords; GRIIS
Oenothera stricta Ledeb. ex Link; Oenothera stricta Link,Oenothera stricta,Plantae,1500,Bulgaria,BGR,20,terrestrial,"introduced (alien, exotic, non-native, nonindigenous); introduced",TRUE,DAISIE; USRIIS; TrIAS; FirstRecords; GRIIS
Oenothera × stucchii Soldano,Oenothera stucchii,Plantae,NA,NA,NA,2,terrestrial,introduced,TRUE,FirstRecords; GRIIS
Oenothera tetraptera Cav.,Oenothera tetraptera,Plantae,1864,Portugal,PRT,9,terrestrial,introduced,TRUE,"SINAS, DAISIE; FirstRecords; GRIIS"
Oenothera villosa Thunb.,Oenothera villosa,Plantae,1500,Germany,DEU,17,freshwater; terrestrial,introduced,TRUE,DAISIE; FirstRecords; GRIIS; InstytutOchronyPrzyrody
"Oithona davisae Ferrari and Orsi, 1984; Oithona davisae Ferrari F.D. & Orsi, 1984",Oithona davisae,Animalia,1963,United States,USA,3,brackish; freshwater; marine,"introduced (alien, exotic, non-native, nonindigenous); introduced",TRUE,USRIIS; FirstRecords; GRIIS
Oldenlandia corymbosa L.,Oldenlandia corymbosa,Plantae,1851,Madagascar,MDG,25,terrestrial,"introduced (alien, exotic, non-native, nonindigenous); introduced",TRUE,USRIIS; FirstRecords; GRIIS
Oldenlandia pumila (L.f.) DC.,Oldenlandia pumila,Plantae,NA,NA,NA,3,terrestrial,introduced,TRUE,FirstRecords; GRIIS
Olea europaea L.,Olea europaea,Plantae,1843,Australia,AUS,9,terrestrial,"introduced (alien, exotic, non-native, nonindigenous); introduced",TRUE,USRIIS; FirstRecords; GRIIS
Olea europaea subsp. cuspidata (Wall. & G.Don) Cif.,Olea europaea cuspidata,Plantae,2010,Australia,AUS,1,terrestrial,introduced,TRUE,FirstRecords; GRIIS; M.McGeoch_AUS_2025
"Ommatoiulus moreleti (Lucas, 1860)",Ommatoiulus moreleti,Animalia,NA,NA,NA,2,terrestrial,introduced,TRUE,FirstRecords; GRIIS
"Oncorhynchus aguabonita (Jordan, 1892)",Oncorhynchus aguabonita,Animalia,1959,Canada,CAN,2,freshwater,introduced,TRUE,FirstRecords; GRIIS
"Oncorhynchus clarkii (Richardson, 1836)",Oncorhynchus clarkii,Animalia,1882,New Zealand,NZL,6,freshwater,introduced,TRUE,SINAS; FirstRecords; GRIIS
"Oncorhynchus gorbuscha (Walbaum, 1792)",Oncorhynchus gorbuscha,Animalia,1905,Norway,NOR,12,brackish; freshwater; marine,introduced,TRUE,SINAS; FirstRecords; GRIIS; Artsdatabanken
"Oncorhynchus keta (Walbaum, 1792)",Oncorhynchus keta,Animalia,1932,Russia,RUS,7,brackish; freshwater; marine,introduced,TRUE,FirstRecords; GRIIS
"Oncorhynchus kisutch (Walbaum, 1792)",Oncorhynchus kisutch,Animalia,1859,Poland,POL,15,brackish; freshwater; marine,introduced,TRUE,SINAS; TrIAS; FirstRecords; GRIIS
"Oncorhynchus mykiss (Walbaum, 1792)",Oncorhynchus mykiss,Animalia,1851,Croatia,HRV,93,freshwater; brackish; terrestrial,"introduced (alien, exotic, non-native, nonindigenous); introduced",TRUE,DAISIE; USRIIS; TrIAS; FirstRecords; GRIIS; Artsdatabanken
"Oncorhynchus nerka (Walbaum, 1792)",Oncorhynchus nerka,Animalia,1894,Japan,JPN,7,brackish; freshwater; marine,introduced,TRUE,FirstRecords; GRIIS
"Oncorhynchus tshawytscha (Walbaum, 1792)",Oncorhynchus tshawytscha,Animalia,1873,Canada,CAN,12,brackish; freshwater; marine,introduced,TRUE,SINAS; FirstRecords; GRIIS
"Ondatra zibethicus (Linnaeus, 1766)",Ondatra zibethicus,Animalia,1837,Canada,CAN,44,freshwater; brackish; terrestrial,introduced,TRUE,SINAS; TrIAS; FirstRecords; GRIIS; Artsdatabanken; InstytutOchronyPrzyrody
Onobrychis viciifolia Scop.,Onobrychis viciifolia,Plantae,1500,Germany,DEU,23,freshwater; terrestrial,"introduced (alien, exotic, non-native, nonindigenous); introduced",TRUE,DAISIE; USRIIS; TrIAS; FirstRecords; GRIIS; InstytutOchronyPrzyrody
Onopordum acanthium L.,Onopordum acanthium,Plantae,1500,Poland,POL,20,freshwater; terrestrial,"introduced (alien, exotic, non-native, nonindigenous); introduced",TRUE,USRIIS; FirstRecords; GRIIS; InstytutOchronyPrzyrody
Onopordum illyricum L.,Onopordum illyricum,Plantae,1892,Austria,AUT,5,terrestrial,"introduced (alien, exotic, non-native, nonindigenous); introduced",TRUE,USRIIS; FirstRecords; GRIIS
Operculina turpethum (L.) Silva Manso,Operculina turpethum,Plantae,NA,NA,NA,8,terrestrial,introduced,TRUE,FirstRecords; GRIIS
Operculina ventricosa (Bertero) Peter,Operculina ventricosa,Plantae,NA,NA,NA,4,terrestrial,introduced,TRUE,GRIIS
"Operophtera brumata (Linnaeus, 1758)",Operophtera brumata,Animalia,1928,Iceland,ISL,4,terrestrial,"introduced (alien, exotic, non-native, nonindigenous); introduced",TRUE,USRIIS; FirstRecords; GRIIS
"Opilio canestrinii (Thorell, 1876)",Opilio canestrinii,Animalia,1960,Norway,NOR,8,terrestrial,introduced,TRUE,SINAS; FirstRecords; GRIIS; Artsdatabanken; InstytutOchronyPrzyrody
"Opisthoplatia orientalis (Burmeister, 1838)",Opisthoplatia orientalis,Animalia,1979,Japan,JPN,1,terrestrial,introduced,TRUE,FirstRecords; GRIIS
Oplismenus compositus (L.) P. Beauv.; Oplismenus compositus (L.) P.Beauv.,Oplismenus compositus,Plantae,1966,United States,USA,16,terrestrial,"introduced (alien, exotic, non-native, nonindigenous); introduced",TRUE,USRIIS; FirstRecords; GRIIS
Oplismenus hirtellus (L.) P. Beauv.; Oplismenus hirtellus (L.) P.Beauv.,Oplismenus hirtellus,Plantae,1895,United States,USA,18,terrestrial,"introduced (alien, exotic, non-native, nonindigenous); introduced",TRUE,USRIIS; TrIAS; FirstRecords; GRIIS
Oplismenus undulatifolius (Ard.) P. Beauv.; Oplismenus undulatifolius (Ard.) P.Beauv.,Oplismenus undulatifolius,Plantae,1850,United States,USA,5,terrestrial,"introduced (alien, exotic, non-native, nonindigenous); introduced",TRUE,USRIIS; FirstRecords; GRIIS
"Opogona omoscopa (Meyrick, 1893)",Opogona omoscopa,Animalia,1914,New Zealand,NZL,5,terrestrial,"introduced (alien, exotic, non-native, nonindigenous); introduced",TRUE,SINAS; USRIIS; FirstRecords; GRIIS
"Opogona sacchari (Bojer, 1856)",Opogona sacchari,Animalia,1910,Portugal,PRT,10,terrestrial,"introduced (alien, exotic, non-native, nonindigenous); introduced",TRUE,SINAS; USRIIS; FirstRecords; GRIIS
"Opsariichthys uncirostris (Temminck & Schlegel, 1846)",Opsariichthys uncirostris,Animalia,NA,NA,NA,1,freshwater,introduced,TRUE,FirstRecords; GRIIS
Opuntia aurantiaca Gillies ex Lindl.,Opuntia aurantiaca,Plantae,1843,South Africa,ZAF,4,terrestrial,introduced,TRUE,FirstRecords; GRIIS
Opuntia cochenillifera (L.) Mill.,Opuntia cochenillifera,Plantae,1843,Australia,AUS,14,terrestrial,introduced,TRUE,SINAS; FirstRecords; GRIIS
Opuntia dejecta Salm-Dyck,Opuntia dejecta,Plantae,1500,Italy,ITA,3,terrestrial,introduced,TRUE,DAISIE; FirstRecords; GRIIS
Opuntia dillenii (Ker Gawl.) Haw.,Opuntia dillenii,Plantae,NA,NA,NA,16,terrestrial,introduced,TRUE,GRIIS
Opuntia elata Link & Otto,Opuntia elata,Plantae,1965,Australia,AUS,4,terrestrial,introduced,TRUE,FirstRecords; GRIIS
Opuntia elata var. elata,Opuntia elata elata,Plantae,NA,NA,NA,1,terrestrial,introduced,TRUE,FirstRecords; GRIIS
Opuntia elatior Mill.,Opuntia elatior,Plantae,1500,Italy,ITA,5,terrestrial,introduced,TRUE,DAISIE; FirstRecords; GRIIS
Opuntia engelmannii Salm-Dyck ex Engelm.,Opuntia engelmannii,Plantae,1978,Australia,AUS,11,terrestrial,introduced,TRUE,FirstRecords; GRIIS
Opuntia engelmannii var. lindheimeri (Engelm.) B.D.Parfitt & Pinkava,Opuntia engelmannii lindheimeri,Plantae,NA,NA,NA,1,terrestrial,introduced,TRUE,FirstRecords; GRIIS
Opuntia ficus-indica (L.) Mill.,Opuntia ficus-indica,Plantae,1500,Spain,ESP,53,terrestrial,"introduced (alien, exotic, non-native, nonindigenous); introduced",TRUE,DAISIE; USRIIS; FirstRecords; GRIIS
Opuntia humifusa (Raf.) Raf.,Opuntia humifusa,Plantae,1933,Bulgaria,BGR,12,terrestrial,introduced,TRUE,FirstRecords; GRIIS
Opuntia leucotricha DC.,Opuntia leucotricha,Plantae,1500,Italy,ITA,7,terrestrial,"introduced (alien, exotic, non-native, nonindigenous); introduced",TRUE,DAISIE; USRIIS; FirstRecords; GRIIS
Opuntia maxima Mill.,Opuntia maxima,Plantae,1500,Italy,ITA,5,terrestrial,introduced,TRUE,DAISIE; FirstRecords; GRIIS
Opuntia microdasys (Lehm.) Pfeiff.,Opuntia microdasys,Plantae,1500,Italy,ITA,11,terrestrial,"introduced (alien, exotic, non-native, nonindigenous); introduced",TRUE,DAISIE; USRIIS; FirstRecords; GRIIS
Opuntia monacantha (Willd.) Haw.; Opuntia monacantha Haw.,Opuntia monacantha,Plantae,1500,Spain,ESP,32,brackish; freshwater; terrestrial,"introduced (alien, exotic, non-native, nonindigenous); introduced",TRUE,DAISIE; USRIIS; FirstRecords; GRIIS
Opuntia monacanthos (Willd.) Haw.,Opuntia monacanthos,Plantae,NA,NA,NA,9,terrestrial,introduced,TRUE,GRIIS
Opuntia phaeacantha Engelm.,Opuntia phaeacantha,Plantae,1500,Czechia,CZE,8,terrestrial,introduced,TRUE,DAISIE; FirstRecords; GRIIS
Opuntia polyacantha Haw.,Opuntia polyacantha,Plantae,1980,Australia,AUS,2,terrestrial,introduced,TRUE,FirstRecords; GRIIS
Opuntia puberula Hort.Vindob. ex Pfeiff.,Opuntia puberula,Plantae,1837,Australia,AUS,1,terrestrial,introduced,TRUE,FirstRecords; GRIIS; M.McGeoch_AUS_2025
Opuntia pubescens H.L.Wendl.,Opuntia pubescens,Plantae,NA,NA,NA,1,terrestrial,introduced,TRUE,FirstRecords; GRIIS
Opuntia robusta H.L.Wendl.,Opuntia robusta,Plantae,1500,Italy,ITA,4,terrestrial,introduced,TRUE,DAISIE; FirstRecords; GRIIS
Opuntia spinulifera Salm-Dyck,Opuntia spinulifera,Plantae,1500,Italy,ITA,3,terrestrial,introduced,TRUE,DAISIE; FirstRecords; GRIIS
Opuntia streptacantha Lem.,Opuntia streptacantha,Plantae,1982,Australia,AUS,3,terrestrial,introduced,TRUE,FirstRecords; GRIIS
Opuntia stricta (Haw.) Haw.,Opuntia stricta,Plantae,1500,Italy,ITA,25,terrestrial,introduced,TRUE,DAISIE; FirstRecords; GRIIS; B.Shrestha_NPL_2026
Opuntia sulphurea G.Don ex Loudon,Opuntia sulphurea,Plantae,1983,Australia,AUS,2,terrestrial,introduced,TRUE,FirstRecords; GRIIS
Opuntia tomentosa Salm-Dyck,Opuntia tomentosa,Plantae,1500,Italy,ITA,6,terrestrial,"introduced (alien, exotic, non-native, nonindigenous); introduced",TRUE,DAISIE; USRIIS; FirstRecords; GRIIS
Opuntia vulgaris Gibbes,Opuntia vulgaris,Plantae,NA,NA,NA,4,terrestrial,introduced,TRUE,GRIIS; FirstRecords
"Oreochromis aureus (Steindachner, 1864)",Oreochromis aureus,Animalia,1877,France,FRA,41,brackish; freshwater,"introduced (alien, exotic, non-native, nonindigenous); introduced",TRUE,SINAS; USRIIS; FirstRecords; GRIIS
"Oreochromis leucostictus (Trewavas, 1933)",Oreochromis leucostictus,Animalia,1955,Democratic Republic of the Congo,COD,5,freshwater,introduced,TRUE,FirstRecords; GRIIS
"Oreochromis mossambicus (Peters, 1852)",Oreochromis mossambicus,Animalia,1923,Colombia,COL,86,brackish; freshwater,"introduced (alien, exotic, non-native, nonindigenous); introduced",TRUE,USRIIS; FirstRecords; GRIIS
"Oreochromis niloticus (Linnaeus, 1758)",Oreochromis niloticus,Animalia,1928,Uganda,UGA,88,freshwater; brackish; terrestrial,"introduced (alien, exotic, non-native, nonindigenous); introduced",TRUE,USRIIS; TrIAS; FirstRecords; GRIIS
"Oreochromis spilurus (Günther, 1894)",Oreochromis spilurus,Animalia,1925,Kenya,KEN,12,brackish; freshwater,introduced,TRUE,SINAS; FirstRecords; GRIIS
"Oreochromis urolepis (Norman, 1922)",Oreochromis urolepis,Animalia,1958,Malaysia,MYS,15,brackish; freshwater,"introduced (alien, exotic, non-native, nonindigenous); introduced",TRUE,SINAS; USRIIS; FirstRecords; GRIIS
"Orgyia antiqua (Linnaeus, 1758)",Orgyia antiqua,Animalia,NA,NA,NA,2,terrestrial,"introduced (alien, exotic, non-native, nonindigenous); introduced",TRUE,USRIIS; FirstRecords; GRIIS
Ornithogalum nutans L.,Ornithogalum nutans,Plantae,1500,Switzerland,CHE,16,terrestrial,"introduced (alien, exotic, non-native, nonindigenous); introduced",TRUE,DAISIE; USRIIS; TrIAS; FirstRecords; GRIIS; Artsdatabanken
Ornithogalum umbellatum L.,Ornithogalum umbellatum,Plantae,1500,Germany,DEU,15,terrestrial,"introduced (alien, exotic, non-native, nonindigenous); introduced",TRUE,DAISIE; USRIIS; FirstRecords; GRIIS; Artsdatabanken
Ornithopus pinnatus (Mill.) Druce,Ornithopus pinnatus,Plantae,1929,New Zealand,NZL,5,terrestrial,"introduced (alien, exotic, non-native, nonindigenous); introduced",TRUE,SINAS; USRIIS; FirstRecords; GRIIS
Ornithopus sativus Brot.,Ornithopus sativus,Plantae,1500,Austria,AUT,20,freshwater; terrestrial,"introduced (alien, exotic, non-native, nonindigenous); introduced",TRUE,DAISIE; USRIIS; TrIAS; FirstRecords; GRIIS
Orobanche crenata Forssk.,Orobanche crenata,Plantae,1500,United Kingdom,GBR,7,freshwater; terrestrial,introduced,TRUE,DAISIE; FirstRecords; GRIIS
Orobanche cumana Wallr.,Orobanche cumana,Plantae,1500,Slovakia,SVK,6,terrestrial,introduced,TRUE,DAISIE; FirstRecords; GRIIS
Orobanche minor Sm.,Orobanche minor,Plantae,1500,Ireland,IRL,13,terrestrial,"introduced (alien, exotic, non-native, nonindigenous); introduced",TRUE,DAISIE; USRIIS; FirstRecords; GRIIS; InstytutOchronyPrzyrody
"Orobanche ramosa L.; Orobanche ramosa Duby, 1828",Orobanche ramosa,Plantae,-750,Czechia,CZE,10,freshwater; terrestrial,"introduced (alien, exotic, non-native, nonindigenous); introduced",TRUE,DAISIE; USRIIS; FirstRecords; GRIIS
"Orosanga japonica (Melichar, 1898)",Orosanga japonica,Animalia,NA,NA,NA,1,terrestrial,introduced,TRUE,GRIIS
Orthodontium lineare Schwägr.,Orthodontium lineare,Plantae,1870,Norway,NOR,9,terrestrial,introduced,TRUE,SINAS; TrIAS; FirstRecords; GRIIS; InstytutOchronyPrzyrody
Orthosiphon aristatus (Blume) Miq.,Orthosiphon aristatus,Plantae,NA,NA,NA,8,terrestrial,introduced,TRUE,FirstRecords; GRIIS
"Orthotomicus erosus (Wollaston, 1857); Orthotomicus erosus Bright & Skidmore, 1997",Orthotomicus erosus,Animalia,1968,South Africa,ZAF,8,terrestrial,"introduced (alien, exotic, non-native, nonindigenous); introduced",TRUE,USRIIS; FirstRecords; GRIIS
"Ortygornis pondicerianus (J.F.Gmelin, 1789)",Ortygornis pondicerianus,Animalia,NA,NA,NA,2,terrestrial,introduced,TRUE,FirstRecords; GRIIS
Orychophragmus violaceus (L.) O.E. Schulz; Orychophragmus violaceus (L.) O.E.Schulz,Orychophragmus violaceus,Plantae,1894,Japan,JPN,2,terrestrial,"introduced (alien, exotic, non-native, nonindigenous); introduced",TRUE,USRIIS; FirstRecords; GRIIS
"Oryctes agamemnon Burmeister, 1847",Oryctes agamemnon,Animalia,NA,NA,NA,1,terrestrial,introduced,TRUE,FirstRecords; GRIIS
"Oryctes rhinoceros (Linnaeus, 1758)",Oryctes rhinoceros,Animalia,1909,Samoa,WSM,17,terrestrial,"introduced (alien, exotic, non-native, nonindigenous); introduced",TRUE,USRIIS; FirstRecords; GRIIS
"Oryctolagus cuniculus (Linnaeus, 1758)",Oryctolagus cuniculus,Animalia,-1300,Spain,ESP,55,terrestrial,introduced: assisted colonization; introduced,TRUE,USRIIS; FirstRecords; GRIIS; Artsdatabanken; InstytutOchronyPrzyrody
Oryza barthii A.Chev.,Oryza barthii,Plantae,NA,NA,NA,2,freshwater; terrestrial,introduced,TRUE,FirstRecords; GRIIS
Oryza longistaminata A.Chev. & Roehr.,Oryza longistaminata,Plantae,NA,NA,NA,5,freshwater; terrestrial,introduced,TRUE,FirstRecords; GRIIS
Oryza rufipogon Griff.,Oryza rufipogon,Plantae,1965,Turkey,TUR,16,freshwater; terrestrial,"introduced (alien, exotic, non-native, nonindigenous); introduced",TRUE,DAISIE; USRIIS; FirstRecords; GRIIS
Oryza sativa L.,Oryza sativa,Plantae,-285,Turkey,TUR,28,freshwater; terrestrial,"introduced (alien, exotic, non-native, nonindigenous); introduced",TRUE,DAISIE; USRIIS; TrIAS; FirstRecords; GRIIS
"Oryzaephilus mercator (Fauvel, 1889)",Oryzaephilus mercator,Animalia,1740,United States,USA,10,terrestrial,"introduced (alien, exotic, non-native, nonindigenous); introduced",TRUE,USRIIS; FirstRecords; GRIIS
"Oryzaephilus surinamensis (Linnaeus, 1758)",Oryzaephilus surinamensis,Animalia,1617,United States,USA,15,terrestrial,"introduced (alien, exotic, non-native, nonindigenous); introduced",TRUE,USRIIS; FirstRecords; GRIIS; InstytutOchronyPrzyrody
"Oryzias latipes (Temminck & Schlegel, 1846)",Oryzias latipes,Animalia,1960,Kazakhstan,KAZ,8,brackish; freshwater,introduced,TRUE,FirstRecords; GRIIS
"Osmerus eperlanus (Linnaeus, 1758)",Osmerus eperlanus,Animalia,1912,Russia,RUS,2,freshwater,introduced,TRUE,FirstRecords; GRIIS; Artsdatabanken
"Osmerus mordax (Mitchill, 1814)",Osmerus mordax,Animalia,1912,Canada,CAN,2,freshwater,introduced,TRUE,FirstRecords; GRIIS
"Osmia cornifrons (Radoszkowski, 1887)",Osmia cornifrons,Animalia,1965,United States,USA,2,terrestrial,"introduced (alien, exotic, non-native, nonindigenous); introduced",TRUE,USRIIS; FirstRecords; GRIIS
Osmunda regalis L.,Osmunda regalis,Plantae,1888,Australia,AUS,3,freshwater; terrestrial,introduced,TRUE,SINAS; FirstRecords; GRIIS
"Osphronemus goramy Lacepède, 1801",Osphronemus goramy,Animalia,1761,Mauritius,MUS,15,brackish; freshwater,introduced,TRUE,FirstRecords; GRIIS
"Osteopilus septentrionalis (Dumeril and Bibron, 1841); Osteopilus septentrionalis (Duméril & Bibron, 1841)",Osteopilus septentrionalis,Animalia,1850,United States,USA,9,freshwater; terrestrial,"introduced (alien, exotic, non-native, nonindigenous); introduced",TRUE,USRIIS; FirstRecords; GRIIS
Osteospermum moniliferum L.,Osteospermum moniliferum,Plantae,1992,New Zealand,NZL,5,terrestrial,introduced,TRUE,FirstRecords; GRIIS
"Ostrinia nubilalis (Hbn., 1796); Ostrinia nubilalis Hübner, 1796",Ostrinia nubilalis,Animalia,1917,United States,USA,2,terrestrial,"introduced (alien, exotic, non-native, nonindigenous); introduced",TRUE,USRIIS; FirstRecords; GRIIS
"Otiorhynchus armadillo (Rossi, 1792)",Otiorhynchus armadillo,Animalia,1968,Netherlands,NLD,6,terrestrial,introduced,TRUE,SINAS; FirstRecords; GRIIS; Artsdatabanken; InstytutOchronyPrzyrody
"Otiorhynchus armatus Boheman, 1842",Otiorhynchus armatus,Animalia,1996,Sweden,SWE,2,terrestrial,introduced,TRUE,GRIIS; FirstRecords
"Otiorhynchus smreczynskii Cmoluch, 1968",Otiorhynchus smreczynskii,Animalia,NA,NA,NA,4,terrestrial,introduced,TRUE,FirstRecords; GRIIS
"Otiorhynchus sulcatus (Fabricius, 1775)",Otiorhynchus sulcatus,Animalia,1831,United States,USA,3,terrestrial,"introduced (alien, exotic, non-native, nonindigenous); introduced",TRUE,USRIIS; FirstRecords; GRIIS
Ottelia alismoides (L.) Pers.,Ottelia alismoides,Plantae,NA,NA,NA,3,freshwater; terrestrial,"introduced (alien, exotic, non-native, nonindigenous); introduced",TRUE,USRIIS; FirstRecords; GRIIS
"Ovachlamys fulgens (Gude, 1900)",Ovachlamys fulgens,Animalia,2002,United States,USA,2,terrestrial,"introduced (alien, exotic, non-native, nonindigenous); introduced",TRUE,USRIIS; FirstRecords; GRIIS
"Ovis ammon (Linnaeus, 1758)",Ovis ammon,Animalia,1750,Germany,DEU,5,terrestrial,introduced,TRUE,SINAS; FirstRecords; GRIIS; InstytutOchronyPrzyrody
"Ovis aries Linnaeus, 1758",Ovis aries,Animalia,-11000,Cyprus,CYP,46,terrestrial,"introduced (alien, exotic, non-native, nonindigenous); introduced",TRUE,USRIIS; FirstRecords; GRIIS
"Ovis aries musimon (Pallas, 1811)",Ovis aries musimon,Animalia,1962,United States,USA,3,terrestrial,"introduced (alien, exotic, non-native, nonindigenous); introduced",TRUE,USRIIS; FirstRecords; GRIIS
Oxalis articulata Savigny,Oxalis articulata,Plantae,1500,United Kingdom,GBR,20,terrestrial,introduced,TRUE,DAISIE; TrIAS; FirstRecords; GRIIS
Oxalis barrelieri L.,Oxalis barrelieri,Plantae,1888,Indonesia,IDN,8,terrestrial,introduced,TRUE,FirstRecords; GRIIS
Oxalis corniculata L.,Oxalis corniculata,Plantae,1500,Bulgaria,BGR,81,freshwater; terrestrial,"introduced (alien, exotic, non-native, nonindigenous); introduced",TRUE,DAISIE; USRIIS; TrIAS; FirstRecords; GRIIS; Artsdatabanken; InstytutOchronyPrzyrody
Oxalis debilis Kunth,Oxalis debilis,Plantae,1500,United Kingdom,GBR,34,terrestrial,"introduced (alien, exotic, non-native, nonindigenous); introduced",TRUE,DAISIE; USRIIS; TrIAS; FirstRecords; GRIIS
Oxalis dillenii Jacq.,Oxalis dillenii,Plantae,1500,Bulgaria,BGR,23,terrestrial,introduced,TRUE,DAISIE; TrIAS; FirstRecords; GRIIS; Artsdatabanken; InstytutOchronyPrzyrody
Oxalis exilis A.Cunn.,Oxalis exilis,Plantae,1500,United Kingdom,GBR,4,terrestrial,"introduced (alien, exotic, non-native, nonindigenous); introduced",TRUE,DAISIE; USRIIS; FirstRecords; GRIIS
Oxalis floribunda Lehm.,Oxalis floribunda,Plantae,NA,NA,NA,1,terrestrial,introduced,TRUE,FirstRecords; GRIIS
Oxalis latifolia Kunth,Oxalis latifolia,Plantae,1500,Italy,ITA,34,terrestrial,introduced,TRUE,DAISIE; TrIAS; FirstRecords; GRIIS
Oxalis pes-caprae L.,Oxalis pes-caprae,Plantae,1500,United Kingdom,GBR,29,terrestrial,"introduced (alien, exotic, non-native, nonindigenous); introduced",TRUE,DAISIE; USRIIS; FirstRecords; GRIIS; B.Shrestha_NPL_2026
Oxalis purpurea L.,Oxalis purpurea,Plantae,1810,Australia,AUS,9,terrestrial,"introduced (alien, exotic, non-native, nonindigenous); introduced",TRUE,USRIIS; FirstRecords; GRIIS
Oxalis spiralis G.Don,Oxalis spiralis,Plantae,NA,NA,NA,1,terrestrial,introduced,TRUE,FirstRecords; GRIIS
Oxalis stricta L.,Oxalis stricta,Plantae,1500,Bulgaria,BGR,34,freshwater; terrestrial,introduced,TRUE,DAISIE; TrIAS; FirstRecords; GRIIS; Artsdatabanken; B.Shrestha_NPL_2026; InstytutOchronyPrzyrody
"Oxidus gracilis (Koch, 1847); Oxidus gracilis (C.L.Koch, 1847)",Oxidus gracilis,Animalia,1879,Sweden,SWE,9,terrestrial,"introduced (alien, exotic, non-native, nonindigenous); introduced",TRUE,USRIIS; FirstRecords; GRIIS
"Oxybasis glauca (L.) S.Fuentes, Uotila and Borsch; Oxybasis glauca (L.) S.Fuentes, Uotila & Borsch",Oxybasis glauca,Plantae,1713,United Kingdom,GBR,11,freshwater; brackish; terrestrial,"introduced (alien, exotic, non-native, nonindigenous); introduced",TRUE,USRIIS; FirstRecords; GRIIS
"Oxybasis rubra (L.) S.Fuentes, Uotila and Borsch; Oxybasis rubra (L.) S.Fuentes, Uotila & Borsch",Oxybasis rubra,Plantae,1861,Norway,NOR,7,terrestrial,"introduced (alien, exotic, non-native, nonindigenous); introduced",TRUE,SINAS; USRIIS; FirstRecords; GRIIS
"Oxycarenus hyalinipennis (Costa, 1847)",Oxycarenus hyalinipennis,Animalia,2009,Malta,MLT,2,terrestrial,"introduced (alien, exotic, non-native, nonindigenous)",TRUE,EPPO Distribution; USRIIS
"Oxychilus cellarius (Müller, 1774); Oxychilus cellarius (O.F.Müller, 1774)",Oxychilus cellarius,Animalia,1846,South Africa,ZAF,6,terrestrial,"introduced (alien, exotic, non-native, nonindigenous); introduced",TRUE,USRIIS; FirstRecords; GRIIS
"Oxychilus draparnaudi (Beck, 1837); Oxychilus draparnaudi (H.Beck, 1837)",Oxychilus draparnaudi,Animalia,1870,Poland,POL,10,terrestrial,"introduced (alien, exotic, non-native, nonindigenous); introduced",TRUE,USRIIS; FirstRecords; GRIIS; Artsdatabanken; InstytutOchronyPrzyrody
Oxygonum sinuatum (Hochst. & Steud. ex Meisn.) Dammer,Oxygonum sinuatum,Plantae,NA,NA,NA,1,terrestrial,introduced,TRUE,FirstRecords; GRIIS
"Oxyura jamaicensis (J.F.Gmelin, 1789)",Oxyura jamaicensis,Animalia,1887,Barbados,BRB,21,freshwater; brackish; terrestrial,introduced,TRUE,SINAS; TrIAS; FirstRecords; GRIIS
"Pachodynerus nasidens (Latreille); Pachodynerus nasidens (Latreille, 1812)",Pachodynerus nasidens,Animalia,NA,NA,NA,2,terrestrial,"introduced (alien, exotic, non-native, nonindigenous); introduced",TRUE,USRIIS; FirstRecords; GRIIS
"Pachycondyla sennaarensis (Mayr, 1862)",Pachycondyla sennaarensis,Animalia,NA,NA,NA,2,terrestrial,introduced,TRUE,FirstRecords; GRIIS
"Pachycondyla stigma (Fabricius, 1804)",Pachycondyla stigma,Animalia,NA,NA,NA,2,terrestrial,"introduced (alien, exotic, non-native, nonindigenous); introduced",TRUE,USRIIS; FirstRecords; GRIIS
"Pachycordyle michaeli (Berrill, 1948)",Pachycordyle michaeli,Animalia,1964,Netherlands,NLD,2,brackish; freshwater,introduced,TRUE,SINAS; FirstRecords; GRIIS
Pachyrhizus erosus (L.) Urb.,Pachyrhizus erosus,Plantae,1904,Australia,AUS,6,terrestrial,"introduced (alien, exotic, non-native, nonindigenous); introduced",TRUE,USRIIS; FirstRecords; GRIIS
Pachysandra terminalis Siebold and Zucc.; Pachysandra terminalis Siebold & Zucc.,Pachysandra terminalis,Plantae,1500,United Kingdom,GBR,7,terrestrial,"introduced (alien, exotic, non-native, nonindigenous); introduced",TRUE,DAISIE; USRIIS; TrIAS; FirstRecords; GRIIS; Artsdatabanken
Pachystachys coccinea (Aubl.) Nees,Pachystachys coccinea,Plantae,NA,NA,NA,4,terrestrial,introduced,TRUE,FirstRecords; GRIIS
"Pacifastacus leniusculus (Dana, 1852)",Pacifastacus leniusculus,Animalia,1909,Japan,JPN,26,brackish; freshwater,"introduced (alien, exotic, non-native, nonindigenous); introduced",TRUE,USRIIS; TrIAS; FirstRecords; GRIIS; Artsdatabanken; InstytutOchronyPrzyrody
Paederia foetida L.,Paederia foetida,Plantae,1987,Australia,AUS,6,terrestrial,"introduced (alien, exotic, non-native, nonindigenous); introduced",TRUE,USRIIS; FirstRecords; GRIIS; M.McGeoch_AUS_2025
"Paguma larvata (C.E.H.Smith, 1827)",Paguma larvata,Animalia,19,Japan,JPN,1,terrestrial,introduced,TRUE,SINAS; FirstRecords; GRIIS
"Panaphis juglandis (Goeze, 1778)",Panaphis juglandis,Animalia,1758,Sweden,SWE,3,terrestrial,"introduced (alien, exotic, non-native, nonindigenous); introduced",TRUE,SINAS; USRIIS; GRIIS
"Panaque nigrolineatus (Peters, 1877)",Panaque nigrolineatus,Animalia,NA,NA,NA,1,freshwater,introduced,TRUE,FirstRecords; GRIIS
"Pangasianodon gigas Chevey, 1931",Pangasianodon gigas,Animalia,1986,China,CHN,3,freshwater,introduced,TRUE,FirstRecords; GRIIS
"Pangasianodon hypophthalmus (Sauvage, 1878)",Pangasianodon hypophthalmus,Animalia,1972,Indonesia,IDN,11,brackish; freshwater; terrestrial,introduced,TRUE,FirstRecords; GRIIS
"Pangasius bocourti Sauvage, 1880",Pangasius bocourti,Animalia,NA,NA,NA,1,freshwater,introduced,TRUE,FirstRecords; GRIIS
Pangium edule Reinw.,Pangium edule,Plantae,NA,NA,NA,2,terrestrial,introduced,TRUE,FirstRecords; GRIIS
Panicum antidotale Retz.,Panicum antidotale,Plantae,1895,Belgium,BEL,10,terrestrial,"introduced (alien, exotic, non-native, nonindigenous); introduced",TRUE,USRIIS; TrIAS; FirstRecords; GRIIS
Panicum capillare L.,Panicum capillare,Plantae,1500,Bulgaria,BGR,40,freshwater; terrestrial,introduced,TRUE,DAISIE; TrIAS; FirstRecords; GRIIS
Panicum decompositum R.Br.,Panicum decompositum,Plantae,1905,Belgium,BEL,2,terrestrial,introduced,TRUE,TrIAS; FirstRecords; GRIIS
Panicum dichotomiflorum Michx.,Panicum dichotomiflorum,Plantae,1500,Switzerland,CHE,29,terrestrial,"introduced (alien, exotic, non-native, nonindigenous); introduced",TRUE,DAISIE; USRIIS; TrIAS; FirstRecords; GRIIS
"Panicum maximum Nees, 1841",Panicum maximum,Plantae,1887,Australia,AUS,45,terrestrial,introduced,TRUE,SINAS; FirstRecords; GRIIS
Panicum miliaceum L.,Panicum miliaceum,Plantae,-5300,Czechia,CZE,36,freshwater; terrestrial,"introduced (alien, exotic, non-native, nonindigenous); introduced",TRUE,DAISIE; USRIIS; TrIAS; FirstRecords; GRIIS
Panicum polygonatum Kunth,Panicum polygonatum,Plantae,NA,NA,NA,3,terrestrial,introduced,TRUE,FirstRecords; GRIIS
Panicum repens L.,Panicum repens,Plantae,1827,China,CHN,28,terrestrial,"introduced (alien, exotic, non-native, nonindigenous); introduced",TRUE,USRIIS; FirstRecords; GRIIS
"Panonychus citri (McGregor, 1916)",Panonychus citri,Animalia,1934,United States,USA,3,terrestrial,"introduced (alien, exotic, non-native, nonindigenous); introduced",TRUE,USRIIS; GRIIS
"Pantherophis guttatus (Linnaeus, 1766)",Pantherophis guttatus,Animalia,1987,Germany,DEU,9,terrestrial,introduced,TRUE,SINAS; TrIAS; FirstRecords; GRIIS
Papaver bracteatum Lindl.,Papaver bracteatum,Plantae,1947,Norway,NOR,3,terrestrial,introduced,TRUE,SINAS; FirstRecords; GRIIS; Artsdatabanken
Papaver cambricum L.,Papaver cambricum,Plantae,1902,Norway,NOR,10,terrestrial,"introduced (alien, exotic, non-native, nonindigenous); introduced",TRUE,SINAS; USRIIS; TrIAS; FirstRecords; GRIIS
Papaver dubium L.,Papaver dubium,Plantae,550,Czechia,CZE,17,terrestrial,"introduced (alien, exotic, non-native, nonindigenous); introduced",TRUE,DAISIE; USRIIS; FirstRecords; GRIIS; InstytutOchronyPrzyrody
Papaver rhoeas L.,Papaver rhoeas,Plantae,-5300,Czechia,CZE,29,freshwater; terrestrial,"introduced (alien, exotic, non-native, nonindigenous); introduced",TRUE,DAISIE; USRIIS; FirstRecords; GRIIS; InstytutOchronyPrzyrody
Papaver setigerum DC.,Papaver setigerum,Plantae,1997,Belgium,BEL,3,terrestrial,introduced,TRUE,TrIAS; FirstRecords; GRIIS
Papaver somniferum L.,Papaver somniferum,Plantae,1500,Sweden,SWE,32,freshwater; terrestrial,"introduced (alien, exotic, non-native, nonindigenous); introduced",TRUE,USRIIS; FirstRecords; GRIIS
"Papilio demoleus Linnaeus, 1758",Papilio demoleus,Animalia,2001,Dominican Republic,DOM,12,terrestrial,introduced,TRUE,FirstRecords; GRIIS
"Papio hamadryas (Linnaeus, 1758)",Papio hamadryas,Animalia,NA,NA,NA,1,terrestrial,introduced,TRUE,FirstRecords; GRIIS
"Parabathyscia dematteisi casalei Zoia, 1986",Parabathyscia dematteisi casalei,Animalia,NA,NA,NA,1,terrestrial,introduced,TRUE,FirstRecords; GRIIS
"Paracanthopoma parva Giltay, 1935",Paracanthopoma parva,Animalia,NA,NA,NA,1,freshwater,introduced,TRUE,FirstRecords; GRIIS
"Parachromis dovii (Günther, 1864)",Parachromis dovii,Animalia,NA,NA,NA,1,brackish; freshwater,introduced,TRUE,FirstRecords; GRIIS
"Parachromis managuensis (Gunther, 1867); Parachromis managuensis (Günther, 1867)",Parachromis managuensis,Animalia,1956,Honduras,HND,11,brackish; freshwater,"introduced (alien, exotic, non-native, nonindigenous); introduced",TRUE,USRIIS; FirstRecords; GRIIS
"Parachromis motaguensis (Günther, 1867)",Parachromis motaguensis,Animalia,NA,NA,NA,2,brackish; freshwater,introduced,TRUE,FirstRecords; GRIIS
"Paraglenea fortunei (Saunders, 1853)",Paraglenea fortunei,Animalia,1873,Japan,JPN,1,terrestrial,introduced,TRUE,FirstRecords; GRIIS
"Paralaoma servilis (Shuttleworth, 1852)",Paralaoma servilis,Animalia,1992,United States,USA,9,terrestrial,"introduced (alien, exotic, non-native, nonindigenous); introduced",TRUE,USRIIS; TrIAS; FirstRecords; GRIIS
"Paralipsa gularis (Zeller, 1877)",Paralipsa gularis,Animalia,1921,Sweden,SWE,9,terrestrial,"introduced (alien, exotic, non-native, nonindigenous); introduced",TRUE,USRIIS; FirstRecords; GRIIS
"Paralongidorus maximus (Bütschli, 1874)",Paralongidorus maximus,Animalia,NA,NA,NA,1,terrestrial,introduced,TRUE,GRIIS
"Paranais frici Hrabe, 1941; Paranais frici Hrabĕ, 1941",Paranais frici,Animalia,1962,Russia,RUS,4,brackish; freshwater,"introduced (alien, exotic, non-native, nonindigenous); introduced",TRUE,SINAS; USRIIS; FirstRecords; GRIIS; InstytutOchronyPrzyrody
"Paraphloeostiba gayndahensis (W.J.MacLeay, 1871)",Paraphloeostiba gayndahensis,Animalia,1944,New Zealand,NZL,3,terrestrial,introduced,TRUE,SINAS; FirstRecords; GRIIS
Parapholis incurva (L.) C.E. Hubb.; Parapholis incurva (L.) C.E.Hubb.,Parapholis incurva,Plantae,1828,South Africa,ZAF,14,terrestrial,"introduced (alien, exotic, non-native, nonindigenous); introduced",TRUE,USRIIS; TrIAS; FirstRecords; GRIIS
"Parasa lepida (Cramer, 1779)",Parasa lepida,Animalia,1920,Japan,JPN,1,terrestrial,introduced,TRUE,FirstRecords; GRIIS
Paraserianthes lophantha (Willd.) I.C. Nielsen; Paraserianthes lophantha (Willd.) I.C.Nielsen,Paraserianthes lophantha,Plantae,1500,Italy,ITA,12,terrestrial,"introduced (alien, exotic, non-native, nonindigenous); introduced",TRUE,DAISIE; USRIIS; FirstRecords; GRIIS
"Paratachardina pseudolobata Kondo and Gullan, 2007; Paratachardina pseudolobata Kondo & Gullan, 2007",Paratachardina pseudolobata,Animalia,1992,Bahamas,BHS,2,terrestrial,"introduced (alien, exotic, non-native, nonindigenous); introduced",TRUE,"CABI, SINAS; USRIIS; GRIIS"
"Paratrechina flavipes (Smith, 1874)",Paratrechina flavipes,Animalia,1939,United States,USA,4,terrestrial,"introduced (alien, exotic, non-native, nonindigenous); introduced",TRUE,USRIIS; FirstRecords; GRIIS
"Paratrechina fulva (Mayr, 1862)",Paratrechina fulva,Animalia,1901,Haiti,HTI,4,terrestrial,"introduced (alien, exotic, non-native, nonindigenous); introduced",TRUE,SINAS; USRIIS; FirstRecords; GRIIS
"Paratrechina jaegerskioeldi (Mayr, 1904)",Paratrechina jaegerskioeldi,Animalia,1918,Iraq,IRQ,4,terrestrial,introduced,TRUE,SINAS; FirstRecords; GRIIS
"Paratrechina longicornis (Latreille, 1802)",Paratrechina longicornis,Animalia,1847,Portugal,PRT,87,freshwater; terrestrial,"introduced (alien, exotic, non-native, nonindigenous); introduced",TRUE,"SINAS, DAISIE; USRIIS; TrIAS; FirstRecords; GRIIS"
"Paratrechina madagascarensis (Forel, 1886)",Paratrechina madagascarensis,Animalia,1916,United States,USA,3,terrestrial,"introduced (alien, exotic, non-native, nonindigenous); introduced",TRUE,USRIIS; GRIIS
"Paratrechina vaga (Forel, 1901)",Paratrechina vaga,Animalia,1905,Cook Islands,COK,4,terrestrial,"introduced (alien, exotic, non-native, nonindigenous); introduced",TRUE,SINAS; USRIIS; FirstRecords; GRIIS
"Paratrechina vividula (Nylander, 1846)",Paratrechina vividula,Animalia,1879,Egypt,EGY,7,terrestrial,"introduced (alien, exotic, non-native, nonindigenous); introduced",TRUE,SINAS; USRIIS; FirstRecords; GRIIS
"Paravandellia oxyptera Miranda Ribeiro, 1912",Paravandellia oxyptera,Animalia,NA,NA,NA,1,freshwater,introduced,TRUE,FirstRecords; GRIIS
"Paravandellia phaneronema (Miles, 1943)",Paravandellia phaneronema,Animalia,NA,NA,NA,1,freshwater,introduced,TRUE,FirstRecords; GRIIS
"Parectopa robiniella Clemens, 1863",Parectopa robiniella,Animalia,1960,Poland,POL,9,terrestrial,introduced,TRUE,DAISIE; FirstRecords; GRIIS; InstytutOchronyPrzyrody
"Parembia persica (McLachlan, 1877)",Parembia persica,Animalia,NA,NA,NA,1,terrestrial,introduced,TRUE,FirstRecords; GRIIS
Parietaria debilis G.Forst.,Parietaria debilis,Plantae,NA,NA,NA,2,terrestrial,introduced,TRUE,FirstRecords; GRIIS
Parietaria judaica L.,Parietaria judaica,Plantae,1500,Czechia,CZE,11,terrestrial,"introduced (alien, exotic, non-native, nonindigenous); introduced",TRUE,DAISIE; USRIIS; FirstRecords; GRIIS; Artsdatabanken
"Parisotoma notabilis (Schäffer, 1896)",Parisotoma notabilis,Animalia,NA,NA,NA,1,terrestrial,introduced,TRUE,FirstRecords; GRIIS
Parkinsonia aculeata L.,Parkinsonia aculeata,Plantae,1500,Italy,ITA,61,terrestrial,"introduced (alien, exotic, non-native, nonindigenous); introduced",TRUE,DAISIE; USRIIS; FirstRecords; GRIIS
"Parlatoria oleae (Colvée, 1880)",Parlatoria oleae,Animalia,1931,United States,USA,2,brackish; freshwater,"introduced (alien, exotic, non-native, nonindigenous); introduced",TRUE,USRIIS; GRIIS
"Paroaria coronata (J. F. Miller, 1776); Paroaria coronata (J.F.Miller, 1776)",Paroaria coronata,Animalia,1900,Germany,DEU,9,terrestrial,"introduced (alien, exotic, non-native, nonindigenous); introduced",TRUE,"SINAS, DAISIE; USRIIS; TrIAS; FirstRecords; GRIIS"
"Parotocinclus maculicauda (Steindachner, 1877)",Parotocinclus maculicauda,Animalia,NA,NA,NA,1,freshwater,introduced,TRUE,FirstRecords; GRIIS
Parthenium hysterophorus L.,Parthenium hysterophorus,Plantae,1894,South Africa,ZAF,41,terrestrial,"introduced (alien, exotic, non-native, nonindigenous); introduced",TRUE,USRIIS; TrIAS; FirstRecords; GRIIS
Parthenocissus inserta (A.Kern.) Fritsch,Parthenocissus inserta,Plantae,1500,Germany,DEU,22,terrestrial,introduced,TRUE,DAISIE; TrIAS; FirstRecords; GRIIS; Artsdatabanken; InstytutOchronyPrzyrody
Parthenocissus quinquefolia (L.) Planch.,Parthenocissus quinquefolia,Plantae,1500,Switzerland,CHE,36,freshwater; terrestrial,introduced,TRUE,DAISIE; TrIAS; FirstRecords; GRIIS; Artsdatabanken; InstytutOchronyPrzyrody
Parthenocissus tricuspidata (Siebold and Zucc.) Planch.; Parthenocissus tricuspidata (Siebold & Zucc.) Planch.,Parthenocissus tricuspidata,Plantae,1500,United Kingdom,GBR,16,terrestrial,"introduced (alien, exotic, non-native, nonindigenous); introduced",TRUE,DAISIE; USRIIS; TrIAS; FirstRecords; GRIIS
"Parthenolecanium fletcheri (Cockerell, 1893)",Parthenolecanium fletcheri,Animalia,1889,United States,USA,2,terrestrial,"introduced (alien, exotic, non-native, nonindigenous); introduced",TRUE,USRIIS; GRIIS
"Parthenothrips dracaenae (Heeger, 1854)",Parthenothrips dracaenae,Animalia,1852,Austria,AUT,4,terrestrial,"introduced (alien, exotic, non-native, nonindigenous); introduced",TRUE,USRIIS; TrIAS; FirstRecords; GRIIS
Paspalum botterii (E.Fourn.) Chase,Paspalum botterii,Plantae,NA,NA,NA,1,terrestrial,introduced,TRUE,FirstRecords; GRIIS
Paspalum conjugatum P.J. Bergius; Paspalum conjugatum P.J.Bergius,Paspalum conjugatum,Plantae,1838,Madagascar,MDG,37,terrestrial,"introduced (alien, exotic, non-native, nonindigenous); introduced",TRUE,USRIIS; FirstRecords; GRIIS; B.Shrestha_NPL_2026
Paspalum densum Poir.,Paspalum densum,Plantae,NA,NA,NA,1,terrestrial,introduced,TRUE,FirstRecords; GRIIS
Paspalum dilatatum Poir.,Paspalum dilatatum,Plantae,1500,Switzerland,CHE,50,freshwater; terrestrial,"introduced (alien, exotic, non-native, nonindigenous); introduced",TRUE,DAISIE; USRIIS; TrIAS; FirstRecords; GRIIS; B.Shrestha_NPL_2026
Paspalum distichum L.,Paspalum distichum,Plantae,1500,Bulgaria,BGR,56,freshwater; terrestrial,"introduced (alien, exotic, non-native, nonindigenous); introduced",TRUE,DAISIE; USRIIS; TrIAS; FirstRecords; GRIIS; B.Shrestha_NPL_2026
Paspalum distichum var. distichum,Paspalum distichum distichum,Plantae,NA,NA,NA,1,terrestrial,introduced,TRUE,GRIIS
Paspalum fimbriatum Kunth,Paspalum fimbriatum,Plantae,1916,United States,USA,10,terrestrial,"introduced (alien, exotic, non-native, nonindigenous); introduced",TRUE,USRIIS; FirstRecords; GRIIS
Paspalum lineare Trin.,Paspalum lineare,Plantae,NA,NA,NA,1,terrestrial,introduced,TRUE,FirstRecords; GRIIS
Paspalum malacophyllum Trin.,Paspalum malacophyllum,Plantae,NA,NA,NA,2,terrestrial,"introduced (alien, exotic, non-native, nonindigenous); introduced",TRUE,USRIIS; FirstRecords; GRIIS
Paspalum mandiocanum Trin.,Paspalum mandiocanum,Plantae,1966,Australia,AUS,2,terrestrial,"introduced (alien, exotic, non-native, nonindigenous); introduced",TRUE,USRIIS; FirstRecords; GRIIS
Paspalum millegrana Schrad. ex Schult.,Paspalum millegrana,Plantae,2012,Cuba,CUB,1,terrestrial,introduced,TRUE,FirstRecords; GRIIS
Paspalum notatum Alain ex Flugge; Paspalum notatum Flüggé,Paspalum notatum,Plantae,1912,South Africa,ZAF,19,terrestrial,"introduced (alien, exotic, non-native, nonindigenous); introduced",TRUE,USRIIS; FirstRecords; GRIIS; B.Shrestha_NPL_2026
Paspalum orbiculare G.Forst.,Paspalum orbiculare,Plantae,NA,NA,NA,1,terrestrial,introduced,TRUE,FirstRecords; GRIIS
Paspalum paniculatum L.,Paspalum paniculatum,Plantae,1865,Mexico,MEX,27,terrestrial,"introduced (alien, exotic, non-native, nonindigenous); introduced",TRUE,SINAS; USRIIS; TrIAS; FirstRecords; GRIIS
Paspalum quadrifarium Lam.,Paspalum quadrifarium,Plantae,1500,Italy,ITA,4,terrestrial,"introduced (alien, exotic, non-native, nonindigenous); introduced",TRUE,DAISIE; USRIIS; FirstRecords; GRIIS
Paspalum scrobiculatum L.,Paspalum scrobiculatum,Plantae,1912,China,CHN,24,terrestrial,"introduced (alien, exotic, non-native, nonindigenous); introduced",TRUE,SINAS; USRIIS; FirstRecords; GRIIS
Paspalum setaceum Michx.,Paspalum setaceum,Plantae,NA,NA,NA,10,terrestrial,"introduced (alien, exotic, non-native, nonindigenous); introduced",TRUE,USRIIS; FirstRecords; GRIIS
Paspalum thunbergii Kunth,Paspalum thunbergii,Plantae,NA,NA,NA,3,terrestrial,introduced,TRUE,FirstRecords; GRIIS
Paspalum urvillei Steud.,Paspalum urvillei,Plantae,1903,South Africa,ZAF,30,freshwater; terrestrial,"introduced (alien, exotic, non-native, nonindigenous); introduced",TRUE,USRIIS; FirstRecords; GRIIS
Paspalum vaginatum Sw.,Paspalum vaginatum,Plantae,1500,Italy,ITA,24,brackish; freshwater; terrestrial,"introduced (alien, exotic, non-native, nonindigenous); introduced",TRUE,DAISIE; USRIIS; FirstRecords; GRIIS
Paspalum virgatum L.,Paspalum virgatum,Plantae,1932,Mexico,MEX,5,freshwater; terrestrial,"introduced (alien, exotic, non-native, nonindigenous); introduced",TRUE,SINAS; USRIIS; FirstRecords; GRIIS
"Passalurus nonanulatus Skinker, 1931",Passalurus nonanulatus,Animalia,NA,NA,NA,1,terrestrial,introduced,TRUE,GRIIS
"Passer domesticus (Linnaeus, 1758)",Passer domesticus,Animalia,1820,Argentina,ARG,54,terrestrial,introduced: assisted colonization; introduced,TRUE,USRIIS; FirstRecords; GRIIS
Passiflora alata Curtis,Passiflora alata,Plantae,NA,NA,NA,2,terrestrial,introduced,TRUE,FirstRecords; GRIIS
Passiflora biflora Lam.,Passiflora biflora,Plantae,1845,India,IND,2,terrestrial,"introduced (alien, exotic, non-native, nonindigenous); introduced",TRUE,USRIIS; FirstRecords; GRIIS
Passiflora caerulea L.,Passiflora caerulea,Plantae,1500,Italy,ITA,24,terrestrial,"introduced (alien, exotic, non-native, nonindigenous); introduced",TRUE,DAISIE; USRIIS; TrIAS; FirstRecords; GRIIS
Passiflora edulis Sims,Passiflora edulis,Plantae,1843,Australia,AUS,46,terrestrial,"introduced (alien, exotic, non-native, nonindigenous); introduced",TRUE,USRIIS; TrIAS; FirstRecords; GRIIS; GRIIS ; J.Ganglo_BEN_2026
Passiflora foetida L.,Passiflora foetida,Plantae,1843,Australia,AUS,47,terrestrial,"introduced (alien, exotic, non-native, nonindigenous); introduced",TRUE,USRIIS; FirstRecords; GRIIS; B.Shrestha_NPL_2026
Passiflora foetida var. foetida,Passiflora foetida foetida,Plantae,NA,NA,NA,1,terrestrial,introduced,TRUE,FirstRecords; GRIIS
Passiflora laurifolia L.,Passiflora laurifolia,Plantae,1881,Singapore,SGP,13,terrestrial,"introduced (alien, exotic, non-native, nonindigenous); introduced",TRUE,USRIIS; FirstRecords; GRIIS
Passiflora ligularis Juss.,Passiflora ligularis,Plantae,1910,United States,USA,10,terrestrial,"introduced (alien, exotic, non-native, nonindigenous); introduced",TRUE,USRIIS; FirstRecords; GRIIS
Passiflora maliformis L.,Passiflora maliformis,Plantae,1905,Congo - Kinshasa,COD,8,terrestrial,"introduced (alien, exotic, non-native, nonindigenous); introduced",TRUE,SINAS; USRIIS; FirstRecords; GRIIS
Passiflora manicata (Juss.) Pers.,Passiflora manicata,Plantae,1843,Australia,AUS,3,terrestrial,"introduced (alien, exotic, non-native, nonindigenous); introduced",TRUE,SINAS; USRIIS; FirstRecords; GRIIS
Passiflora mixta L. f.; Passiflora mixta L.fil.,Passiflora mixta,Plantae,1906,Australia,AUS,3,terrestrial,"introduced (alien, exotic, non-native, nonindigenous); introduced",TRUE,SINAS; USRIIS; FirstRecords; GRIIS
Passiflora pinnatistipula Cav.,Passiflora pinnatistipula,Plantae,NA,NA,NA,1,terrestrial,introduced,TRUE,GRIIS
Passiflora quadrangularis L.,Passiflora quadrangularis,Plantae,1579,Nigeria,NGA,17,terrestrial,"introduced (alien, exotic, non-native, nonindigenous); introduced",TRUE,SINAS; USRIIS; FirstRecords; GRIIS
Passiflora × rosea (H.Karst.) Killip,Passiflora rosea,Plantae,NA,NA,NA,1,terrestrial,introduced,TRUE,GRIIS
Passiflora rubra L.,Passiflora rubra,Plantae,NA,NA,NA,1,terrestrial,introduced,TRUE,FirstRecords; GRIIS
Passiflora suberosa L.,Passiflora suberosa,Plantae,1858,South Africa,ZAF,29,terrestrial,"introduced (alien, exotic, non-native, nonindigenous); introduced",TRUE,USRIIS; FirstRecords; GRIIS
Passiflora subpeltata Ortega,Passiflora subpeltata,Plantae,1843,Australia,AUS,11,terrestrial,"introduced (alien, exotic, non-native, nonindigenous); introduced",TRUE,USRIIS; FirstRecords; GRIIS
Passiflora tarminiana Coppens and V.E. Barney; Passiflora tarminiana Coppens & V.E.Barney,Passiflora tarminiana,Plantae,1961,Australia,AUS,6,terrestrial,"introduced (alien, exotic, non-native, nonindigenous); introduced",TRUE,USRIIS; FirstRecords; GRIIS
Passiflora tripartita (Juss.) Poir.,Passiflora tripartita,Plantae,1888,Australia,AUS,5,terrestrial,introduced,TRUE,FirstRecords; GRIIS
Passiflora tripartita var. mollissima (Kunth) Holm-Niels. & P.Jørg.,Passiflora tripartita mollissima,Plantae,1938,Colombia,COL,5,terrestrial,introduced,TRUE,GRIIS; FirstRecords
Passiflora vitifolia Kunth,Passiflora vitifolia,Plantae,1938,United States,USA,2,terrestrial,"introduced (alien, exotic, non-native, nonindigenous); introduced",TRUE,USRIIS; FirstRecords; GRIIS
Pastinaca sativa L.,Pastinaca sativa,Plantae,1500,Poland,POL,21,terrestrial,"introduced (alien, exotic, non-native, nonindigenous); introduced",TRUE,USRIIS; FirstRecords; GRIIS; InstytutOchronyPrzyrody
Pastinaca sativa subsp. sativa,Pastinaca sativa sativa,Plantae,1861,Norway,NOR,5,freshwater; terrestrial,introduced,TRUE,TrIAS; FirstRecords; GRIIS; Artsdatabanken
"Patchiella reaumuri (Kaltenbach, 1843)",Patchiella reaumuri,Animalia,1971,United States,USA,1,terrestrial,"introduced (alien, exotic, non-native, nonindigenous)",TRUE,USRIIS
Paulownia tomentosa (Thunb.) Steud.,Paulownia tomentosa,Plantae,1500,Switzerland,CHE,28,terrestrial,"introduced (alien, exotic, non-native, nonindigenous); introduced",TRUE,DAISIE; USRIIS; TrIAS; FirstRecords; GRIIS
"Pavo cristatus Linnaeus, 1758",Pavo cristatus,Animalia,1000,United Kingdom,GBR,17,terrestrial,introduced: assisted colonization; introduced,TRUE,DAISIE; USRIIS; TrIAS; FirstRecords; GRIIS
Pavonia hastata Cav.,Pavonia hastata,Plantae,1802,Australia,AUS,5,terrestrial,"introduced (alien, exotic, non-native, nonindigenous); introduced",TRUE,USRIIS; FirstRecords; GRIIS
"Pectinatella magnifica (Leidy, 1851)",Pectinatella magnifica,Animalia,1883,Germany,DEU,5,freshwater,introduced,TRUE,DAISIE; FirstRecords; GRIIS
"Pectinophora gossypiella (Saunders, 1844)",Pectinophora gossypiella,Animalia,1916,United States,USA,6,terrestrial,"introduced (alien, exotic, non-native, nonindigenous); introduced",TRUE,USRIIS; FirstRecords; GRIIS
Peganum harmala L.,Peganum harmala,Plantae,1500,Bulgaria,BGR,8,terrestrial,"introduced (alien, exotic, non-native, nonindigenous); introduced",TRUE,DAISIE; USRIIS; FirstRecords; GRIIS
Pelargonium capitatum (L.) L'Her.; Pelargonium capitatum (L.) L'Hér.,Pelargonium capitatum,Plantae,1800,Spain,ESP,6,terrestrial,"introduced (alien, exotic, non-native, nonindigenous); introduced",TRUE,DAISIE; USRIIS; TrIAS; FirstRecords; GRIIS
Pelargonium zonale (L.) L'Her.; Pelargonium zonale (L.) L'Hér.,Pelargonium zonale,Plantae,1500,Italy,ITA,11,terrestrial,"introduced (alien, exotic, non-native, nonindigenous); introduced",TRUE,DAISIE; USRIIS; FirstRecords; GRIIS
"Pelmatolapia mariae (Boulenger, 1899)",Pelmatolapia mariae,Animalia,1968,Australia,AUS,2,brackish; freshwater,introduced,TRUE,FirstRecords; GRIIS
"Pelodiscus sinensis (Wiegmann, 1835); Pelodiscus sinensis Wiegmann, 1835",Pelodiscus sinensis,Animalia,1880,United States,USA,11,brackish; freshwater; terrestrial,introduced: assisted colonization; introduced,TRUE,USRIIS; FirstRecords; GRIIS
"Pelophylax bedriagae (Camerano, 1882)",Pelophylax bedriagae,Animalia,1990,Malta,MLT,5,freshwater; terrestrial,introduced,TRUE,DAISIE; TrIAS; FirstRecords; GRIIS
"Pelophylax kurtmuelleri (Gayda, 1940)",Pelophylax kurtmuelleri,Animalia,1950,Italy,ITA,5,freshwater; terrestrial,introduced,TRUE,DAISIE; FirstRecords; GRIIS; InstytutOchronyPrzyrody
"Pelophylax lessonae (Camerano, 1882)",Pelophylax lessonae,Animalia,1880,Norway,NOR,4,freshwater; terrestrial,introduced,TRUE,SINAS; FirstRecords; GRIIS; Artsdatabanken
Pelophylax lessonae lessonae,Pelophylax lessonae lessonae,Animalia,2008,Norway,NOR,1,freshwater; terrestrial,introduced,TRUE,FirstRecords; GRIIS; Artsdatabanken
"Pelophylax nigromaculatus (Hallowell, 1861)",Pelophylax nigromaculatus,Animalia,NA,NA,NA,1,freshwater; terrestrial,introduced,TRUE,FirstRecords; GRIIS
"Pelophylax perezi (López-Seoane, 1885)",Pelophylax perezi,Animalia,2005,Belgium,BEL,3,freshwater; brackish; terrestrial,introduced,TRUE,TrIAS; FirstRecords; GRIIS
"Pelophylax ridibundus (Pallas, 1771)",Pelophylax ridibundus,Animalia,1920,Switzerland,CHE,8,freshwater; terrestrial,introduced,TRUE,TrIAS; FirstRecords; GRIIS
"Pelophylax saharicus (Boulenger, 1913)",Pelophylax saharicus,Animalia,NA,NA,NA,1,freshwater; terrestrial,introduced,TRUE,FirstRecords; GRIIS
Peltophorum pterocarpum (DC.) Backer ex K. Heyne; Peltophorum pterocarpum (DC.) Backer ex K.Heyne,Peltophorum pterocarpum,Plantae,1958,Australia,AUS,16,terrestrial,"introduced (alien, exotic, non-native, nonindigenous); introduced",TRUE,SINAS; USRIIS; FirstRecords; GRIIS
"Penaeus vannamei Boone, 1931",Penaeus vannamei,Animalia,NA,NA,NA,1,brackish; freshwater; marine,introduced,TRUE,GRIIS
Pennisetum polystachion (L.) Schult.,Pennisetum polystachion,Plantae,NA,NA,NA,11,terrestrial,introduced,TRUE,GRIIS
Pentadesma butyracea Sabine,Pentadesma butyracea,Plantae,NA,NA,NA,1,terrestrial,introduced,TRUE,FirstRecords; GRIIS
Pentaglottis sempervirens (L.) Tausch ex L.H. Bailey; Pentaglottis sempervirens (L.) Tausch ex L.H.Bailey,Pentaglottis sempervirens,Plantae,1500,Germany,DEU,13,terrestrial,"introduced (alien, exotic, non-native, nonindigenous); introduced",TRUE,DAISIE; USRIIS; TrIAS; FirstRecords; GRIIS
"Pentalonia nigronervosa Coquerel, 1859",Pentalonia nigronervosa,Animalia,1909,United States,USA,2,terrestrial,"introduced (alien, exotic, non-native, nonindigenous); introduced",TRUE,USRIIS; GRIIS
Pentas lanceolata (Forssk.) Deflers,Pentas lanceolata,Plantae,1843,Australia,AUS,13,terrestrial,"introduced (alien, exotic, non-native, nonindigenous); introduced",TRUE,USRIIS; FirstRecords; GRIIS
Peperomia pellucida (L.) Kunth,Peperomia pellucida,Plantae,20,China,CHN,27,terrestrial,"introduced (alien, exotic, non-native, nonindigenous); introduced",TRUE,USRIIS; FirstRecords; GRIIS
"Perca fluviatilis Linnaeus, 1758",Perca fluviatilis,Animalia,1300,Ireland,IRL,15,brackish; freshwater,introduced,TRUE,FirstRecords; GRIIS; M.McGeoch_AUS_2025; Artsdatabanken
"Perccottus glenii Dybowski, 1877",Perccottus glenii,Animalia,1910,Russia,RUS,18,brackish; freshwater,introduced,TRUE,DAISIE; FirstRecords; GRIIS; InstytutOchronyPrzyrody
"Perdix perdix (Linnaeus, 1758)",Perdix perdix,Animalia,1700,Sweden,SWE,5,terrestrial,introduced: assisted colonization; introduced,TRUE,USRIIS; FirstRecords; GRIIS
"Peregriana peregra (O.F.Müller, 1774)",Peregriana peregra,Animalia,NA,NA,NA,1,freshwater,introduced,TRUE,GRIIS
Pereskia aculeata Mill.,Pereskia aculeata,Plantae,1845,Australia,AUS,13,terrestrial,"introduced (alien, exotic, non-native, nonindigenous); introduced",TRUE,USRIIS; FirstRecords; GRIIS
Pergularia tomentosa L.,Pergularia tomentosa,Plantae,NA,NA,NA,1,terrestrial,introduced,TRUE,FirstRecords; GRIIS
"Perigona nigriceps (Dejean, 1831)",Perigona nigriceps,Animalia,1848,United States,USA,12,brackish; freshwater; terrestrial,"introduced (alien, exotic, non-native, nonindigenous); introduced",TRUE,USRIIS; FirstRecords; GRIIS; Artsdatabanken; InstytutOchronyPrzyrody
Perilla frutescens (L.) Britton,Perilla frutescens,Plantae,1500,Italy,ITA,16,terrestrial,"introduced (alien, exotic, non-native, nonindigenous); introduced",TRUE,DAISIE; USRIIS; TrIAS; FirstRecords; GRIIS
"Periplaneta americana (Linnaeus, 1758)",Periplaneta americana,Animalia,1600,Sweden,SWE,19,terrestrial,"introduced (alien, exotic, non-native, nonindigenous); introduced",TRUE,USRIIS; FirstRecords; GRIIS
"Periplaneta australasiae (Fabricius, 1775)",Periplaneta australasiae,Animalia,1850,Norway,NOR,14,terrestrial,"introduced (alien, exotic, non-native, nonindigenous); introduced",TRUE,SINAS; USRIIS; FirstRecords; GRIIS
"Periplaneta brunnea Burmeister, 1838",Periplaneta brunnea,Animalia,1911,United States,USA,5,terrestrial,"introduced (alien, exotic, non-native, nonindigenous); introduced",TRUE,USRIIS; FirstRecords; GRIIS
"Periplaneta fuliginosa (Serville, 1839); Periplaneta fuliginosa Serville, 1838",Periplaneta fuliginosa,Animalia,1834,United States,USA,2,terrestrial,"introduced (alien, exotic, non-native, nonindigenous); introduced",TRUE,USRIIS; FirstRecords; GRIIS
"Perkinsiella saccharicida Kirkaldy, 1903",Perkinsiella saccharicida,Animalia,1982,United States,USA,2,terrestrial,"introduced (alien, exotic, non-native, nonindigenous); introduced",TRUE,USRIIS; GRIIS
"Perna viridis (Linnaeus, 1758)",Perna viridis,Animalia,1967,Japan,JPN,3,terrestrial,"introduced (alien, exotic, non-native, nonindigenous); introduced",TRUE,SINAS; USRIIS; GRIIS
Persea americana Mill.,Persea americana,Plantae,1824,Nigeria,NGA,29,terrestrial,"introduced (alien, exotic, non-native, nonindigenous); introduced",TRUE,SINAS; USRIIS; TrIAS; FirstRecords; GRIIS
Persicaria (L.) Mill.,Persicaria,Plantae,NA,NA,NA,5,terrestrial,introduced,TRUE,GRIIS
Persicaria barbata (L.) H.Hara,Persicaria barbata,Plantae,1952,Madagascar,MDG,4,terrestrial,introduced,TRUE,FirstRecords; GRIIS
Persicaria capitata (Buch.-Ham. ex D. Don) H. Gross; Persicaria capitata (Buch.-Ham. ex D.Don) H.Gross,Persicaria capitata,Plantae,1500,Italy,ITA,21,terrestrial,"introduced (alien, exotic, non-native, nonindigenous); introduced",TRUE,DAISIE; USRIIS; TrIAS; FirstRecords; GRIIS
Persicaria chinensis (L.) H. Gross; Persicaria chinensis (L.) H.Gross,Persicaria chinensis,Plantae,NA,NA,NA,5,terrestrial,"introduced (alien, exotic, non-native, nonindigenous); introduced",TRUE,USRIIS; FirstRecords; GRIIS
Persicaria dichotoma (Blume) Masam.,Persicaria dichotoma,Plantae,1930,Madagascar,MDG,3,terrestrial,introduced,TRUE,FirstRecords; GRIIS
Persicaria filiformis (Thunb.) Nakai,Persicaria filiformis,Plantae,1500,Italy,ITA,2,terrestrial,introduced,TRUE,DAISIE; FirstRecords; GRIIS; M.McGeoch_AUS_2025
Persicaria glabra (Willd.) M. Gomez; Persicaria glabra (Willd.) M.Gómez,Persicaria glabra,Plantae,1918,Australia,AUS,6,terrestrial,"introduced (alien, exotic, non-native, nonindigenous); introduced",TRUE,USRIIS; FirstRecords; GRIIS
Persicaria hydropiper (L.) Opiz; Persicaria hydropiper (L.) Spach,Persicaria hydropiper,Plantae,1500,Bulgaria,BGR,10,terrestrial,"introduced (alien, exotic, non-native, nonindigenous); introduced",TRUE,DAISIE; USRIIS; FirstRecords; GRIIS
Persicaria lanigera (R.Br.) Soják,Persicaria lanigera,Plantae,NA,NA,NA,4,terrestrial,introduced,TRUE,GRIIS; FirstRecords
Persicaria lapathifolia (L.) Gray,Persicaria lapathifolia,Plantae,1500,Bulgaria,BGR,16,freshwater; terrestrial,"introduced (alien, exotic, non-native, nonindigenous); introduced",TRUE,DAISIE; USRIIS; FirstRecords; GRIIS
Persicaria longiseta (Bruijn) Kitag.,Persicaria longiseta,Plantae,1500,Italy,ITA,3,freshwater; brackish; terrestrial,"introduced (alien, exotic, non-native, nonindigenous); introduced",TRUE,DAISIE; USRIIS; FirstRecords; GRIIS
Persicaria maculosa Gray,Persicaria maculosa,Plantae,1500,Bulgaria,BGR,11,freshwater; brackish; terrestrial,"introduced (alien, exotic, non-native, nonindigenous); introduced",TRUE,DAISIE; USRIIS; FirstRecords; GRIIS
Persicaria nepalensis (Meisn.) H. Gross; Persicaria nepalensis (Meisn.) H.Gross,Persicaria nepalensis,Plantae,1500,United Kingdom,GBR,16,terrestrial,"introduced (alien, exotic, non-native, nonindigenous); introduced",TRUE,DAISIE; USRIIS; TrIAS; FirstRecords; GRIIS; InstytutOchronyPrzyrody
Persicaria orientalis (L.) Spach,Persicaria orientalis,Plantae,1500,Czechia,CZE,25,terrestrial,"introduced (alien, exotic, non-native, nonindigenous); introduced",TRUE,DAISIE; USRIIS; TrIAS; FirstRecords; GRIIS
Persicaria pensylvanica (L.) M.Gómez,Persicaria pensylvanica,Plantae,1500,Germany,DEU,9,terrestrial,introduced,TRUE,DAISIE; TrIAS; FirstRecords; GRIIS
Persicaria perfoliata (L.) H. Gross; Persicaria perfoliata (L.) H.Gross,Persicaria perfoliata,Plantae,NA,NA,NA,4,terrestrial,"introduced (alien, exotic, non-native, nonindigenous); introduced",TRUE,USRIIS; FirstRecords; GRIIS
Persicaria senegalensis (Meisn.) Soják,Persicaria senegalensis,Plantae,1500,Italy,ITA,4,terrestrial,introduced,TRUE,DAISIE; FirstRecords; GRIIS
Persicaria virginiana (L.) Gaertn.,Persicaria virginiana,Plantae,NA,NA,NA,1,terrestrial,introduced,TRUE,FirstRecords; GRIIS
Petasites albus (L.) Gaertn.,Petasites albus,Plantae,1500,United Kingdom,GBR,3,freshwater; terrestrial,introduced,TRUE,DAISIE; TrIAS; FirstRecords; GRIIS
"Petasites hybridus (L.) G. Gaertn., B. Mey. and Scherb.; Petasites hybridus (L.) G.Gaertn., B.Mey. & Scherb.",Petasites hybridus,Plantae,1677,Estonia,EST,9,freshwater; terrestrial,"introduced (alien, exotic, non-native, nonindigenous); introduced",TRUE,USRIIS; FirstRecords; GRIIS; Artsdatabanken
Petasites japonicus (Siebold and Zucc.) Maxim.; Petasites japonicus (Siebold & Zucc.) Maxim.,Petasites japonicus,Plantae,1500,Czechia,CZE,9,terrestrial,"introduced (alien, exotic, non-native, nonindigenous); introduced",TRUE,DAISIE; USRIIS; TrIAS; FirstRecords; GRIIS
Petasites japonicus subsp. giganteus (F.Schmidt ex Trautv.) Kitam.,Petasites japonicus giganteus,Plantae,1931,Norway,NOR,2,terrestrial,introduced,TRUE,FirstRecords; GRIIS; Artsdatabanken
Petasites pyrenaicus (L.) G.López,Petasites pyrenaicus,Plantae,1700,Finland,FIN,9,terrestrial,"introduced (alien, exotic, non-native, nonindigenous); introduced",TRUE,SINAS; USRIIS; TrIAS; FirstRecords; GRIIS
"Pethia conchonius (Hamilton, 1822)",Pethia conchonius,Animalia,1967,Mexico,MEX,4,freshwater,introduced,TRUE,FirstRecords; GRIIS
Petrea volubilis L.,Petrea volubilis,Plantae,NA,NA,NA,7,terrestrial,"introduced (alien, exotic, non-native, nonindigenous); introduced",TRUE,USRIIS; FirstRecords; GRIIS
"Petromyzon marinus Linnaeus, 1758",Petromyzon marinus,Animalia,1839,Canada,CAN,2,brackish; freshwater; marine,introduced,TRUE,FirstRecords; GRIIS
Petrorhagia dubia (Raf.) G. Lopez and Romo; Petrorhagia dubia (Raf.) G.López & Romo,Petrorhagia dubia,Plantae,1892,Australia,AUS,4,terrestrial,"introduced (alien, exotic, non-native, nonindigenous); introduced",TRUE,USRIIS; FirstRecords; GRIIS
Petrorhagia nanteuilii (Burnat) P.W. Ball and Heywood; Petrorhagia nanteuilii (Burnat) P.W.Ball & Heywood,Petrorhagia nanteuilii,Plantae,1882,Australia,AUS,5,terrestrial,"introduced (alien, exotic, non-native, nonindigenous); introduced",TRUE,USRIIS; TrIAS; FirstRecords; GRIIS
Petrosedum rupestre (L.) P.V.Heath,Petrosedum rupestre,Plantae,NA,NA,NA,7,terrestrial,introduced,TRUE,FirstRecords; GRIIS
Petroselinum crispum (Mill.) Fuss,Petroselinum crispum,Plantae,1500,Austria,AUT,39,freshwater; terrestrial,"introduced (alien, exotic, non-native, nonindigenous); introduced",TRUE,DAISIE; USRIIS; FirstRecords; GRIIS; M.McGeoch_AUS_2025
"Phalacrocorax carbo (Linnaeus, 1758)",Phalacrocorax carbo,Animalia,1855,Lithuania,LTU,2,brackish; freshwater; marine; terrestrial,introduced,TRUE,FirstRecords; GRIIS
"Phalacrocorax carbo sinensis (Blumenbach, 1798)",Phalacrocorax carbo sinensis,Animalia,NA,NA,NA,1,brackish; freshwater; marine; terrestrial,introduced,TRUE,FirstRecords; GRIIS
Phalaris aquatica L.,Phalaris aquatica,Plantae,1500,United Kingdom,GBR,13,freshwater; terrestrial,"introduced (alien, exotic, non-native, nonindigenous); introduced",TRUE,DAISIE; USRIIS; TrIAS; FirstRecords; GRIIS
Phalaris arundinacea L.,Phalaris arundinacea,Plantae,1830,Austria,AUT,21,freshwater; terrestrial,"introduced (alien, exotic, non-native, nonindigenous); introduced",TRUE,SINAS; USRIIS; TrIAS; FirstRecords; GRIIS
Phalaris canariensis L.,Phalaris canariensis,Plantae,1500,Germany,DEU,41,freshwater; terrestrial,"introduced (alien, exotic, non-native, nonindigenous); introduced",TRUE,DAISIE; USRIIS; TrIAS; FirstRecords; GRIIS
Phalaris minor Retz.,Phalaris minor,Plantae,1500,United Kingdom,GBR,32,freshwater; terrestrial,"introduced (alien, exotic, non-native, nonindigenous); introduced",TRUE,DAISIE; USRIIS; TrIAS; FirstRecords; GRIIS
"Phalloceros caudimaculatus (Hensel, 1868)",Phalloceros caudimaculatus,Animalia,1950,Australia,AUS,5,brackish; freshwater,introduced,TRUE,FirstRecords; GRIIS; M.McGeoch_AUS_2025
Phaseolus lunatus L.,Phaseolus lunatus,Plantae,1645,Nigeria,NGA,37,freshwater; terrestrial,"introduced (alien, exotic, non-native, nonindigenous); introduced",TRUE,USRIIS; FirstRecords; GRIIS
"Phasianus colchicus Linnaeus, 1758",Phasianus colchicus,Animalia,-1300,Greece,GRC,39,terrestrial,introduced: assisted colonization; introduced,TRUE,DAISIE; USRIIS; TrIAS; FirstRecords; GRIIS; Artsdatabanken; InstytutOchronyPrzyrody
"Phasianus colchicus karpowi Buturlin, 1904",Phasianus colchicus karpowi,Animalia,NA,NA,NA,5,terrestrial,introduced,TRUE,FirstRecords; GRIIS
Phedimus aizoon (L.) 't Hart,Phedimus aizoon,Plantae,1870,Sweden,SWE,8,freshwater; terrestrial,"introduced (alien, exotic, non-native, nonindigenous); introduced",TRUE,USRIIS; TrIAS; FirstRecords; GRIIS; Artsdatabanken
Phedimus ellacombeanus (Praeger) 't Hart,Phedimus ellacombeanus,Plantae,NA,NA,NA,1,terrestrial,introduced,TRUE,GRIIS
Phedimus hybridus (L.) 't Hart,Phedimus hybridus,Plantae,1854,Norway,NOR,10,freshwater; terrestrial,introduced,TRUE,TrIAS; FirstRecords; GRIIS; Artsdatabanken
Phedimus kamtschaticus (Fisch.) 't Hart,Phedimus kamtschaticus,Plantae,1823,Norway,NOR,2,terrestrial,introduced,TRUE,SINAS; FirstRecords; GRIIS; Artsdatabanken
Phedimus spurius (M. Bieb.) 't Hart; Phedimus spurius (M.Bieb.) 't Hart,Phedimus spurius,Plantae,1854,Norway,NOR,12,terrestrial,"introduced (alien, exotic, non-native, nonindigenous); introduced",TRUE,SINAS; USRIIS; FirstRecords; GRIIS; Artsdatabanken; InstytutOchronyPrzyrody
"Pheidole indica Mayr, 1879",Pheidole indica,Animalia,1894,Madagascar,MDG,4,terrestrial,"introduced (alien, exotic, non-native, nonindigenous); introduced",TRUE,SINAS; USRIIS; FirstRecords; GRIIS
"Pheidole megacephala (Fabricius, 1793)",Pheidole megacephala,Animalia,1847,Portugal,PRT,54,terrestrial,"introduced (alien, exotic, non-native, nonindigenous); introduced",TRUE,"SINAS, DAISIE; USRIIS; FirstRecords; GRIIS"
"Pheidole moerens Wheeler, 1908",Pheidole moerens,Animalia,1967,United States,USA,2,terrestrial,"introduced (alien, exotic, non-native, nonindigenous); introduced",TRUE,USRIIS; FirstRecords; GRIIS
"Pheidole navigans Forel, 1901",Pheidole navigans,Animalia,1901,Mexico,MEX,2,terrestrial,"introduced (alien, exotic, non-native, nonindigenous)",TRUE,SINAS; USRIIS
"Pheidole obscurithorax Naves, 1985",Pheidole obscurithorax,Animalia,NA,NA,NA,1,terrestrial,"introduced (alien, exotic, non-native, nonindigenous)",TRUE,USRIIS
"Pheidole teneriffana Forel, 1893",Pheidole teneriffana,Animalia,1987,United States,USA,5,terrestrial,"introduced (alien, exotic, non-native, nonindigenous); introduced",TRUE,USRIIS; FirstRecords; GRIIS
Phelipanche aegyptiaca (Pers.) Pomel,Phelipanche aegyptiaca,Plantae,2012,Cuba,CUB,8,terrestrial,"introduced (alien, exotic, non-native, nonindigenous); introduced",TRUE,USRIIS; FirstRecords; GRIIS
Phelipanche mutelii (F.W.Schultz) Pomel,Phelipanche mutelii,Plantae,1977,China,CHN,2,terrestrial,introduced,TRUE,FirstRecords; GRIIS
Phellodendron amurense Rupr.,Phellodendron amurense,Plantae,1932,Estonia,EST,7,freshwater; terrestrial,"introduced (alien, exotic, non-native, nonindigenous); introduced",TRUE,USRIIS; FirstRecords; GRIIS
"Phelsuma grandis Gray, 1870",Phelsuma grandis,Animalia,1996,United States,USA,2,terrestrial,"introduced (alien, exotic, non-native, nonindigenous); introduced",TRUE,USRIIS; FirstRecords; GRIIS
"Phelsuma madagascariensis Gray, 1831",Phelsuma madagascariensis,Animalia,NA,NA,NA,2,terrestrial,introduced,TRUE,FirstRecords; GRIIS
Philodendron giganteum Schott,Philodendron giganteum,Plantae,NA,NA,NA,1,terrestrial,introduced,TRUE,FirstRecords; GRIIS
Philodendron hederaceum (Jacq.) Schott,Philodendron hederaceum,Plantae,NA,NA,NA,4,terrestrial,"introduced (alien, exotic, non-native, nonindigenous); introduced",TRUE,USRIIS; FirstRecords; GRIIS
"Philornis downsi (Dodge & Aitken, 1968)",Philornis downsi,Animalia,NA,NA,NA,1,terrestrial,introduced,TRUE,FirstRecords; GRIIS
Phlebodium aureum (L.) J. Sm.; Phlebodium aureum (L.) J.Sm.,Phlebodium aureum,Plantae,1909,United States,USA,4,terrestrial,"introduced (alien, exotic, non-native, nonindigenous); introduced",TRUE,USRIIS; FirstRecords; GRIIS
Phleum pratense L.,Phleum pratense,Plantae,1770,Iceland,ISL,15,terrestrial,"introduced (alien, exotic, non-native, nonindigenous); introduced",TRUE,DAISIE; USRIIS; FirstRecords; GRIIS
"Phloeotribus liminaris Wood & Bright, 1992",Phloeotribus liminaris,Animalia,2004,Italy,ITA,2,terrestrial,introduced,TRUE,FirstRecords; GRIIS
Phlomis bucharica Regel,Phlomis bucharica,Plantae,NA,NA,NA,1,terrestrial,introduced,TRUE,FirstRecords; GRIIS
Phoenix canariensis Chabaud; Phoenix canariensis H.Wildpret,Phoenix canariensis,Plantae,1500,Italy,ITA,28,terrestrial,"introduced (alien, exotic, non-native, nonindigenous); introduced",TRUE,DAISIE; USRIIS; FirstRecords; GRIIS
Phoenix dactylifera L.,Phoenix dactylifera,Plantae,1309,Nigeria,NGA,27,terrestrial,"introduced (alien, exotic, non-native, nonindigenous); introduced",TRUE,SINAS; USRIIS; TrIAS; FirstRecords; GRIIS
Phoenix reclinata Jacq.,Phoenix reclinata,Plantae,1888,Australia,AUS,6,terrestrial,"introduced (alien, exotic, non-native, nonindigenous); introduced",TRUE,USRIIS; FirstRecords; GRIIS
"Pholcus phalangioides (Fuesslin, 1775)",Pholcus phalangioides,Animalia,1800,Sweden,SWE,10,terrestrial,"introduced (alien, exotic, non-native, nonindigenous); introduced",TRUE,DAISIE; USRIIS; FirstRecords; GRIIS
"Phoracantha recurva Newman, 1840",Phoracantha recurva,Animalia,1970,Chile,CHL,8,terrestrial,"introduced (alien, exotic, non-native, nonindigenous); introduced",TRUE,USRIIS; FirstRecords; GRIIS
"Phoracantha semipunctata (Fabricius, 1775)",Phoracantha semipunctata,Animalia,1873,New Zealand,NZL,13,terrestrial,"introduced (alien, exotic, non-native, nonindigenous); introduced",TRUE,SINAS; USRIIS; FirstRecords; GRIIS
Phormium tenax J.R. Forst. and G. Forst.; Phormium tenax J.R.Forst. & G.Forst.,Phormium tenax,Plantae,1500,United Kingdom,GBR,9,terrestrial,"introduced (alien, exotic, non-native, nonindigenous); introduced",TRUE,DAISIE; USRIIS; FirstRecords; GRIIS
"Phorodon cannabis Passerini, 1860",Phorodon cannabis,Animalia,2016,United States,USA,1,terrestrial,"introduced (alien, exotic, non-native, nonindigenous)",TRUE,USRIIS
"Phoxinus phoxinus (Linnaeus, 1758)",Phoxinus phoxinus,Animalia,1601,Ireland,IRL,4,brackish; freshwater,introduced,TRUE,DAISIE; FirstRecords; GRIIS; Artsdatabanken
Phragmites australis (Cav.) Trin. ex Steud.,Phragmites australis,Plantae,1854,Chile,CHL,13,freshwater; terrestrial,"introduced (alien, exotic, non-native, nonindigenous); introduced",TRUE,USRIIS; FirstRecords; GRIIS
"Phragmites australis subsp. americanus Saltonst., P.M.Peterson & Soreng",Phragmites australis americanus,Plantae,NA,NA,NA,1,freshwater; terrestrial,introduced,TRUE,GRIIS
Phragmites karka (Retz.) Trin. ex Steud.,Phragmites karka,Plantae,NA,NA,NA,3,freshwater; terrestrial,introduced,TRUE,FirstRecords; GRIIS
"Tuta absoluta (Meyrick, 1917); Phthorimaea absoluta Meyrick, 1917",Phthorimaea absoluta,Animalia,2008,France,FRA,11,terrestrial,introduced,TRUE,TrIAS; FirstRecords; GRIIS
"Phthorimaea operculella (Zeller, 1873)",Phthorimaea operculella,Animalia,1856,United States,USA,15,terrestrial,"introduced (alien, exotic, non-native, nonindigenous); introduced",TRUE,USRIIS; FirstRecords; GRIIS
Phyla nodiflora (L.) Greene,Phyla nodiflora,Plantae,1849,Chile,CHL,27,terrestrial,"introduced (alien, exotic, non-native, nonindigenous); introduced",TRUE,USRIIS; FirstRecords; GRIIS
Phyllanthus amarus Schumach. and Thonn.; Phyllanthus amarus Schumach. & Thonn.,Phyllanthus amarus,Plantae,1851,Singapore,SGP,34,terrestrial,"introduced (alien, exotic, non-native, nonindigenous); introduced",TRUE,USRIIS; FirstRecords; GRIIS
Phyllanthus debilis Klein ex Willd.; Phyllanthus debilis J.G.Klein ex Willd.,Phyllanthus debilis,Plantae,1869,Indonesia,IDN,16,terrestrial,"introduced (alien, exotic, non-native, nonindigenous); introduced",TRUE,SINAS; USRIIS; FirstRecords; GRIIS
Phyllanthus tenellus Roxb.,Phyllanthus tenellus,Plantae,1814,India,IND,22,terrestrial,"introduced (alien, exotic, non-native, nonindigenous); introduced",TRUE,USRIIS; TrIAS; FirstRecords; GRIIS
Phyllanthus urinaria L.,Phyllanthus urinaria,Plantae,1866,Japan,JPN,27,terrestrial,"introduced (alien, exotic, non-native, nonindigenous); introduced",TRUE,SINAS; USRIIS; FirstRecords; GRIIS
Phyllanthus virgatus G.Forst.,Phyllanthus virgatus,Plantae,NA,NA,NA,6,terrestrial,introduced,TRUE,FirstRecords; GRIIS
"Phyllocnistis citrella Stainton, 1856",Phyllocnistis citrella,Animalia,1986,St. Lucia,LCA,17,terrestrial,"introduced (alien, exotic, non-native, nonindigenous); introduced",TRUE,CABI; USRIIS; FirstRecords; GRIIS
"Phyllonorycter issikii (Kumata, 1963)",Phyllonorycter issikii,Animalia,1961,Poland,POL,8,terrestrial,introduced,TRUE,DAISIE; FirstRecords; GRIIS; InstytutOchronyPrzyrody
"Phyllonorycter leucographella (Zeller, 1850)",Phyllonorycter leucographella,Animalia,1850,Sweden,SWE,11,terrestrial,introduced,TRUE,FirstRecords; GRIIS; InstytutOchronyPrzyrody
"Phyllonorycter platani (Staudinger, 1870)",Phyllonorycter platani,Animalia,1870,Sweden,SWE,12,terrestrial,introduced,TRUE,FirstRecords; GRIIS; InstytutOchronyPrzyrody
Phyllostachys aurea Carriere ex Riviere and C. Riviere; Phyllostachys aurea (André) Rivière & C.Rivière,Phyllostachys aurea,Plantae,1500,Italy,ITA,11,terrestrial,"introduced (alien, exotic, non-native, nonindigenous); introduced",TRUE,DAISIE; USRIIS; FirstRecords; GRIIS
Phyllostachys bissetii McClure,Phyllostachys bissetii,Plantae,2023,Poland,POL,3,terrestrial,"introduced (alien, exotic, non-native, nonindigenous); introduced",TRUE,USRIIS; FirstRecords; GRIIS; InstytutOchronyPrzyrody
Phyllostachys edulis (Carriere) J. Houz.; Phyllostachys edulis (Carrière) J.Houz.,Phyllostachys edulis,Plantae,NA,NA,NA,7,terrestrial,"introduced (alien, exotic, non-native, nonindigenous); introduced",TRUE,USRIIS; FirstRecords; GRIIS
Phyllostachys flexuosa Riviere and C. Riviere; Phyllostachys flexuosa Rivière & C.Rivière,Phyllostachys flexuosa,Plantae,NA,NA,NA,2,terrestrial,"introduced (alien, exotic, non-native, nonindigenous); introduced",TRUE,USRIIS; FirstRecords; GRIIS
Phyllostachys nigra (Lodd. ex Lindl.) Munro,Phyllostachys nigra,Plantae,1500,Italy,ITA,9,terrestrial,"introduced (alien, exotic, non-native, nonindigenous); introduced",TRUE,DAISIE; USRIIS; FirstRecords; GRIIS
Phyllostachys reticulata (Rupr.) K. Koch; Phyllostachys reticulata (Rupr.) K.Koch,Phyllostachys reticulata,Plantae,NA,NA,NA,9,terrestrial,"introduced (alien, exotic, non-native, nonindigenous); introduced",TRUE,USRIIS; FirstRecords; GRIIS
Physalis angulata L.,Physalis angulata,Plantae,1500,Italy,ITA,92,terrestrial,"introduced (alien, exotic, non-native, nonindigenous); introduced",TRUE,DAISIE; USRIIS; TrIAS; FirstRecords; GRIIS; GRIIS ; J.Ganglo_BEN_2026; B.Shrestha_NPL_2026
Physalis lagascae Roem. & Schult.,Physalis lagascae,Plantae,1821,Indonesia,IDN,10,terrestrial,introduced,TRUE,SINAS; FirstRecords; GRIIS
Physalis peruviana L.,Physalis peruviana,Plantae,1500,Czechia,CZE,71,freshwater; terrestrial,"introduced (alien, exotic, non-native, nonindigenous); introduced",TRUE,DAISIE; USRIIS; TrIAS; FirstRecords; GRIIS
Physalis philadelphica Lam.,Physalis philadelphica,Plantae,1800,Austria,AUT,29,freshwater; terrestrial,"introduced (alien, exotic, non-native, nonindigenous); introduced",TRUE,DAISIE; USRIIS; TrIAS; FirstRecords; GRIIS
Physalis pruinosa L.,Physalis pruinosa,Plantae,1963,Indonesia,IDN,3,terrestrial,introduced,TRUE,FirstRecords; GRIIS
Physalis pubescens L.,Physalis pubescens,Plantae,1500,Italy,ITA,14,terrestrial,introduced,TRUE,DAISIE; TrIAS; FirstRecords; GRIIS
Physalis viscosa L.,Physalis viscosa,Plantae,1500,Italy,ITA,5,terrestrial,introduced,TRUE,DAISIE; FirstRecords; GRIIS; M.McGeoch_AUS_2025
"Physella acuta (Draparnaud, 1805)",Physella acuta,Animalia,1000,Austria,AUT,35,brackish; freshwater; marine; terrestrial,"introduced (alien, exotic, non-native, nonindigenous); introduced",TRUE,DAISIE; USRIIS; TrIAS; FirstRecords; GRIIS; Artsdatabanken; InstytutOchronyPrzyrody
"Physignathus cocincinus Cuvier, 1829",Physignathus cocincinus,Animalia,2012,Belgium,BEL,3,freshwater; terrestrial,introduced,TRUE,TrIAS; FirstRecords; GRIIS
Physocarpus opulifolius (L.) Maxim.,Physocarpus opulifolius,Plantae,1500,Switzerland,CHE,24,freshwater; terrestrial,introduced,TRUE,DAISIE; TrIAS; FirstRecords; GRIIS; Artsdatabanken; InstytutOchronyPrzyrody
"Physomerus grossipes (Fabricius, 1794)",Physomerus grossipes,Animalia,1997,United States,USA,1,terrestrial,"introduced (alien, exotic, non-native, nonindigenous)",TRUE,USRIIS
Phytolacca acinosa Roxb.,Phytolacca acinosa,Plantae,1500,United Kingdom,GBR,16,terrestrial,introduced,TRUE,DAISIE; TrIAS; FirstRecords; GRIIS; InstytutOchronyPrzyrody
Phytolacca americana L.,Phytolacca americana,Plantae,17,Czech Republic,CZE,40,terrestrial,introduced,TRUE,TrIAS; FirstRecords; GRIIS; InstytutOchronyPrzyrody
Phytolacca dioica L.,Phytolacca dioica,Plantae,1500,Italy,ITA,10,terrestrial,"introduced (alien, exotic, non-native, nonindigenous); introduced",TRUE,DAISIE; USRIIS; FirstRecords; GRIIS
Phytolacca icosandra L.,Phytolacca icosandra,Plantae,1866,Indonesia,IDN,10,terrestrial,introduced,TRUE,FirstRecords; GRIIS
"Phytoliriomyza jacarandae Steyskal and Spencer, 1978",Phytoliriomyza jacarandae,Animalia,1973,United States,USA,1,terrestrial,"introduced (alien, exotic, non-native, nonindigenous)",TRUE,USRIIS
"Phytomyza gymnostoma Loew; Phytomyza gymnostoma Loew, 1858",Phytomyza gymnostoma,Animalia,1993,Malta,MLT,4,terrestrial,"introduced (alien, exotic, non-native, nonindigenous); introduced",TRUE,EPPO Distribution; USRIIS; FirstRecords; GRIIS
"Piaractus brachypomus (Cuvier, 1818)",Piaractus brachypomus,Animalia,1980,Peru,PER,19,freshwater,introduced,TRUE,FirstRecords; GRIIS
"Pica pica (Linnaeus, 1758)",Pica pica,Animalia,1590,Japan,JPN,2,terrestrial,introduced,TRUE,FirstRecords; GRIIS
Picea abies (L.) Karst.; Picea abies (L.) H.Karst.,Picea abies,Plantae,1500,United Kingdom,GBR,14,terrestrial,"introduced (alien, exotic, non-native, nonindigenous); introduced",TRUE,DAISIE; USRIIS; TrIAS; FirstRecords; GRIIS
Picea engelmannii Parry ex Engelm.,Picea engelmannii,Plantae,1500,United Kingdom,GBR,6,terrestrial,introduced,TRUE,DAISIE; FirstRecords; GRIIS; Artsdatabanken
Picea glauca (Moench) Voss,Picea glauca,Plantae,1500,United Kingdom,GBR,8,freshwater; terrestrial,introduced,TRUE,DAISIE; FirstRecords; GRIIS; Artsdatabanken
Picea lutzii Little,Picea lutzii,Plantae,1920,Norway,NOR,2,terrestrial,introduced,TRUE,SINAS; FirstRecords; GRIIS; Artsdatabanken
Picea sitchensis (Bong.) Carrière,Picea sitchensis,Plantae,1500,United Kingdom,GBR,10,freshwater; terrestrial,introduced,TRUE,DAISIE; TrIAS; FirstRecords; GRIIS; Artsdatabanken; InstytutOchronyPrzyrody
Picris hieracioides L.,Picris hieracioides,Plantae,1666,Sweden,SWE,10,terrestrial,"introduced (alien, exotic, non-native, nonindigenous); introduced",TRUE,USRIIS; FirstRecords; GRIIS; M.McGeoch_AUS_2025
Pieris japonica (Thunb.) D. Don ex G. Don; Pieris japonica (Thunb.) D.Don ex G.Don,Pieris japonica,Plantae,1920,Australia,AUS,4,terrestrial,"introduced (alien, exotic, non-native, nonindigenous); introduced",TRUE,SINAS; USRIIS; TrIAS; FirstRecords; GRIIS
"Pieris rapae (Linnaeus, 1758)",Pieris rapae,Animalia,1856,United States,USA,4,terrestrial,"introduced (alien, exotic, non-native, nonindigenous); introduced",TRUE,USRIIS; FirstRecords; GRIIS
"Piezodorus oceanicus (Montrouzier, 1864)",Piezodorus oceanicus,Animalia,2006,United States,USA,1,terrestrial,"introduced (alien, exotic, non-native, nonindigenous)",TRUE,USRIIS
Pilea microphylla (L.) Liebm.,Pilea microphylla,Plantae,1882,Singapore,SGP,36,terrestrial,"introduced (alien, exotic, non-native, nonindigenous); introduced",TRUE,USRIIS; TrIAS; FirstRecords; GRIIS
Pilea nummulariifolia (Sw.) Wedd.,Pilea nummulariifolia,Plantae,NA,NA,NA,7,terrestrial,introduced,TRUE,FirstRecords; GRIIS
Pilosella aurantiaca (L.) F.W.Schultz & Sch.Bip.,Pilosella aurantiaca,Plantae,1500,United Kingdom,GBR,11,freshwater; terrestrial,introduced,TRUE,DAISIE; TrIAS; FirstRecords; GRIIS
Pilosella caespitosa (Dumort.) P.D.Sell & C.West,Pilosella caespitosa,Plantae,1500,United Kingdom,GBR,5,terrestrial,introduced,TRUE,DAISIE; TrIAS; FirstRecords; GRIIS; Artsdatabanken
Pilosella officinarum Vaill.,Pilosella officinarum,Plantae,1878,New Zealand,NZL,5,terrestrial,introduced,TRUE,FirstRecords; GRIIS
Pilosella piloselloides (Vill.) Soják,Pilosella piloselloides,Plantae,NA,NA,NA,4,terrestrial,introduced,TRUE,TrIAS; GRIIS; FirstRecords
Pimenta dioica (L.) Merr.,Pimenta dioica,Plantae,1893,Nigeria,NGA,21,terrestrial,"introduced (alien, exotic, non-native, nonindigenous); introduced",TRUE,SINAS; USRIIS; FirstRecords; GRIIS
Pimenta racemosa (Mill.) J.W. Moore; Pimenta racemosa (Mill.) J.W.Moore,Pimenta racemosa,Plantae,NA,NA,NA,9,terrestrial,"introduced (alien, exotic, non-native, nonindigenous); introduced",TRUE,USRIIS; FirstRecords; GRIIS
"Pimephales promelas Rafinesque, 1820",Pimephales promelas,Animalia,199,United Kingdom,GBR,6,freshwater,introduced,TRUE,TrIAS; FirstRecords; GRIIS
Pimpinella saxifraga L.,Pimpinella saxifraga,Plantae,1947,Canada,CAN,3,terrestrial,"introduced (alien, exotic, non-native, nonindigenous); introduced",TRUE,USRIIS; FirstRecords; GRIIS
"Pineus boerneri Annand, 1928",Pineus boerneri,Animalia,1939,United States,USA,2,terrestrial,"introduced (alien, exotic, non-native, nonindigenous); introduced",TRUE,USRIIS; GRIIS
"Pineus pini (Koch, 1857); Pineus pini (Goeze, 1778)",Pineus pini,Animalia,1920,Australia,AUS,3,terrestrial,"introduced (alien, exotic, non-native, nonindigenous); introduced",TRUE,SINAS; USRIIS; GRIIS
"Pinnaspis aspidistrae (Signoret, 1869)",Pinnaspis aspidistrae,Animalia,1868,France,FRA,3,terrestrial,"introduced (alien, exotic, non-native, nonindigenous); introduced",TRUE,SINAS; USRIIS; GRIIS
Pinus canariensis C.Sm.,Pinus canariensis,Plantae,1500,Italy,ITA,5,terrestrial,introduced,TRUE,DAISIE; FirstRecords; GRIIS
Pinus caribaea Morelet,Pinus caribaea,Plantae,1919,Nigeria,NGA,46,terrestrial,introduced,TRUE,SINAS; FirstRecords; GRIIS
Pinus contorta Douglas ex Loudon,Pinus contorta,Plantae,1500,United Kingdom,GBR,11,terrestrial,introduced,TRUE,DAISIE; FirstRecords; GRIIS; Artsdatabanken
Pinus contorta subsp. contorta; Pinus contorta var. contorta,Pinus contorta contorta,Plantae,NA,NA,NA,2,terrestrial,introduced,TRUE,FirstRecords; GRIIS
Pinus contorta var. latifolia Engelm.,Pinus contorta latifolia,Plantae,NA,NA,NA,2,terrestrial,introduced,TRUE,FirstRecords; GRIIS
Pinus contorta var. murrayana (Balf.) Engelm.,Pinus contorta murrayana,Plantae,NA,NA,NA,1,terrestrial,introduced,TRUE,FirstRecords; GRIIS
Pinus elliottii Engelm.,Pinus elliottii,Plantae,1919,South Africa,ZAF,11,terrestrial,"introduced (alien, exotic, non-native, nonindigenous); introduced",TRUE,USRIIS; FirstRecords; GRIIS
Pinus glabra Walter,Pinus glabra,Plantae,1962,Brazil,BRA,1,terrestrial,introduced,TRUE,FirstRecords; GRIIS
Pinus halepensis Mill.,Pinus halepensis,Plantae,1775,South Africa,ZAF,25,terrestrial,"introduced (alien, exotic, non-native, nonindigenous); introduced",TRUE,USRIIS; FirstRecords; GRIIS
Pinus luchuensis Mayr,Pinus luchuensis,Plantae,1899,Japan,JPN,1,terrestrial,introduced,TRUE,FirstRecords; GRIIS
Pinus merkusii Jungh. & de Vriese,Pinus merkusii,Plantae,NA,NA,NA,2,terrestrial,introduced,TRUE,FirstRecords; GRIIS
Pinus monticola Douglas ex D.Don,Pinus monticola,Plantae,NA,NA,NA,2,terrestrial,introduced,TRUE,FirstRecords; GRIIS
Pinus mugo Turra,Pinus mugo,Plantae,1500,United Kingdom,GBR,11,terrestrial,"introduced (alien, exotic, non-native, nonindigenous); introduced",TRUE,DAISIE; USRIIS; FirstRecords; GRIIS; Artsdatabanken
Pinus mugo subsp. mugo,Pinus mugo mugo,Plantae,NA,NA,NA,1,terrestrial,introduced,TRUE,FirstRecords; GRIIS
Pinus mugo subsp. mugo x rotundata,Pinus mugo subsp. mugo x rotundata,Plantae,NA,NA,NA,1,terrestrial,introduced,TRUE,GRIIS
Pinus muricata D.Don,Pinus muricata,Plantae,1843,Australia,AUS,3,terrestrial,introduced,TRUE,SINAS; FirstRecords; GRIIS
Pinus nigra Arnold; Pinus nigra J.F.Arnold,Pinus nigra,Plantae,1500,Czechia,CZE,25,terrestrial,"introduced (alien, exotic, non-native, nonindigenous); introduced",TRUE,DAISIE; USRIIS; FirstRecords; GRIIS; Artsdatabanken; InstytutOchronyPrzyrody
Pinus oocarpa Schiede ex Schltdl.,Pinus oocarpa,Plantae,NA,NA,NA,3,terrestrial,introduced,TRUE,FirstRecords; GRIIS
Pinus patula Schiede ex Schltdl. and Cham.; Pinus patula Schiede ex Schltdl. & Cham.,Pinus patula,Plantae,1902,Zimbabwe,ZWE,29,freshwater; terrestrial,"introduced (alien, exotic, non-native, nonindigenous); introduced",TRUE,USRIIS; FirstRecords; GRIIS; B.Shrestha_NPL_2026
Pinus pinaster Aiton,Pinus pinaster,Plantae,1500,United Kingdom,GBR,21,terrestrial,"introduced (alien, exotic, non-native, nonindigenous); introduced",TRUE,DAISIE; USRIIS; TrIAS; FirstRecords; GRIIS
Pinus pinea L.,Pinus pinea,Plantae,1500,Portugal,PRT,14,terrestrial,"introduced (alien, exotic, non-native, nonindigenous); introduced",TRUE,DAISIE; USRIIS; FirstRecords; GRIIS
Pinus ponderosa Douglas ex C.Lawson,Pinus ponderosa,Plantae,1500,United Kingdom,GBR,11,terrestrial,introduced,TRUE,DAISIE; TrIAS; FirstRecords; GRIIS
Pinus radiata D. Don; Pinus radiata D.Don,Pinus radiata,Plantae,1500,United Kingdom,GBR,21,terrestrial,"introduced (alien, exotic, non-native, nonindigenous); introduced",TRUE,DAISIE; USRIIS; FirstRecords; GRIIS
Pinus roxburghii Sarg.,Pinus roxburghii,Plantae,1843,Australia,AUS,7,terrestrial,"introduced (alien, exotic, non-native, nonindigenous); introduced",TRUE,SINAS; USRIIS; FirstRecords; GRIIS
Pinus strobus L.,Pinus strobus,Plantae,1500,Germany,DEU,22,terrestrial,introduced,TRUE,DAISIE; TrIAS; FirstRecords; GRIIS; Artsdatabanken; InstytutOchronyPrzyrody
Pinus sylvestris L.,Pinus sylvestris,Plantae,1500,Ireland,IRL,12,terrestrial,"introduced (alien, exotic, non-native, nonindigenous); introduced",TRUE,DAISIE; USRIIS; TrIAS; FirstRecords; GRIIS
Pinus taeda L.,Pinus taeda,Plantae,1843,Australia,AUS,7,terrestrial,"introduced (alien, exotic, non-native, nonindigenous); introduced",TRUE,USRIIS; FirstRecords; GRIIS
Pinus thunbergii Parl.,Pinus thunbergii,Plantae,NA,NA,NA,4,terrestrial,"introduced (alien, exotic, non-native, nonindigenous); introduced",TRUE,USRIIS; FirstRecords; GRIIS
Pinus uncinata Ramond ex DC.,Pinus uncinata,Plantae,1860,Norway,NOR,6,terrestrial,introduced,TRUE,SINAS; FirstRecords; GRIIS
"Pipa parva Ruthven & Gaige, 1923",Pipa parva,Animalia,1990,Venezuela,VEN,1,freshwater; terrestrial,introduced,TRUE,FirstRecords; GRIIS
Piper aduncum L.,Piper aduncum,Plantae,1888,Indonesia,IDN,14,terrestrial,"introduced (alien, exotic, non-native, nonindigenous); introduced",TRUE,USRIIS; FirstRecords; GRIIS
Piper auritum Kunth,Piper auritum,Plantae,1950,United States,USA,11,terrestrial,"introduced (alien, exotic, non-native, nonindigenous); introduced",TRUE,USRIIS; FirstRecords; GRIIS
Piper betle L.,Piper betle,Plantae,1809,India,IND,7,terrestrial,"introduced (alien, exotic, non-native, nonindigenous); introduced",TRUE,USRIIS; FirstRecords; GRIIS
Piper peltatum L.,Piper peltatum,Plantae,NA,NA,NA,2,terrestrial,introduced,TRUE,FirstRecords; GRIIS
Piper sarmentosum Roxb.,Piper sarmentosum,Plantae,NA,NA,NA,2,terrestrial,introduced,TRUE,FirstRecords; GRIIS
"Piptatherum miliaceum (L.) Coss.; Piptatherum miliaceum E.Fourn., 1866",Piptatherum miliaceum,Plantae,1500,Austria,AUT,5,terrestrial,"introduced (alien, exotic, non-native, nonindigenous); introduced",TRUE,DAISIE; USRIIS; FirstRecords; GRIIS
Piriqueta racemosa (Jacq.) Sweet,Piriqueta racemosa,Plantae,NA,NA,NA,1,terrestrial,introduced,TRUE,FirstRecords; GRIIS
"Piscicola geometra (Linnaeus, 1761)",Piscicola geometra,Animalia,NA,NA,NA,1,brackish; freshwater; marine,introduced,TRUE,GRIIS
"Pisidium amnicum (O.F.Müller, 1774)",Pisidium amnicum,Animalia,1897,United States,USA,1,brackish; freshwater,"introduced (alien, exotic, non-native, nonindigenous)",TRUE,USRIIS
"Pissodes castaneus (C.DeGeer, 1775)",Pissodes castaneus,Animalia,1960,Spain,ESP,2,terrestrial,introduced,TRUE,FirstRecords; GRIIS
Pistia stratiotes L.,Pistia stratiotes,Plantae,1500,Czechia,CZE,80,freshwater; terrestrial,"introduced (alien, exotic, non-native, nonindigenous); introduced",TRUE,DAISIE; USRIIS; TrIAS; FirstRecords; GRIIS; GRIIS ; J.Ganglo_BEN_2026
Pithecellobium dulce (Roxb.) Benth.,Pithecellobium dulce,Plantae,1833,India,IND,70,terrestrial,"introduced (alien, exotic, non-native, nonindigenous); introduced",TRUE,USRIIS; FirstRecords; GRIIS; B.Shrestha_NPL_2026
Pittosporum tobira (Thunb.) W.T. Aiton; Pittosporum tobira (Murray) Aiton fil.,Pittosporum tobira,Plantae,1500,Italy,ITA,13,terrestrial,"introduced (alien, exotic, non-native, nonindigenous); introduced",TRUE,DAISIE; USRIIS; FirstRecords; GRIIS
Pittosporum undulatum Vent.,Pittosporum undulatum,Plantae,1500,Italy,ITA,16,terrestrial,"introduced (alien, exotic, non-native, nonindigenous); introduced",TRUE,DAISIE; USRIIS; FirstRecords; GRIIS
Pittosporum viridiflorum Sims,Pittosporum viridiflorum,Plantae,1862,Australia,AUS,4,terrestrial,"introduced (alien, exotic, non-native, nonindigenous); introduced",TRUE,SINAS; USRIIS; FirstRecords; GRIIS
Pityrogramma calomelanos (L.) Link,Pityrogramma calomelanos,Plantae,1893,Indonesia,IDN,19,terrestrial,"introduced (alien, exotic, non-native, nonindigenous); introduced",TRUE,SINAS; USRIIS; FirstRecords; GRIIS
"Plagioscion squamosissimus (Heckel, 1840)",Plagioscion squamosissimus,Animalia,NA,NA,NA,1,freshwater,introduced,TRUE,FirstRecords; GRIIS
"Planiliza haematocheila (Temminck & Schlegel, 1845)",Planiliza haematocheila,Animalia,1966,Russia,RUS,5,brackish; freshwater; marine,introduced,TRUE,SINAS; FirstRecords; GRIIS
"Planococcus citri (Risso, 1913); Planococcus citri (Risso, 1813)",Planococcus citri,Animalia,1813,France,FRA,3,terrestrial,"introduced (alien, exotic, non-native, nonindigenous); introduced",TRUE,"SINAS, DAISIE; USRIIS; GRIIS"
"Planococcus ficus (Signoret, 1875)",Planococcus ficus,Animalia,1990,United States,USA,2,terrestrial,"introduced (alien, exotic, non-native, nonindigenous); introduced",TRUE,USRIIS; GRIIS
"Planorbella duryi (Wetherby, 1879)",Planorbella duryi,Animalia,1968,Czechia,CZE,16,freshwater; terrestrial,"introduced (alien, exotic, non-native, nonindigenous); introduced",TRUE,SINAS; USRIIS; FirstRecords; GRIIS
"Planorbella trivolvis (Say, 1817)",Planorbella trivolvis,Animalia,NA,NA,NA,2,freshwater,introduced,TRUE,FirstRecords; GRIIS
Plantago aristata Michx.,Plantago aristata,Plantae,1500,Slovakia,SVK,9,terrestrial,"introduced (alien, exotic, non-native, nonindigenous); introduced",TRUE,DAISIE; USRIIS; FirstRecords; GRIIS
Plantago asiatica L.,Plantago asiatica,Plantae,NA,NA,NA,1,terrestrial,introduced,TRUE,FirstRecords; GRIIS
Plantago lanceolata L.,Plantago lanceolata,Plantae,1500,Sweden,SWE,37,freshwater; terrestrial,"introduced (alien, exotic, non-native, nonindigenous); introduced",TRUE,USRIIS; FirstRecords; GRIIS
Plantago lanceolata var. lanceolata,Plantago lanceolata lanceolata,Plantae,NA,NA,NA,1,terrestrial,introduced,TRUE,FirstRecords; GRIIS
Plantago major L.,Plantago major,Plantae,1826,South Africa,ZAF,47,freshwater; terrestrial,"introduced (alien, exotic, non-native, nonindigenous); introduced",TRUE,USRIIS; FirstRecords; GRIIS
Plantago virginica L.,Plantago virginica,Plantae,1500,Italy,ITA,10,terrestrial,introduced,TRUE,DAISIE; FirstRecords; GRIIS; Artsdatabanken
Platanus ×hispanica Mill. ex Münchh.; Platanus × hispanica Mill. ex Münchh.,Platanus hispanica,Plantae,1500,Czechia,CZE,18,terrestrial,introduced,TRUE,DAISIE; TrIAS; FirstRecords; GRIIS
"Platybunus pinetorum (Koch, 1839)",Platybunus pinetorum,Animalia,NA,NA,NA,1,terrestrial,introduced,TRUE,FirstRecords; GRIIS
Platycerium bifurcatum (Cav.) C. Chr.; Platycerium bifurcatum (Cav.) C.Chr.,Platycerium bifurcatum,Plantae,1886,United States,USA,3,terrestrial,"introduced (alien, exotic, non-native, nonindigenous); introduced",TRUE,USRIIS; FirstRecords; GRIIS
"Platydemus manokwari de Beauchamp, 1962; Platydemus manokwari Beauchamp, 1962",Platydemus manokwari,Animalia,1990,Japan,JPN,9,terrestrial,"introduced (alien, exotic, non-native, nonindigenous); introduced",TRUE,"GBIF, SINAS; USRIIS; GRIIS"
"Plecoglossus altivelis (Temminck & Schlegel, 1846)",Plecoglossus altivelis,Animalia,NA,NA,NA,2,brackish; freshwater; marine,introduced,TRUE,FirstRecords; GRIIS
Plecostachys serpyllifolia (P.J.Bergius) Hilliard and B.L.Burtt; Plecostachys serpyllifolia (P.J.Bergius) Hilliard & B.L.Burtt,Plecostachys serpyllifolia,Plantae,1984,Portugal,PRT,3,terrestrial,"introduced (alien, exotic, non-native, nonindigenous); introduced",TRUE,USRIIS; FirstRecords; GRIIS
Plectranthus ciliatus E.Mey.,Plectranthus ciliatus,Plantae,1950,New Zealand,NZL,2,terrestrial,introduced,TRUE,FirstRecords; GRIIS
Plectranthus ecklonii Benth.,Plectranthus ecklonii,Plantae,1880,Australia,AUS,2,terrestrial,introduced,TRUE,FirstRecords; GRIIS
"Plectrochilus diabolicus (Myers, 1927)",Plectrochilus diabolicus,Animalia,NA,NA,NA,1,freshwater,introduced,TRUE,FirstRecords; GRIIS
"Plectrochilus machadoi Miranda Ribeiro, 1917",Plectrochilus machadoi,Animalia,NA,NA,NA,1,freshwater,introduced,TRUE,FirstRecords; GRIIS
"Plectrochilus wieneri (Pellegrin, 1909)",Plectrochilus wieneri,Animalia,NA,NA,NA,1,freshwater,introduced,TRUE,FirstRecords; GRIIS
Pleioblastus argenteostriatus (Regel) Nakai,Pleioblastus argenteostriatus,Plantae,2011,Belgium,BEL,3,terrestrial,introduced,TRUE,TrIAS; FirstRecords; GRIIS
Pleioblastus distichus (Mitford) Nakai,Pleioblastus distichus,Plantae,NA,NA,NA,1,terrestrial,introduced,TRUE,FirstRecords; GRIIS
Pleioblastus gramineus (Bean) Nakai,Pleioblastus gramineus,Plantae,NA,NA,NA,1,terrestrial,introduced,TRUE,FirstRecords; GRIIS
Pleroma urvilleanum (DC.) P.J.F.Guim. & Michelang.,Pleroma urvilleanum,Plantae,1888,Australia,AUS,8,terrestrial,introduced,TRUE,FirstRecords; GRIIS
"Plestiodon japonicus (Peters, 1864)",Plestiodon japonicus,Animalia,2003,Japan,JPN,1,terrestrial,introduced,TRUE,FirstRecords; GRIIS
"Ploceus cucullatus (Statius Muller, 1776)",Ploceus cucullatus,Animalia,1512,Haiti,HTI,9,freshwater; terrestrial,introduced,TRUE,FirstRecords; GRIIS
"Ploceus philippinus (Linnaeus, 1766)",Ploceus philippinus,Animalia,1987,Bahrain,BHR,3,freshwater; terrestrial,introduced,TRUE,SINAS; FirstRecords; GRIIS
"Plodia interpunctella (Hubner, 1813); Plodia interpunctella (Hübner, 1813)",Plodia interpunctella,Animalia,1565,United States,USA,18,terrestrial,"introduced (alien, exotic, non-native, nonindigenous); introduced",TRUE,USRIIS; FirstRecords; GRIIS
Pluchea carolinensis (Jacq.) G. Don; Pluchea carolinensis (Jacq.) G.Don,Pluchea carolinensis,Plantae,1931,United States,USA,13,brackish; terrestrial,"introduced (alien, exotic, non-native, nonindigenous); introduced",TRUE,USRIIS; FirstRecords; GRIIS
Pluchea dioscoridis (L.) DC.,Pluchea dioscoridis,Plantae,NA,NA,NA,1,terrestrial,introduced,TRUE,FirstRecords; GRIIS
Pluchea × fosbergii Cooperr. & Galang,Pluchea fosbergii,Plantae,NA,NA,NA,1,terrestrial,introduced,TRUE,FirstRecords; GRIIS
Pluchea indica (L.) Less.,Pluchea indica,Plantae,1909,United States,USA,11,terrestrial,"introduced (alien, exotic, non-native, nonindigenous); introduced",TRUE,USRIIS; FirstRecords; GRIIS
Pluchea odorata (L.) Cass.,Pluchea odorata,Plantae,NA,NA,NA,3,terrestrial,introduced,TRUE,FirstRecords; GRIIS
Pluchea sagittalis (Lam.) Cabrera,Pluchea sagittalis,Plantae,1994,China,CHN,1,terrestrial,introduced,TRUE,FirstRecords; GRIIS
Plumbago auriculata Lam.,Plumbago auriculata,Plantae,1500,Italy,ITA,17,terrestrial,"introduced (alien, exotic, non-native, nonindigenous); introduced",TRUE,DAISIE; USRIIS; FirstRecords; GRIIS
"Plutella porrectella (Linnaeus, 1758); Plutella porrectella Linnaeus, 1758",Plutella porrectella,Animalia,1565,United States,USA,3,terrestrial,"introduced (alien, exotic, non-native, nonindigenous); introduced",TRUE,USRIIS; FirstRecords; GRIIS
"Plutella xylostella (Linnaeus, 1758); Plutella xylostella (Linnaeus, 1767)",Plutella xylostella,Animalia,1854,United States,USA,6,terrestrial,"introduced (alien, exotic, non-native, nonindigenous); introduced",TRUE,USRIIS; FirstRecords; GRIIS
Poa annua L.,Poa annua,Plantae,1770,Australia,AUS,42,freshwater; terrestrial,"introduced (alien, exotic, non-native, nonindigenous); introduced",TRUE,USRIIS; AntarcticAliens; FirstRecords; GRIIS
Poa bulbosa L.,Poa bulbosa,Plantae,1893,Australia,AUS,9,terrestrial,"introduced (alien, exotic, non-native, nonindigenous); introduced",TRUE,USRIIS; FirstRecords; GRIIS
Poa compressa L.,Poa compressa,Plantae,20,China,CHN,11,terrestrial,"introduced (alien, exotic, non-native, nonindigenous); introduced",TRUE,SINAS; USRIIS; FirstRecords; GRIIS
Poa pratensis L.,Poa pratensis,Plantae,1770,Australia,AUS,11,terrestrial,"introduced (alien, exotic, non-native, nonindigenous); introduced",TRUE,USRIIS; FirstRecords; GRIIS
Poa pratensis subsp. pratensis,Poa pratensis pratensis,Plantae,NA,NA,NA,2,terrestrial,introduced,TRUE,GRIIS
Poa supina Schrad.,Poa supina,Plantae,1904,Norway,NOR,4,terrestrial,introduced,TRUE,SINAS; FirstRecords; GRIIS; Artsdatabanken
Poa trivialis L.,Poa trivialis,Plantae,1770,Iceland,ISL,10,brackish; freshwater; terrestrial,"introduced (alien, exotic, non-native, nonindigenous); introduced",TRUE,DAISIE; USRIIS; FirstRecords; GRIIS
Podachaenium eminens (Lag.) Sch.Bip. ex Baill.,Podachaenium eminens,Plantae,1918,Indonesia,IDN,2,terrestrial,introduced,TRUE,FirstRecords; GRIIS
"Podarcis muralis (Laurenti, 1768)",Podarcis muralis,Animalia,1874,Germany,DEU,9,terrestrial,"introduced (alien, exotic, non-native, nonindigenous); introduced",TRUE,SINAS; USRIIS; TrIAS; FirstRecords; GRIIS; InstytutOchronyPrzyrody
"Podarcis siculus (Rafinesque-Schmaltz, 1810)",Podarcis siculus,Animalia,800,Spain,ESP,4,terrestrial,introduced,TRUE,DAISIE; TrIAS; FirstRecords; GRIIS
Podocarpus macrophyllus (Thunb.) Sweet,Podocarpus macrophyllus,Plantae,1888,Australia,AUS,3,terrestrial,"introduced (alien, exotic, non-native, nonindigenous); introduced",TRUE,SINAS; USRIIS; FirstRecords; GRIIS
"Podocnemis unifilis Troschel, 1848",Podocnemis unifilis,Animalia,NA,NA,NA,1,freshwater,introduced,TRUE,FirstRecords; GRIIS
Podranea ricasoliana (Tanfani) Sprague,Podranea ricasoliana,Plantae,1888,Australia,AUS,9,terrestrial,"introduced (alien, exotic, non-native, nonindigenous); introduced",TRUE,USRIIS; FirstRecords; GRIIS
"Poecilia reticulata Peters, 1859",Poecilia reticulata,Animalia,1901,Austria,AUT,68,brackish; freshwater,"introduced (alien, exotic, non-native, nonindigenous); introduced",TRUE,DAISIE; USRIIS; FirstRecords; GRIIS; M.McGeoch_AUS_2025
"Poecilia vivipara Bloch & Schneider, 1801",Poecilia vivipara,Animalia,NA,NA,NA,1,brackish; freshwater,introduced,TRUE,FirstRecords; GRIIS
"Poicephalus senegalus (Linnaeus, 1766)",Poicephalus senegalus,Animalia,1982,Germany,DEU,6,terrestrial,introduced,TRUE,SINAS; TrIAS; FirstRecords; GRIIS
"Polistes chinensis (Fabricius, 1793)",Polistes chinensis,Animalia,NA,NA,NA,1,terrestrial,introduced,TRUE,FirstRecords; GRIIS
"Polistes dominula (Christ, 1791)",Polistes dominula,Animalia,1968,United States,USA,2,terrestrial,"introduced (alien, exotic, non-native, nonindigenous); introduced",TRUE,USRIIS; FirstRecords; GRIIS
"Polistes humilis (Fabricius, 1781)",Polistes humilis,Animalia,1896,New Zealand,NZL,1,terrestrial,introduced,TRUE,FirstRecords; GRIIS
"Polistes olivaceus (Deg., 1773)",Polistes olivaceus,Animalia,1850,United States,USA,4,terrestrial,"introduced (alien, exotic, non-native, nonindigenous); introduced",TRUE,USRIIS; FirstRecords; GRIIS
Polyalthia suberosa (Roxb.) Thwaites,Polyalthia suberosa,Plantae,2008,United States,USA,2,terrestrial,"introduced (alien, exotic, non-native, nonindigenous); introduced",TRUE,USRIIS; FirstRecords; GRIIS
Polycarpon tetraphyllum (L.) L.,Polycarpon tetraphyllum,Plantae,1500,Germany,DEU,22,terrestrial,"introduced (alien, exotic, non-native, nonindigenous); introduced",TRUE,DAISIE; USRIIS; TrIAS; FirstRecords; GRIIS
"Polydrusus formosus (Mayer, 1779)",Polydrusus formosus,Animalia,1868,Norway,NOR,2,terrestrial,"introduced (alien, exotic, non-native, nonindigenous); introduced",TRUE,SINAS; USRIIS; FirstRecords; GRIIS
"Polydrusus inustus Germar, 1823",Polydrusus inustus,Animalia,NA,NA,NA,1,terrestrial,introduced,TRUE,FirstRecords; GRIIS
Polygala myrtifolia L.,Polygala myrtifolia,Plantae,1500,Italy,ITA,8,terrestrial,"introduced (alien, exotic, non-native, nonindigenous); introduced",TRUE,DAISIE; USRIIS; FirstRecords; GRIIS
Polygala paniculata L.,Polygala paniculata,Plantae,1845,Indonesia,IDN,22,terrestrial,"introduced (alien, exotic, non-native, nonindigenous); introduced",TRUE,USRIIS; FirstRecords; GRIIS
Polygonum argyrocoleum Steud. ex Kunze,Polygonum argyrocoleum,Plantae,1959,Mexico,MEX,7,terrestrial,introduced,TRUE,SINAS; TrIAS; FirstRecords; GRIIS
Polygonum aviculare L.,Polygonum aviculare,Plantae,1500,Bulgaria,BGR,37,freshwater; terrestrial,"introduced (alien, exotic, non-native, nonindigenous); introduced",TRUE,DAISIE; USRIIS; FirstRecords; GRIIS
Polygonum boreale (Lange) Small,Polygonum boreale,Plantae,NA,NA,NA,1,freshwater,introduced,TRUE,GRIIS
"Polygonum hydropiperoides Pursh, 1813",Polygonum hydropiperoides,Plantae,1851,Chile,CHL,1,terrestrial,introduced,TRUE,FirstRecords; GRIIS
"Polygonum orientale R.Br., 1810",Polygonum orientale,Plantae,1935,Chile,CHL,9,terrestrial,introduced,TRUE,FirstRecords; GRIIS
"Polygonum persicaria Wahlenb. ex Nyman, 1881",Polygonum persicaria,Plantae,1851,Chile,CHL,3,terrestrial,introduced,TRUE,FirstRecords; GRIIS
"Polygraphus proximus Blandford, 1894",Polygraphus proximus,Animalia,1999,Russia,RUS,2,terrestrial,introduced,TRUE,GRIIS; FirstRecords
"Polygyra cereolus (Megerle von Muhlfeld, 1816); Polygyra cereolus (Megerle von Mühlfeld, 1818)",Polygyra cereolus,Animalia,NA,NA,NA,3,terrestrial,"introduced (alien, exotic, non-native, nonindigenous); introduced",TRUE,USRIIS; FirstRecords; GRIIS
"Polypedates leucomystax (Gravenhorst, 1829)",Polypedates leucomystax,Animalia,1964,Japan,JPN,2,freshwater; terrestrial,introduced,TRUE,FirstRecords; GRIIS
Polypodium vulgare L.,Polypodium vulgare,Plantae,NA,NA,NA,1,terrestrial,introduced,TRUE,GRIIS
Polypogon monspeliensis (L.) Desf.,Polypogon monspeliensis,Plantae,1500,Germany,DEU,33,terrestrial,"introduced (alien, exotic, non-native, nonindigenous); introduced",TRUE,DAISIE; USRIIS; TrIAS; FirstRecords; GRIIS
Polypogon viridis (Gouan) Breistr.,Polypogon viridis,Plantae,1500,United Kingdom,GBR,12,terrestrial,"introduced (alien, exotic, non-native, nonindigenous); introduced",TRUE,DAISIE; USRIIS; TrIAS; FirstRecords; GRIIS
Polypremum procumbens L.,Polypremum procumbens,Plantae,1999,Australia,AUS,4,terrestrial,"introduced (alien, exotic, non-native, nonindigenous); introduced",TRUE,USRIIS; FirstRecords; GRIIS
Polytrias indica (Houtt.) Veldkamp,Polytrias indica,Plantae,1909,Philippines,PHL,9,terrestrial,"introduced (alien, exotic, non-native, nonindigenous); introduced",TRUE,SINAS; USRIIS; FirstRecords; GRIIS
"Pomacea bridgesii (Reeve, 1856)",Pomacea bridgesii,Animalia,1960,Austria,AUT,4,freshwater,"introduced (alien, exotic, non-native, nonindigenous); introduced",TRUE,DAISIE; USRIIS; FirstRecords; GRIIS
"Pomacea canaliculata (Lamarck, 1822)",Pomacea canaliculata,Animalia,1980,China; Japan; Singapore,CHN; JPN; SGP,20,freshwater,"introduced (alien, exotic, non-native, nonindigenous); introduced",TRUE,USRIIS; FirstRecords; GRIIS
"Pomacea diffusa Blume, 1957",Pomacea diffusa,Animalia,2003,United States,USA,7,freshwater,"introduced (alien, exotic, non-native, nonindigenous); introduced",TRUE,USRIIS; FirstRecords; GRIIS
"Pomacea maculata Perry, 1810",Pomacea maculata,Animalia,1980,Singapore,SGP,11,freshwater,"introduced (alien, exotic, non-native, nonindigenous); introduced",TRUE,EPPO Distribution; USRIIS; FirstRecords; GRIIS
Pomaderris aspera Sieber ex DC.,Pomaderris aspera,Plantae,NA,NA,NA,1,terrestrial,introduced,TRUE,GRIIS
"Pomoxis annularis Rafinesque, 1818",Pomoxis annularis,Animalia,1952,Mexico,MEX,3,brackish; freshwater,introduced,TRUE,FirstRecords; GRIIS
"Pomoxis nigromaculatus (Lesueur, 1829)",Pomoxis nigromaculatus,Animalia,1927,Japan,JPN,5,brackish; freshwater,introduced,TRUE,SINAS; FirstRecords; GRIIS
"Pontastacus leptodactylus (Eschscholtz, 1823)",Pontastacus leptodactylus,Animalia,1850,Czech Republic,CZE,13,brackish; freshwater,introduced,TRUE,TrIAS; FirstRecords; GRIIS
Pontederia azurea Sw.,Pontederia azurea,Plantae,NA,NA,NA,4,freshwater,introduced,TRUE,FirstRecords; GRIIS
Pontederia cordata L.,Pontederia cordata,Plantae,1500,Switzerland,CHE,20,freshwater; terrestrial,introduced,TRUE,DAISIE; TrIAS; FirstRecords; GRIIS
Pontederia crassipes Mart.,Pontederia crassipes,Plantae,1884,South Africa,ZAF,109,freshwater; terrestrial,introduced,TRUE,TrIAS; FirstRecords; GRIIS
Pontederia hastata L.,Pontederia hastata,Plantae,NA,NA,NA,2,freshwater,introduced,TRUE,FirstRecords; GRIIS
Pontederia paniculata Spreng.,Pontederia paniculata,Plantae,NA,NA,NA,1,freshwater,introduced,TRUE,FirstRecords; GRIIS
Pontederia vaginalis Burm.f.,Pontederia vaginalis,Plantae,1989,Iran,IRN,11,freshwater,introduced,TRUE,FirstRecords; GRIIS
"Ponticola kessleri (Günther, 1861)",Ponticola kessleri,Animalia,2012,Belgium,BEL,12,brackish; freshwater,introduced,TRUE,TrIAS; FirstRecords; GRIIS
"Pontogammarus maeoticus (Sovinskij, 1894)",Pontogammarus maeoticus,Animalia,1955,Ukraine,UKR,1,brackish; freshwater,introduced,TRUE,FirstRecords; GRIIS
"Pontogammarus robustoides (Sars, 1894)",Pontogammarus robustoides,Animalia,1950,Ukraine,UKR,9,brackish; freshwater,introduced,TRUE,FirstRecords; GRIIS; InstytutOchronyPrzyrody
"Popillia japonica Newman, 1841; Popillia japonica Newman, 1838",Popillia japonica,Animalia,1916,United States,USA,4,terrestrial,"introduced (alien, exotic, non-native, nonindigenous); introduced",TRUE,USRIIS; FirstRecords; GRIIS
Populus alba L.,Populus alba,Plantae,1500,United Kingdom,GBR,31,freshwater; terrestrial,"introduced (alien, exotic, non-native, nonindigenous); introduced",TRUE,DAISIE; USRIIS; TrIAS; FirstRecords; GRIIS; Artsdatabanken
Populus balsamifera L.,Populus balsamifera,Plantae,1500,United Kingdom,GBR,17,freshwater; terrestrial,introduced,TRUE,DAISIE; TrIAS; FirstRecords; GRIIS; Artsdatabanken
Populus ×berolinensis K.Koch; Populus × berolinensis K.Koch,Populus berolinensis,Plantae,1500,United Kingdom,GBR,8,freshwater; terrestrial,introduced,TRUE,DAISIE; TrIAS; FirstRecords; GRIIS; Artsdatabanken
Populus ×canadensis Moench; Populus × canadensis Moench,Populus canadensis,Plantae,1500,Czechia,CZE,28,freshwater; terrestrial,introduced,TRUE,DAISIE; TrIAS; FirstRecords; GRIIS; InstytutOchronyPrzyrody
Populus ×canescens (Aiton) Sm.; Populus × canescens (Aiton) Sm.,Populus canescens,Plantae,1500,United Kingdom,GBR,15,freshwater; terrestrial,introduced,TRUE,DAISIE; TrIAS; FirstRecords; GRIIS
Populus deltoides W.Bartram ex Marshall,Populus deltoides,Plantae,1500,Bulgaria,BGR,15,freshwater; terrestrial,introduced,TRUE,DAISIE; TrIAS; FirstRecords; GRIIS
Populus laurifolia Ledeb.,Populus laurifolia,Plantae,1797,Estonia,EST,5,freshwater; terrestrial,introduced,TRUE,FirstRecords; GRIIS; Artsdatabanken
Populus nigra L.,Populus nigra,Plantae,1707,Sweden,SWE,18,freshwater; terrestrial,"introduced (alien, exotic, non-native, nonindigenous); introduced",TRUE,USRIIS; FirstRecords; GRIIS; Artsdatabanken; InstytutOchronyPrzyrody
Populus nigra var. italica (Moench) Koehne,Populus nigra italica,Plantae,2018,Belgium,BEL,4,terrestrial,introduced,TRUE,TrIAS; FirstRecords; GRIIS
Populus tremula L.,Populus tremula,Plantae,1888,Australia,AUS,3,terrestrial,"introduced (alien, exotic, non-native, nonindigenous); introduced",TRUE,USRIIS; FirstRecords; GRIIS
Populus tremuloides Michx.,Populus tremuloides,Plantae,1932,Estonia,EST,4,freshwater; terrestrial,introduced,TRUE,GRIIS; FirstRecords
Poranopsis paniculata (Roxb.) Roberty,Poranopsis paniculata,Plantae,1936,United States,USA,3,terrestrial,"introduced (alien, exotic, non-native, nonindigenous); introduced",TRUE,USRIIS; FirstRecords; GRIIS
"Porcellio laevis Latreille, 1804",Porcellio laevis,Animalia,1929,Germany,DEU,7,terrestrial,"introduced (alien, exotic, non-native, nonindigenous); introduced",TRUE,USRIIS; FirstRecords; GRIIS
"Porcellio scaber Latreille, 1804",Porcellio scaber,Animalia,1922,United States,USA,6,terrestrial,"introduced (alien, exotic, non-native, nonindigenous); introduced",TRUE,USRIIS; FirstRecords; GRIIS; InstytutOchronyPrzyrody
"Porcellionides pruinosus (Brandt, 1833)",Porcellionides pruinosus,Animalia,1898,Norway,NOR,7,terrestrial,"introduced (alien, exotic, non-native, nonindigenous); introduced",TRUE,SINAS; USRIIS; FirstRecords; GRIIS
"Porcellionides sexfasciatus (Budde-Lund, 1885)",Porcellionides sexfasciatus,Animalia,NA,NA,NA,1,terrestrial,introduced,TRUE,FirstRecords; GRIIS
"Porcellionides sexfasciatus sexfasciatus (Budde-Lund, 1885)",Porcellionides sexfasciatus sexfasciatus,Animalia,NA,NA,NA,1,terrestrial,introduced,TRUE,FirstRecords; GRIIS
Porophyllum ruderale (Jacq.) Cass.,Porophyllum ruderale,Plantae,1945,Indonesia,IDN,7,terrestrial,"introduced (alien, exotic, non-native, nonindigenous); introduced",TRUE,SINAS; USRIIS; FirstRecords; GRIIS
Portulaca oleracea L.,Portulaca oleracea,Plantae,1500,Austria,AUT,94,terrestrial,"introduced (alien, exotic, non-native, nonindigenous); introduced",TRUE,DAISIE; USRIIS; TrIAS; FirstRecords; GRIIS; InstytutOchronyPrzyrody
"Portulaca oleracea subsp. oleracea Linnaeus, 1753; Portulaca oleracea var. oleracea",Portulaca oleracea oleracea,Plantae,1948,Norway,NOR,9,freshwater; terrestrial,introduced,TRUE,FirstRecords; GRIIS; Artsdatabanken
Portulaca pilosa L.,Portulaca pilosa,Plantae,1500,Italy,ITA,13,terrestrial,"introduced (alien, exotic, non-native, nonindigenous); introduced",TRUE,DAISIE; USRIIS; FirstRecords; GRIIS
"Potamocorbula amurensis (Schrenck, 1861); Potamocorbula amurensis (Schrenck, 1862)",Potamocorbula amurensis,Animalia,1985,Australia,AUS,4,brackish; freshwater; marine,"introduced (alien, exotic, non-native, nonindigenous); introduced",TRUE,SINAS; USRIIS; TrIAS; FirstRecords; GRIIS
Potamogeton crispus L.,Potamogeton crispus,Plantae,1865,United States,USA,9,brackish; freshwater,"introduced (alien, exotic, non-native, nonindigenous); introduced",TRUE,USRIIS; FirstRecords; GRIIS
Potamogeton diversifolius Raf.,Potamogeton diversifolius,Plantae,NA,NA,NA,1,freshwater,introduced,TRUE,FirstRecords; GRIIS
Potamogeton schweinfurthii A.Benn.,Potamogeton schweinfurthii,Plantae,NA,NA,NA,1,freshwater,introduced,TRUE,FirstRecords; GRIIS
"Potamopyrgus antipodarum (J. E. Gray, 1853); Potamopyrgus antipodarum (J.E.Gray, 1843)",Potamopyrgus antipodarum,Animalia,1801,Estonia,EST,31,freshwater; brackish; terrestrial,"introduced (alien, exotic, non-native, nonindigenous); introduced",TRUE,DAISIE; USRIIS; TrIAS; FirstRecords; GRIIS; Artsdatabanken; InstytutOchronyPrzyrody
"Potamothrix bavaricus (Oschmann, 1913)",Potamothrix bavaricus,Animalia,1901,Estonia,EST,4,brackish; freshwater,"introduced (alien, exotic, non-native, nonindigenous); introduced",TRUE,DAISIE; USRIIS; FirstRecords; GRIIS; InstytutOchronyPrzyrody
Potentilla argentea L.,Potentilla argentea,Plantae,1862,Canada,CAN,2,terrestrial,"introduced (alien, exotic, non-native, nonindigenous); introduced",TRUE,USRIIS; FirstRecords; GRIIS
Potentilla collina Wibel,Potentilla collina,Plantae,NA,NA,NA,2,terrestrial,"introduced (alien, exotic, non-native, nonindigenous); introduced",TRUE,USRIIS; FirstRecords; GRIIS
Potentilla indica (Andrews) Th.Wolf,Potentilla indica,Plantae,1798,Turkey,TUR,40,freshwater; terrestrial,introduced,TRUE,TrIAS; FirstRecords; GRIIS
Potentilla intermedia L.,Potentilla intermedia,Plantae,1500,United Kingdom,GBR,18,terrestrial,"introduced (alien, exotic, non-native, nonindigenous); introduced",TRUE,DAISIE; USRIIS; TrIAS; FirstRecords; GRIIS; Artsdatabanken; InstytutOchronyPrzyrody
Potentilla norvegica L.,Potentilla norvegica,Plantae,1500,United Kingdom,GBR,13,terrestrial,introduced,TRUE,DAISIE; TrIAS; FirstRecords; GRIIS
Potentilla recta L.,Potentilla recta,Plantae,1500,Switzerland,CHE,13,freshwater; terrestrial,"introduced (alien, exotic, non-native, nonindigenous); introduced",TRUE,DAISIE; USRIIS; FirstRecords; GRIIS; Artsdatabanken
Potentilla reptans L.,Potentilla reptans,Plantae,1833,Norway,NOR,7,terrestrial,"introduced (alien, exotic, non-native, nonindigenous); introduced",TRUE,USRIIS; FirstRecords; GRIIS; Artsdatabanken
Pouteria campechiana (Kunth) Baehni,Pouteria campechiana,Plantae,NA,NA,NA,3,terrestrial,"introduced (alien, exotic, non-native, nonindigenous); introduced",TRUE,USRIIS; FirstRecords; GRIIS
"Pratylenchus thornei Sher & Allen, 1953",Pratylenchus thornei,Animalia,NA,NA,NA,1,terrestrial,introduced,TRUE,GRIIS
Praxelis clematidea (Griseb.) R.King and H.Rob.; Praxelis clematidea (Griseb.) R.M.King & H.Rob.,Praxelis clematidea,Plantae,1980,China,CHN,3,terrestrial,"introduced (alien, exotic, non-native, nonindigenous); introduced",TRUE,USRIIS; FirstRecords; GRIIS
Primula elatior subsp. elatior,Primula elatior elatior,Plantae,1883,Norway,NOR,1,terrestrial,introduced,TRUE,FirstRecords; GRIIS; Artsdatabanken
Primula japonica A. Gray; Primula japonica A.Gray,Primula japonica,Plantae,1500,United Kingdom,GBR,2,terrestrial,"introduced (alien, exotic, non-native, nonindigenous); introduced",TRUE,DAISIE; USRIIS; FirstRecords; GRIIS
"Prinerigone vagans (Audouin, 1826)",Prinerigone vagans,Animalia,NA,NA,NA,2,terrestrial,"introduced (alien, exotic, non-native, nonindigenous); introduced",TRUE,USRIIS; FirstRecords; GRIIS
"Pristiphora erichsonii (Hartig, 1837)",Pristiphora erichsonii,Animalia,1850,Norway,NOR,6,terrestrial,"introduced (alien, exotic, non-native, nonindigenous); introduced",TRUE,SINAS; USRIIS; FirstRecords; GRIIS
"Pristiphora geniculata (Hartig); Pristiphora geniculata (Hartig, 1840)",Pristiphora geniculata,Animalia,1926,United States,USA,2,terrestrial,"introduced (alien, exotic, non-native, nonindigenous); introduced",TRUE,USRIIS; FirstRecords; GRIIS
"Pristobrycon striolatus (Steindachner, 1908)",Pristobrycon striolatus,Animalia,NA,NA,NA,1,freshwater,introduced,TRUE,FirstRecords; GRIIS
"Procambarus acutus (Girard, 1852)",Procambarus acutus,Animalia,2002,Netherlands,NLD,5,freshwater,introduced,TRUE,SINAS; TrIAS; GRIIS; FirstRecords
"Procambarus clarkii (Girard, 1852)",Procambarus clarkii,Animalia,1927,Japan,JPN,39,freshwater; brackish; terrestrial,"introduced (alien, exotic, non-native, nonindigenous); introduced",TRUE,USRIIS; TrIAS; FirstRecords; GRIIS; InstytutOchronyPrzyrody
"Procambarus fallax (Hagen, 1870)",Procambarus fallax,Animalia,NA,NA,NA,4,freshwater,introduced,TRUE,FirstRecords; GRIIS
"Procambarus virginalis Lyko, 2017",Procambarus virginalis,Animalia,2003,Madagascar,MDG,6,freshwater,introduced,TRUE,GRIIS; FirstRecords; InstytutOchronyPrzyrody
"Procyon Storr, 1780",Procyon,Animalia,NA,NA,NA,1,terrestrial,introduced,TRUE,FirstRecords; GRIIS
"Procyon lotor (Linnaeus, 1758)",Procyon lotor,Animalia,1784,Bahamas,BHS,27,freshwater; terrestrial,introduced,TRUE,TrIAS; FirstRecords; GRIIS; InstytutOchronyPrzyrody
"Profenusa thomsoni (Konow, 1886)",Profenusa thomsoni,Animalia,1920,United States,USA,2,terrestrial,"introduced (alien, exotic, non-native, nonindigenous); introduced",TRUE,USRIIS; FirstRecords; GRIIS
"Prokelisia marginata (Van Duzee, 1897)",Prokelisia marginata,Animalia,NA,NA,NA,1,terrestrial,introduced,TRUE,GRIIS
"Prosapia bicincta (Say, 1830)",Prosapia bicincta,Animalia,2016,United States,USA,1,terrestrial,"introduced (alien, exotic, non-native, nonindigenous)",TRUE,USRIIS
Prosopis L.,Prosopis,Plantae,NA,NA,NA,2,terrestrial,introduced,TRUE,GRIIS
Prosopis chilensis (Molina) Stuntz,Prosopis chilensis,Plantae,NA,NA,NA,6,terrestrial,introduced,TRUE,FirstRecords; GRIIS
Prosopis farcta (Banks & Sol.) J.F.Macbr.,Prosopis farcta,Plantae,NA,NA,NA,1,terrestrial,introduced,TRUE,FirstRecords; GRIIS
Prosopis glandulosa Torr.,Prosopis glandulosa,Plantae,1900,South Africa,ZAF,12,terrestrial,introduced,TRUE,FirstRecords; GRIIS
Prosopis glandulosa var. torreyana (L.D.Benson) M.C.Johnst.,Prosopis glandulosa torreyana,Plantae,NA,NA,NA,3,terrestrial,introduced,TRUE,FirstRecords; GRIIS
Prosopis glandulosa x velutina,Prosopis glandulosa x velutina,Plantae,2007,Australia,AUS,1,terrestrial,introduced,TRUE,GRIIS; M.McGeoch_AUS_2025
Prosopis juliflora (Sw.) DC.,Prosopis juliflora,Plantae,1822,Nigeria,NGA,67,terrestrial,"introduced (alien, exotic, non-native, nonindigenous); introduced",TRUE,USRIIS; FirstRecords; GRIIS
Prosopis pallida (Humb. and Bonpl. ex Willd.) Kunth; Prosopis pallida (Humb. & Bonpl. ex Willd.) Kunth,Prosopis pallida,Plantae,1828,United States,USA,12,terrestrial,"introduced (alien, exotic, non-native, nonindigenous); introduced",TRUE,USRIIS; FirstRecords; GRIIS
Prosopis velutina Wooton,Prosopis velutina,Plantae,1899,Australia,AUS,7,terrestrial,introduced,TRUE,FirstRecords; GRIIS
"Prosopocoilus inclinatus (Motschulsky, 1857)",Prosopocoilus inclinatus,Animalia,NA,NA,NA,1,terrestrial,introduced,TRUE,FirstRecords; GRIIS
"Prostephanus truncatus (Horn, 1878)",Prostephanus truncatus,Animalia,1878,United States,USA,10,terrestrial,"introduced (alien, exotic, non-native, nonindigenous); introduced",TRUE,USRIIS; FirstRecords; GRIIS
"Protaetia fusca (Herbst, 1790)",Protaetia fusca,Animalia,1949,United States,USA,2,terrestrial,"introduced (alien, exotic, non-native, nonindigenous); introduced",TRUE,USRIIS; FirstRecords; GRIIS
"Protaetia orientalis (Gory and Percheron, 1833); Protaetia orientalis (Gory & Percheron, 1833)",Protaetia orientalis,Animalia,2002,United States,USA,2,terrestrial,"introduced (alien, exotic, non-native, nonindigenous); introduced",TRUE,USRIIS; FirstRecords; GRIIS
"Protaetia orientalis sakaii Kobayashi, 1994",Protaetia orientalis sakaii,Animalia,1976,Japan,JPN,1,terrestrial,introduced,TRUE,FirstRecords; GRIIS
"Protaetia pryeri (Janson, 1888)",Protaetia pryeri,Animalia,1985,Japan,JPN,1,terrestrial,introduced,TRUE,FirstRecords; GRIIS
"Proterorhinus marmoratus (Pallas, 1814)",Proterorhinus marmoratus,Animalia,1982,Russia,RUS,5,brackish; freshwater; marine,introduced,TRUE,FirstRecords; GRIIS
"Proterorhinus semilunaris (Heckel, 1837)",Proterorhinus semilunaris,Animalia,1985,Netherlands,NLD,10,brackish; freshwater,"introduced (alien, exotic, non-native, nonindigenous); introduced",TRUE,USRIIS; TrIAS; FirstRecords; GRIIS
"Protobothrops elegans (Gray, 1849)",Protobothrops elegans,Animalia,1976,Japan,JPN,1,terrestrial,introduced,TRUE,FirstRecords; GRIIS
"Protobothrops mucrosquamatus (Cantor, 1839)",Protobothrops mucrosquamatus,Animalia,NA,NA,NA,1,terrestrial,introduced,TRUE,FirstRecords; GRIIS
"Protophormia terraenovae (Robineau-Desvoidy, 1830)",Protophormia terraenovae,Animalia,NA,NA,NA,1,terrestrial,introduced,TRUE,FirstRecords; GRIIS
Prunella vulgaris L.,Prunella vulgaris,Plantae,1770,Australia,AUS,11,terrestrial,"introduced (alien, exotic, non-native, nonindigenous); introduced",TRUE,USRIIS; FirstRecords; GRIIS
Prunus amygdalus Batsch,Prunus amygdalus,Plantae,1940,Australia,AUS,21,terrestrial,introduced,TRUE,FirstRecords; GRIIS
Prunus armeniaca L.,Prunus armeniaca,Plantae,1500,Austria,AUT,21,freshwater; terrestrial,"introduced (alien, exotic, non-native, nonindigenous); introduced",TRUE,DAISIE; USRIIS; TrIAS; FirstRecords; GRIIS
Prunus avium (L.) L.,Prunus avium,Plantae,1500,Bulgaria,BGR,12,freshwater; terrestrial,"introduced (alien, exotic, non-native, nonindigenous); introduced",TRUE,DAISIE; USRIIS; FirstRecords; GRIIS
Prunus campanulata Maxim.,Prunus campanulata,Plantae,1987,New Zealand,NZL,4,terrestrial,"introduced (alien, exotic, non-native, nonindigenous); introduced",TRUE,USRIIS; FirstRecords; GRIIS
Prunus cerasifera Ehrh.,Prunus cerasifera,Plantae,1500,Austria,AUT,30,freshwater; terrestrial,"introduced (alien, exotic, non-native, nonindigenous); introduced",TRUE,DAISIE; USRIIS; TrIAS; FirstRecords; GRIIS; Artsdatabanken; InstytutOchronyPrzyrody
Prunus cerasoides D.Don; Prunus cerasoides Buch.-Ham. ex D.Don,Prunus cerasoides,Plantae,1950,Zimbabwe,ZWE,2,terrestrial,"introduced (alien, exotic, non-native, nonindigenous); introduced",TRUE,USRIIS; FirstRecords; GRIIS
Prunus cerasus L.,Prunus cerasus,Plantae,1500,Slovakia,SVK,29,freshwater; terrestrial,"introduced (alien, exotic, non-native, nonindigenous); introduced",TRUE,DAISIE; USRIIS; TrIAS; FirstRecords; GRIIS; Artsdatabanken; InstytutOchronyPrzyrody
Prunus domestica L.,Prunus domestica,Plantae,1500,Austria,AUT,31,terrestrial,"introduced (alien, exotic, non-native, nonindigenous); introduced",TRUE,DAISIE; USRIIS; FirstRecords; GRIIS; InstytutOchronyPrzyrody
Prunus laurocerasus L.,Prunus laurocerasus,Plantae,1500,Switzerland,CHE,21,terrestrial,"introduced (alien, exotic, non-native, nonindigenous); introduced",TRUE,DAISIE; USRIIS; TrIAS; FirstRecords; GRIIS; Artsdatabanken
Prunus lusitanica L.,Prunus lusitanica,Plantae,1500,United Kingdom,GBR,7,terrestrial,"introduced (alien, exotic, non-native, nonindigenous); introduced",TRUE,DAISIE; USRIIS; TrIAS; FirstRecords; GRIIS
Prunus mahaleb L.,Prunus mahaleb,Plantae,1500,Bulgaria,BGR,16,freshwater; terrestrial,"introduced (alien, exotic, non-native, nonindigenous); introduced",TRUE,DAISIE; USRIIS; FirstRecords; GRIIS; Artsdatabanken; InstytutOchronyPrzyrody
Prunus padus L.,Prunus padus,Plantae,1753,Australia,AUS,4,terrestrial,"introduced (alien, exotic, non-native, nonindigenous); introduced",TRUE,USRIIS; FirstRecords; GRIIS; M.McGeoch_AUS_2025
Prunus pensylvanica L.fil.,Prunus pensylvanica,Plantae,1500,United Kingdom,GBR,7,terrestrial,introduced,TRUE,DAISIE; FirstRecords; GRIIS
Prunus persica (L.) Batsch; Prunus persica (L.) Stokes,Prunus persica,Plantae,1492,Turkey,TUR,36,freshwater; terrestrial,"introduced (alien, exotic, non-native, nonindigenous); introduced",TRUE,"SINAS, DAISIE; USRIIS; TrIAS; FirstRecords; GRIIS"
Prunus serotina Ehrh.,Prunus serotina,Plantae,1500,Switzerland,CHE,31,freshwater; terrestrial,introduced,TRUE,DAISIE; TrIAS; FirstRecords; GRIIS; Artsdatabanken; InstytutOchronyPrzyrody
Prunus serrulata Lindl.,Prunus serrulata,Plantae,1500,United Kingdom,GBR,4,terrestrial,"introduced (alien, exotic, non-native, nonindigenous); introduced",TRUE,DAISIE; USRIIS; FirstRecords; GRIIS
Prunus spinosa L.,Prunus spinosa,Plantae,1500,Bulgaria,BGR,6,terrestrial,"introduced (alien, exotic, non-native, nonindigenous); introduced",TRUE,DAISIE; USRIIS; FirstRecords; GRIIS
Prunus tomentosa Thunb.,Prunus tomentosa,Plantae,1860,Russia,RUS,7,freshwater; terrestrial,"introduced (alien, exotic, non-native, nonindigenous); introduced",TRUE,USRIIS; TrIAS; FirstRecords; GRIIS
"Psacothea hilaris maculata Breuning, 1954",Psacothea hilaris maculata,Animalia,NA,NA,NA,1,terrestrial,introduced,TRUE,FirstRecords; GRIIS
"Psammophis sibilans (Linnaeus, 1758)",Psammophis sibilans,Animalia,NA,NA,NA,1,terrestrial,introduced,TRUE,FirstRecords; GRIIS
Psathyrostachys juncea (Fisch.) Nevski,Psathyrostachys juncea,Plantae,1941,United States,USA,5,terrestrial,"introduced (alien, exotic, non-native, nonindigenous); introduced",TRUE,USRIIS; FirstRecords; GRIIS
"Pseudamphistomum truncatum (Rudolphi, 1819) Lühe, 1908",Pseudamphistomum truncatum,Animalia,NA,NA,NA,2,freshwater; terrestrial,introduced,TRUE,GRIIS
"Pseudaulacaspis pentagona (Rargioni-tozzitti, 1887); Pseudaulacaspis pentagona (Targioni Tozzetti, 1886)",Pseudaulacaspis pentagona,Animalia,1886,United States,USA,3,terrestrial,"introduced (alien, exotic, non-native, nonindigenous); introduced",TRUE,USRIIS; GRIIS
Pseudelephantopus spicatus (Juss. ex Aubl.) C.F. Baker; Pseudelephantopus spicatus (Juss. ex Aubl.) Rohr,Pseudelephantopus spicatus,Plantae,1896,China,CHN,17,terrestrial,"introduced (alien, exotic, non-native, nonindigenous); introduced",TRUE,USRIIS; FirstRecords; GRIIS
"Pseudemys nelsoni Carr, 1938",Pseudemys nelsoni,Animalia,2018,Belgium,BEL,4,freshwater; terrestrial,introduced,TRUE,TrIAS; FirstRecords; GRIIS
"Pseudemys peninsularis Carr, 1938",Pseudemys peninsularis,Animalia,NA,NA,NA,1,freshwater; terrestrial,introduced,TRUE,FirstRecords; GRIIS
Pseuderanthemum maculatum (G.Lodd.) I.M.Turner,Pseuderanthemum maculatum,Plantae,NA,NA,NA,13,terrestrial,introduced,TRUE,FirstRecords; GRIIS
"Pseudeurostus hilleri (Reitter, 1877)",Pseudeurostus hilleri,Animalia,1921,United States,USA,5,terrestrial,"introduced (alien, exotic, non-native, nonindigenous); introduced",TRUE,USRIIS; FirstRecords; GRIIS
"Pseudococcus comstocki (Kuwana, 1902)",Pseudococcus comstocki,Animalia,1906,United States,USA,2,terrestrial,"introduced (alien, exotic, non-native, nonindigenous); introduced",TRUE,USRIIS; FirstRecords; GRIIS
"Pseudodactylogyrus anguillae (Yin and Sproston, 1948) Gusev, 1965; Pseudodactylogyrus anguillae (Yin & Sproston, 1948) Gusev, 1965",Pseudodactylogyrus anguillae,Animalia,1975,Russia,RUS,4,freshwater,"introduced (alien, exotic, non-native, nonindigenous); introduced",TRUE,"SINAS, DAISIE; USRIIS; GRIIS; Artsdatabanken"
"Pseudodactylogyrus bini (Kikuchi, 1929)",Pseudodactylogyrus bini,Animalia,NA,NA,NA,3,freshwater,"introduced (alien, exotic, non-native, nonindigenous); introduced",TRUE,USRIIS; GRIIS
"Pseudodiaptomus inopinus Burckhardt, 1913",Pseudodiaptomus inopinus,Animalia,1995,United States,USA,3,freshwater,"introduced (alien, exotic, non-native, nonindigenous); introduced",TRUE,USRIIS; FirstRecords; GRIIS
"Pseudodiaptomus trihamatus Wright S., 1937",Pseudodiaptomus trihamatus,Animalia,NA,NA,NA,1,brackish; freshwater; marine,introduced,TRUE,FirstRecords; GRIIS
Pseudogynoxys chenopodioides (Kunth) Cabrera,Pseudogynoxys chenopodioides,Plantae,1940,United States,USA,6,terrestrial,"introduced (alien, exotic, non-native, nonindigenous); introduced",TRUE,USRIIS; FirstRecords; GRIIS
"Pseudoplatystoma fasciatum (Linnaeus, 1766)",Pseudoplatystoma fasciatum,Animalia,NA,NA,NA,1,freshwater,introduced,TRUE,FirstRecords; GRIIS
"Pseudorasbora parva (Temminck & Schlegel, 1846)",Pseudorasbora parva,Animalia,1960,Romania; Slovakia,ROU; SVK,42,brackish; freshwater,introduced,TRUE,TrIAS; FirstRecords; GRIIS; InstytutOchronyPrzyrody
Pseudosasa humilis (Mitford) T.Q.Nguyen,Pseudosasa humilis,Plantae,NA,NA,NA,1,terrestrial,introduced,TRUE,FirstRecords; GRIIS
Pseudosasa japonica (Siebold and Zucc. ex Steud.) Makino ex Nakai; Pseudosasa japonica (Siebold & Zucc. ex Steud.) Makino; Pseudosasa japonica (Siebold & Zucc. ex Steud.) Makino ex Nakai,Pseudosasa japonica,Plantae,1500,United Kingdom,GBR,10,terrestrial,"introduced (alien, exotic, non-native, nonindigenous); introduced",TRUE,DAISIE; USRIIS; TrIAS; FirstRecords; GRIIS
"Pseudosuccinea columella (Say, 1817)",Pseudosuccinea columella,Animalia,1927,Germany,DEU,17,freshwater,"introduced (alien, exotic, non-native, nonindigenous); introduced",TRUE,USRIIS; FirstRecords; GRIIS
Pseudotsuga menziesii (Mirb.) Franco,Pseudotsuga menziesii,Plantae,1797,Estonia,EST,28,freshwater; terrestrial,introduced,TRUE,TrIAS; FirstRecords; GRIIS; Artsdatabanken; InstytutOchronyPrzyrody
Psidium L.,Psidium,Plantae,NA,NA,NA,2,terrestrial,introduced,TRUE,GRIIS
Psidium cattleianum Sabine; Psidium cattleianum Afzel. ex Sabine,Psidium cattleianum,Plantae,1818,United Kingdom,GBR,32,terrestrial,"introduced (alien, exotic, non-native, nonindigenous); introduced",TRUE,"CABI, SINAS; USRIIS; FirstRecords; GRIIS; M.McGeoch_AUS_2025"
Psidium guajava L.,Psidium guajava,Plantae,17,China,CHN,90,terrestrial,"introduced (alien, exotic, non-native, nonindigenous); introduced",TRUE,USRIIS; FirstRecords; GRIIS
Psidium guineense Sw.,Psidium guineense,Plantae,1833,Portugal,PRT,13,terrestrial,introduced,TRUE,"SINAS, DAISIE; FirstRecords; GRIIS"
"Psittacula alexandri (Linnaeus, 1758)",Psittacula alexandri,Animalia,1943,Singapore,SGP,7,terrestrial,introduced,TRUE,TrIAS; FirstRecords; GRIIS
"Psittacula eupatria (Linnaeus, 1766)",Psittacula eupatria,Animalia,1900,United Kingdom,GBR,15,freshwater; terrestrial,introduced,TRUE,DAISIE; TrIAS; FirstRecords; GRIIS
"Psittacula krameri (Scopoli, 1769)",Psittacula krameri,Animalia,1800,United Kingdom,GBR,47,freshwater; terrestrial,"introduced (alien, exotic, non-native, nonindigenous); introduced",TRUE,DAISIE; USRIIS; TrIAS; FirstRecords; GRIIS
Psoralea pinnata L.,Psoralea pinnata,Plantae,1770,Australia,AUS,5,terrestrial,introduced,TRUE,FirstRecords; GRIIS
"Psyllipsocus ramburii Selys-Longchamps, 1872",Psyllipsocus ramburii,Animalia,NA,NA,NA,3,terrestrial,introduced,TRUE,TrIAS; GRIIS
Pteridium aquilinum (L.) Kuhn,Pteridium aquilinum,Plantae,1847,Bahamas; Jamaica; Mexico,BHS; JAM; MEX,15,terrestrial,introduced,TRUE,FirstRecords; GRIIS
Pteris cretica L.,Pteris cretica,Plantae,1500,United Kingdom,GBR,14,terrestrial,"introduced (alien, exotic, non-native, nonindigenous); introduced",TRUE,DAISIE; USRIIS; TrIAS; FirstRecords; GRIIS
Pteris tremula R. Br.; Pteris tremula R.Br.,Pteris tremula,Plantae,1875,South Africa,ZAF,3,terrestrial,"introduced (alien, exotic, non-native, nonindigenous); introduced",TRUE,USRIIS; FirstRecords; GRIIS
Pteris tripartita Sw.,Pteris tripartita,Plantae,1918,Trinidad & Tobago,TTO,7,terrestrial,"introduced (alien, exotic, non-native, nonindigenous); introduced",TRUE,SINAS; USRIIS; FirstRecords; GRIIS
Pteris vittata L.,Pteris vittata,Plantae,1861,Trinidad & Tobago,TTO,15,terrestrial,"introduced (alien, exotic, non-native, nonindigenous); introduced",TRUE,SINAS; USRIIS; TrIAS; FirstRecords; GRIIS
Pterocarya ×rehderiana C.K.Schneid.; Pterocarya × rehderiana C.K.Schneid.,Pterocarya rehderiana,Plantae,NA,NA,NA,2,terrestrial,introduced,TRUE,TrIAS; FirstRecords; GRIIS
"Pterois volitans (Linnaeus, 1758)",Pterois volitans,Animalia,1995,United States,USA,2,freshwater,"introduced (alien, exotic, non-native, nonindigenous); introduced",TRUE,USRIIS; GRIIS
"Pterygoplichthys anisitsi Eigenmann and Kennedy, 1903; Pterygoplichthys anisitsi Eigenmann & Kennedy, 1903",Pterygoplichthys anisitsi,Animalia,1996,United States,USA,5,freshwater,"introduced (alien, exotic, non-native, nonindigenous); introduced",TRUE,USRIIS; FirstRecords; GRIIS
"Pterygoplichthys disjunctivus (Weber, 1991)",Pterygoplichthys disjunctivus,Animalia,1971,United States,USA,9,freshwater,"introduced (alien, exotic, non-native, nonindigenous); introduced",TRUE,USRIIS; FirstRecords; GRIIS
"Pterygoplichthys gibbiceps (Kner, 1854)",Pterygoplichthys gibbiceps,Animalia,NA,NA,NA,2,freshwater,introduced,TRUE,FirstRecords; GRIIS
"Pterygoplichthys joselimaianus (Weber, 1991)",Pterygoplichthys joselimaianus,Animalia,NA,NA,NA,2,freshwater,introduced,TRUE,FirstRecords; GRIIS
"Pterygoplichthys multiradiatus (Hancock, 1828)",Pterygoplichthys multiradiatus,Animalia,1981,United States,USA,9,freshwater,"introduced (alien, exotic, non-native, nonindigenous); introduced",TRUE,USRIIS; FirstRecords; GRIIS
"Pterygoplichthys pardalis (Castelnau, 1855)",Pterygoplichthys pardalis,Animalia,1980,India,IND,14,freshwater,"introduced (alien, exotic, non-native, nonindigenous); introduced",TRUE,USRIIS; FirstRecords; GRIIS
"Ptinus bicinctus Sturm, 1837",Ptinus bicinctus,Animalia,1900,United States,USA,4,terrestrial,"introduced (alien, exotic, non-native, nonindigenous); introduced",TRUE,USRIIS; FirstRecords; GRIIS
"Ptinus raptor Sturm, 1837",Ptinus raptor,Animalia,1930,United States,USA,1,terrestrial,"introduced (alien, exotic, non-native, nonindigenous)",TRUE,USRIIS
"Ptinus tectus Boieldieu, 1856",Ptinus tectus,Animalia,1900,Norway,NOR,12,terrestrial,"introduced (alien, exotic, non-native, nonindigenous); introduced",TRUE,USRIIS; FirstRecords; GRIIS
"Ptinus villiger (Reitter, 1884)",Ptinus villiger,Animalia,1905,United States,USA,1,terrestrial,"introduced (alien, exotic, non-native, nonindigenous)",TRUE,USRIIS
Ptychosperma elegans (R. Br.) Blume; Ptychosperma elegans (R.Br.) Blume,Ptychosperma elegans,Plantae,NA,NA,NA,3,terrestrial,"introduced (alien, exotic, non-native, nonindigenous); introduced",TRUE,USRIIS; FirstRecords; GRIIS
Ptychosperma macarthurii (H. Wendl. ex H.J. Veitch) H. Wendl. ex Hook f.; Ptychosperma macarthurii (H.Wendl. ex H.J.Veitch) H.Wendl. ex Hook.f.,Ptychosperma macarthurii,Plantae,1930,United States,USA,11,terrestrial,"introduced (alien, exotic, non-native, nonindigenous); introduced",TRUE,USRIIS; FirstRecords; GRIIS
Puccinellia distans (Jacq.) Parl.,Puccinellia distans,Plantae,1867,United States,USA,7,brackish; freshwater; terrestrial,"introduced (alien, exotic, non-native, nonindigenous); introduced",TRUE,USRIIS; FirstRecords; GRIIS
Pueraria montana (Lour.) Merr.,Pueraria montana,Plantae,1876,United States,USA,12,terrestrial,introduced: assisted colonization; introduced,TRUE,USRIIS; FirstRecords; GRIIS
Pueraria montana var. lobata (Willd.) Maesen & S.M.Almeida ex Sanjappa & Predeep,Pueraria montana lobata,Plantae,1500,Italy,ITA,25,terrestrial,introduced,TRUE,DAISIE; FirstRecords; GRIIS; M.McGeoch_AUS_2025
Pulmonaria angustifolia L.,Pulmonaria angustifolia,Plantae,NA,NA,NA,1,terrestrial,introduced,TRUE,FirstRecords; GRIIS
Pultenaea daphnoides J.C.Wendl.,Pultenaea daphnoides,Plantae,NA,NA,NA,1,terrestrial,introduced,TRUE,GRIIS
"Pulvinaria floccifera (Westwood, 1870)",Pulvinaria floccifera,Animalia,1889,France,FRA,5,terrestrial,"introduced (alien, exotic, non-native, nonindigenous); introduced",TRUE,SINAS; USRIIS; GRIIS; Artsdatabanken
"Pulvinaria hydrangeae Steinweden, 1946",Pulvinaria hydrangeae,Animalia,1955,France,FRA,3,terrestrial,introduced,TRUE,"SINAS, DAISIE; GRIIS; InstytutOchronyPrzyrody"
"Pulvinaria regalis Canard, 1968",Pulvinaria regalis,Animalia,1964,United Kingdom,GBR,5,terrestrial,introduced,TRUE,FirstRecords; GRIIS; InstytutOchronyPrzyrody
"Pulvinariella mesembryanthemi (Vallot, 1829)",Pulvinariella mesembryanthemi,Animalia,1800,Italy,ITA,3,terrestrial,"introduced (alien, exotic, non-native, nonindigenous); introduced",TRUE,"SINAS, DAISIE; USRIIS; GRIIS"
Punica granatum L.,Punica granatum,Plantae,1269,Nigeria,NGA,29,freshwater; terrestrial,"introduced (alien, exotic, non-native, nonindigenous); introduced",TRUE,SINAS; USRIIS; FirstRecords; GRIIS
"Puntius titteya Deraniyagala, 1929",Puntius titteya,Animalia,1967,Mexico,MEX,2,freshwater,introduced,TRUE,FirstRecords; GRIIS
Pupalia lappacea (L.) A.Juss.,Pupalia lappacea,Plantae,1880,South Africa,ZAF,3,terrestrial,introduced,TRUE,FirstRecords; GRIIS
"Pycnoderes vanduzeei Reuter, 1907",Pycnoderes vanduzeei,Animalia,1983,United States,USA,1,terrestrial,"introduced (alien, exotic, non-native, nonindigenous)",TRUE,USRIIS
"Pycnonotus cafer (Linnaeus, 1766)",Pycnonotus cafer,Animalia,1900,Fiji; Tonga; Samoa,FJI; TON; WSM,16,terrestrial,"introduced (alien, exotic, non-native, nonindigenous); introduced",TRUE,USRIIS; TrIAS; FirstRecords; GRIIS
"Pycnonotus jocosus (Linnaeus, 1758)",Pycnonotus jocosus,Animalia,1880,Australia; Mauritius,AUS; MUS,16,freshwater; terrestrial,"introduced (alien, exotic, non-native, nonindigenous); introduced",TRUE,USRIIS; TrIAS; FirstRecords; GRIIS
"Pycnonotus leucotis (Gould, 1836)",Pycnonotus leucotis,Animalia,2013,Belgium,BEL,5,terrestrial,introduced,TRUE,TrIAS; FirstRecords; GRIIS
"Pycnonotus sinensis (Gmelin, 1789)",Pycnonotus sinensis,Animalia,1976,Japan,JPN,2,terrestrial,introduced,TRUE,FirstRecords; GRIIS
"Pycnoscelus surinamensis (Linnaeus, 1758)",Pycnoscelus surinamensis,Animalia,1877,Ecuador,ECU,8,terrestrial,"introduced (alien, exotic, non-native, nonindigenous); introduced",TRUE,SINAS; USRIIS; FirstRecords; GRIIS
"Pygocentrus cariba (Humboldt, 1821)",Pygocentrus cariba,Animalia,NA,NA,NA,1,freshwater,introduced,TRUE,FirstRecords; GRIIS
"Pygocentrus nattereri Kner, 1858",Pygocentrus nattereri,Animalia,1962,Brazil,BRA,10,freshwater,introduced,TRUE,SINAS; FirstRecords; GRIIS
"Pygopristis denticulata (Cuvier, 1819)",Pygopristis denticulata,Animalia,NA,NA,NA,1,freshwater,introduced,TRUE,FirstRecords; GRIIS
"Pylodictis olivaris (Rafinesque, 1818)",Pylodictis olivaris,Animalia,NA,NA,NA,3,brackish; freshwater,introduced,TRUE,FirstRecords; GRIIS
Pyracantha angustifolia (Franch.) C.K. Schneid.; Pyracantha angustifolia (Franch.) C.K.Schneid.,Pyracantha angustifolia,Plantae,1919,South Africa,ZAF,9,terrestrial,"introduced (alien, exotic, non-native, nonindigenous); introduced",TRUE,USRIIS; FirstRecords; GRIIS
Pyracantha coccinea M. Roem.; Pyracantha coccinea M.Roem.,Pyracantha coccinea,Plantae,1500,United Kingdom,GBR,22,terrestrial,"introduced (alien, exotic, non-native, nonindigenous); introduced",TRUE,DAISIE; USRIIS; TrIAS; FirstRecords; GRIIS; Artsdatabanken
Pyracantha crenulata (D. Don) Roem.; Pyracantha crenulata (D.Don) M.Roem.,Pyracantha crenulata,Plantae,1500,Italy,ITA,6,terrestrial,"introduced (alien, exotic, non-native, nonindigenous); introduced",TRUE,DAISIE; USRIIS; FirstRecords; GRIIS
Pyracantha koidzumii (Hayata) Rehder,Pyracantha koidzumii,Plantae,1920,Australia,AUS,3,terrestrial,"introduced (alien, exotic, non-native, nonindigenous); introduced",TRUE,USRIIS; FirstRecords; GRIIS
"Pyralis farinalis (Linnaeus, 1758); Pyralis farinalis Linnaeus, 1758",Pyralis farinalis,Animalia,1565,United States,USA,4,terrestrial,"introduced (alien, exotic, non-native, nonindigenous); introduced",TRUE,USRIIS; FirstRecords; GRIIS
Pyrostegia venusta (Ker Gawl.) Miers,Pyrostegia venusta,Plantae,1843,Australia,AUS,11,terrestrial,"introduced (alien, exotic, non-native, nonindigenous); introduced",TRUE,USRIIS; FirstRecords; GRIIS
Pyrus calleryana Decne.,Pyrus calleryana,Plantae,2001,Australia,AUS,2,terrestrial,"introduced (alien, exotic, non-native, nonindigenous); introduced",TRUE,USRIIS; FirstRecords; GRIIS
Pyrus communis L.,Pyrus communis,Plantae,1500,Sweden,SWE,28,freshwater; terrestrial,"introduced (alien, exotic, non-native, nonindigenous); introduced",TRUE,USRIIS; FirstRecords; GRIIS; Artsdatabanken; InstytutOchronyPrzyrody
"Python bivittatus Kuhl, 1820",Python bivittatus,Animalia,1980,United States,USA,4,terrestrial,"introduced (alien, exotic, non-native, nonindigenous); introduced",TRUE,USRIIS; FirstRecords; GRIIS
"Python brongersmai Stull, 1938",Python brongersmai,Animalia,NA,NA,NA,1,terrestrial,introduced,TRUE,FirstRecords; GRIIS
"Python regius (Shaw, 1802)",Python regius,Animalia,NA,NA,NA,6,terrestrial,introduced,TRUE,TrIAS; FirstRecords; GRIIS
"Python sebae (J. F. Gmelin, 1789); Python sebae (Gmelin, 1789)",Python sebae,Animalia,2002,United States,USA,2,freshwater; terrestrial,"introduced (alien, exotic, non-native, nonindigenous); introduced",TRUE,USRIIS; FirstRecords; GRIIS
"Quadrastichus erythrinae Kim, 2004",Quadrastichus erythrinae,Animalia,2002,Seychelles,SYC,15,terrestrial,"introduced (alien, exotic, non-native, nonindigenous); introduced",TRUE,EPPO Distribution; USRIIS; FirstRecords; GRIIS
Quercus acutissima Carruth.,Quercus acutissima,Plantae,NA,NA,NA,3,terrestrial,"introduced (alien, exotic, non-native, nonindigenous); introduced",TRUE,USRIIS; FirstRecords; GRIIS
Quercus cerris L.,Quercus cerris,Plantae,1500,Germany,DEU,11,terrestrial,"introduced (alien, exotic, non-native, nonindigenous); introduced",TRUE,DAISIE; USRIIS; TrIAS; FirstRecords; GRIIS; Artsdatabanken; InstytutOchronyPrzyrody
Quercus ilex L.,Quercus ilex,Plantae,1500,United Kingdom,GBR,10,terrestrial,"introduced (alien, exotic, non-native, nonindigenous); introduced",TRUE,DAISIE; USRIIS; TrIAS; FirstRecords; GRIIS
Quercus palustris Münchh.,Quercus palustris,Plantae,1843,Australia,AUS,8,terrestrial,introduced,TRUE,TrIAS; FirstRecords; GRIIS
Quercus robur L.,Quercus robur,Plantae,1656,South Africa,ZAF,12,terrestrial,"introduced (alien, exotic, non-native, nonindigenous); introduced",TRUE,USRIIS; FirstRecords; GRIIS
Quercus rubra L.,Quercus rubra,Plantae,1500,Switzerland,CHE,26,freshwater; terrestrial,introduced,TRUE,DAISIE; TrIAS; FirstRecords; GRIIS; Artsdatabanken; InstytutOchronyPrzyrody
Quercus suber L.,Quercus suber,Plantae,1843,Australia,AUS,7,terrestrial,"introduced (alien, exotic, non-native, nonindigenous); introduced",TRUE,USRIIS; FirstRecords; GRIIS
"Rabdophaga marginemtorquens (Bremi, 1847)",Rabdophaga marginemtorquens,Animalia,NA,NA,NA,1,terrestrial,introduced,TRUE,GRIIS
"Ramphicarpa Rchb., 1841",Ramphicarpa,Plantae,NA,NA,NA,1,terrestrial,introduced,TRUE,GRIIS
"Rangifer tarandus (Linnaeus, 1758)",Rangifer tarandus,Animalia,1520,Germany,DEU,5,terrestrial,introduced,TRUE,"SINAS, DAISIE; FirstRecords; GRIIS"
"Ranoidea aurea (Lesson, 1829)",Ranoidea aurea,Animalia,NA,NA,NA,2,freshwater; terrestrial,introduced,TRUE,FirstRecords; GRIIS
Ranunculus acris L.,Ranunculus acris,Plantae,1821,Canada,CAN,8,terrestrial,"introduced (alien, exotic, non-native, nonindigenous); introduced",TRUE,USRIIS; FirstRecords; GRIIS
Ranunculus arvensis L.,Ranunculus arvensis,Plantae,-2200,Czechia,CZE,21,terrestrial,"introduced (alien, exotic, non-native, nonindigenous); introduced",TRUE,DAISIE; USRIIS; FirstRecords; GRIIS; InstytutOchronyPrzyrody
Ranunculus bulbosus L.,Ranunculus bulbosus,Plantae,1871,New Zealand,NZL,5,terrestrial,"introduced (alien, exotic, non-native, nonindigenous); introduced",TRUE,SINAS; USRIIS; FirstRecords; GRIIS
"Ranunculus ficaria L.; Ranunculus ficaria Walter, 1788",Ranunculus ficaria,Plantae,1500,United Kingdom,GBR,5,terrestrial,"introduced (alien, exotic, non-native, nonindigenous); introduced",TRUE,DAISIE; USRIIS; GRIIS; FirstRecords
Ranunculus marginatus d'Urv.,Ranunculus marginatus,Plantae,1500,United Kingdom,GBR,6,terrestrial,"introduced (alien, exotic, non-native, nonindigenous); introduced",TRUE,DAISIE; USRIIS; TrIAS; FirstRecords; GRIIS
Ranunculus muricatus L.,Ranunculus muricatus,Plantae,1500,United Kingdom,GBR,14,terrestrial,"introduced (alien, exotic, non-native, nonindigenous); introduced",TRUE,DAISIE; USRIIS; TrIAS; FirstRecords; GRIIS
Ranunculus parviflorus L.; Ranunculus parviflorus Loefl.,Ranunculus parviflorus,Plantae,1540,Denmark,DNK,6,terrestrial,"introduced (alien, exotic, non-native, nonindigenous); introduced",TRUE,USRIIS; TrIAS; FirstRecords; GRIIS
Ranunculus repens L.,Ranunculus repens,Plantae,1821,Canada,CAN,7,terrestrial,"introduced (alien, exotic, non-native, nonindigenous); introduced",TRUE,USRIIS; FirstRecords; GRIIS
Ranunculus repens var. flore-pleno DC.,Ranunculus repens flore-pleno,Plantae,NA,NA,NA,1,terrestrial,introduced,TRUE,FirstRecords; GRIIS
Ranunculus sardous Crantz,Ranunculus sardous,Plantae,1663,United Kingdom,GBR,12,freshwater; terrestrial,"introduced (alien, exotic, non-native, nonindigenous); introduced",TRUE,SINAS; USRIIS; FirstRecords; GRIIS
Ranunculus sceleratus L.,Ranunculus sceleratus,Plantae,1876,New Zealand,NZL,6,terrestrial,introduced,TRUE,SINAS; FirstRecords; GRIIS
"Raoiella indica Hirst, 1924",Raoiella indica,Animalia,1924,India,IND,10,terrestrial,"introduced (alien, exotic, non-native, nonindigenous); introduced",TRUE,SINAS; USRIIS; GRIIS
Raphanus raphanistrum L.,Raphanus raphanistrum,Plantae,-5300,Czechia,CZE,37,terrestrial,"introduced (alien, exotic, non-native, nonindigenous); introduced",TRUE,DAISIE; USRIIS; FirstRecords; GRIIS; InstytutOchronyPrzyrody
Raphanus sativus L.,Raphanus sativus,Plantae,1500,Poland,POL,49,freshwater; terrestrial,"introduced (alien, exotic, non-native, nonindigenous); introduced",TRUE,USRIIS; TrIAS; FirstRecords; GRIIS; InstytutOchronyPrzyrody
Rapistrum rugosum (L.) All.,Rapistrum rugosum,Plantae,1500,Austria,AUT,32,freshwater; terrestrial,"introduced (alien, exotic, non-native, nonindigenous); introduced",TRUE,DAISIE; USRIIS; TrIAS; FirstRecords; GRIIS; Artsdatabanken
"Rattus Fischer, 1803",Rattus,Animalia,NA,NA,NA,1,terrestrial,introduced,TRUE,GRIIS
"Rattus exulans (Peale, 1848)",Rattus exulans,Animalia,-1500,Philippines; Papua New Guinea,PHL; PNG,19,terrestrial,"introduced (alien, exotic, non-native, nonindigenous); introduced",TRUE,USRIIS; FirstRecords; GRIIS
"Rattus norvegicus (Berkenhout, 1769)",Rattus norvegicus,Animalia,1500,Belarus,BLR,91,terrestrial,"introduced (alien, exotic, non-native, nonindigenous); introduced",TRUE,DAISIE; USRIIS; TrIAS; FirstRecords; GRIIS; InstytutOchronyPrzyrody
"Rattus rattus (Linnaeus, 1758)",Rattus rattus,Animalia,-3500,Italy,ITA,94,terrestrial,"introduced (alien, exotic, non-native, nonindigenous); introduced",TRUE,DAISIE; USRIIS; FirstRecords; GRIIS; InstytutOchronyPrzyrody
"Rattus tanezumi (Temminck, 1845)",Rattus tanezumi,Animalia,-4800,Philippines,PHL,4,terrestrial,introduced,TRUE,FirstRecords; GRIIS
Rauvolfia caffra Sond.,Rauvolfia caffra,Plantae,NA,NA,NA,1,terrestrial,introduced,TRUE,FirstRecords; GRIIS
Ravenala madagascariensis Sonn.,Ravenala madagascariensis,Plantae,NA,NA,NA,15,terrestrial,introduced,TRUE,FirstRecords; GRIIS
"Reesa vespulae (Milliron, 1939)",Reesa vespulae,Animalia,1851,Norway,NOR,9,terrestrial,introduced,TRUE,SINAS; FirstRecords; GRIIS; InstytutOchronyPrzyrody
Reseda alba L.,Reseda alba,Plantae,1500,Germany,DEU,16,terrestrial,"introduced (alien, exotic, non-native, nonindigenous); introduced",TRUE,DAISIE; USRIIS; TrIAS; FirstRecords; GRIIS
Reseda lutea L.,Reseda lutea,Plantae,-5300,Czechia,CZE,22,freshwater; terrestrial,"introduced (alien, exotic, non-native, nonindigenous); introduced",TRUE,DAISIE; USRIIS; FirstRecords; GRIIS; Artsdatabanken
Reseda luteola L.,Reseda luteola,Plantae,-5300,Czechia,CZE,20,freshwater; terrestrial,"introduced (alien, exotic, non-native, nonindigenous); introduced",TRUE,DAISIE; USRIIS; FirstRecords; GRIIS
"Reticulitermes flavipes (Kollar, 1837)",Reticulitermes flavipes,Animalia,1837,Austria,AUT,4,terrestrial,introduced,TRUE,FirstRecords; GRIIS
"Reticulitermes urbis Bagnères, Uva & Clément, 2003",Reticulitermes urbis,Animalia,NA,NA,NA,1,terrestrial,introduced,TRUE,FirstRecords; GRIIS
Reynoutria ×bohemica Chrtek & Chrtková; Reynoutria × bohemica Chrtek & Chrtková,Reynoutria bohemica,Plantae,1901,Norway,NOR,22,terrestrial,introduced,TRUE,SINAS; TrIAS; FirstRecords; GRIIS; Artsdatabanken; InstytutOchronyPrzyrody
Reynoutria forbesii (Hance) T.Yamaz.,Reynoutria forbesii,Plantae,NA,NA,NA,1,terrestrial,introduced,TRUE,FirstRecords; GRIIS
Reynoutria japonica Houtt.,Reynoutria japonica,Plantae,1849,Netherlands,NLD,40,freshwater; terrestrial,introduced,TRUE,TrIAS; FirstRecords; GRIIS; Artsdatabanken; InstytutOchronyPrzyrody
Reynoutria japonica var. japonica,Reynoutria japonica japonica,Plantae,NA,NA,NA,1,terrestrial,introduced,TRUE,FirstRecords; GRIIS
Reynoutria multiflora (Thunb.) Moldenke,Reynoutria multiflora,Plantae,1897,North Korea,PRK,5,terrestrial,introduced,TRUE,FirstRecords; GRIIS
Reynoutria sachalinensis (F.Schmidt) Nakai,Reynoutria sachalinensis,Plantae,1869,Switzerland; Czech Republic,CHE; CZE,35,freshwater; terrestrial,introduced,TRUE,TrIAS; FirstRecords; GRIIS; Artsdatabanken; InstytutOchronyPrzyrody
"Rhabdoscelus obscurus (Boisduval, 1835)",Rhabdoscelus obscurus,Animalia,NA,NA,NA,2,terrestrial,"introduced (alien, exotic, non-native, nonindigenous); introduced",TRUE,USRIIS; GRIIS
"Rhagoletis cingulata (Loew, 1862)",Rhagoletis cingulata,Animalia,1983,Switzerland,CHE,7,terrestrial,introduced,TRUE,"SINAS, EPPO Distribution; FirstRecords; GRIIS; InstytutOchronyPrzyrody"
Rhamnus alaternus L.,Rhamnus alaternus,Plantae,1500,United Kingdom,GBR,6,terrestrial,introduced,TRUE,DAISIE; TrIAS; FirstRecords; GRIIS
Rhamnus cathartica L.,Rhamnus cathartica,Plantae,1919,Canada,CAN,4,terrestrial,"introduced (alien, exotic, non-native, nonindigenous); introduced",TRUE,USRIIS; FirstRecords; GRIIS
Rhaphidophora korthalsii Schott,Rhaphidophora korthalsii,Plantae,NA,NA,NA,1,terrestrial,introduced,TRUE,FirstRecords; GRIIS
"Rhaphigaster nebulosa (Poda, 1761)",Rhaphigaster nebulosa,Animalia,NA,NA,NA,1,terrestrial,introduced,TRUE,GRIIS
Rhaphiolepis bibas (Lour.) Galasso & Banfi,Rhaphiolepis bibas,Plantae,1811,Malta,MLT,37,terrestrial,introduced,TRUE,TrIAS; FirstRecords; GRIIS
Rhaphiolepis umbellata (Thunb.) Makino,Rhaphiolepis umbellata,Plantae,NA,NA,NA,3,terrestrial,introduced,TRUE,GRIIS
"Rhinacloa cardini (Barber and Bruner, 1946)",Rhinacloa cardini,Animalia,2014,United States,USA,1,terrestrial,"introduced (alien, exotic, non-native, nonindigenous)",TRUE,USRIIS
Rhinanthus L.,Rhinanthus,Plantae,NA,NA,NA,3,terrestrial,introduced,TRUE,GRIIS
"Rhinella marina (Linnaeus, 1758)",Rhinella marina,Animalia,1833,Barbados,BRB,29,freshwater; brackish; terrestrial,"introduced (alien, exotic, non-native, nonindigenous); introduced",TRUE,USRIIS; TrIAS; FirstRecords; GRIIS
"Rhinocyllus conicus (Frolich, 1792); Rhinocyllus conicus (J.A.Froelich, 1792)",Rhinocyllus conicus,Animalia,1969,United States,USA,3,terrestrial,introduced: assisted colonization; introduced,TRUE,USRIIS; FirstRecords; GRIIS
"Rhinogobius brunneus (Temminck and Schlegel, 1845); Rhinogobius brunneus (Temminck & Schlegel, 1845)",Rhinogobius brunneus,Animalia,2004,United States,USA,3,brackish; freshwater; marine,"introduced (alien, exotic, non-native, nonindigenous); introduced",TRUE,USRIIS; FirstRecords; GRIIS
"Rhinogobius kurodai (Tanaka, 1908)",Rhinogobius kurodai,Animalia,NA,NA,NA,1,freshwater,introduced,TRUE,FirstRecords; GRIIS
"Rhipicephalus microplus Canestrini, 1888",Rhipicephalus microplus,Animalia,NA,NA,NA,2,terrestrial,introduced,TRUE,GRIIS
"Rhipicephalus sanguineus (Latreille, 1806); Rhipicephalus sanguineus Latreille, 1806",Rhipicephalus sanguineus,Animalia,NA,NA,NA,2,terrestrial,"introduced (alien, exotic, non-native, nonindigenous); introduced",TRUE,USRIIS; GRIIS
"Rhithropanopeus harrisii (Gould, 1841)",Rhithropanopeus harrisii,Animalia,1801,Poland,POL,12,brackish; freshwater; marine,introduced,TRUE,"SINAS, DAISIE; TrIAS; FirstRecords; GRIIS"
"Rhizoecus falcifer Kunckel d'Herculais, 1878",Rhizoecus falcifer,Animalia,1917,United States,USA,2,terrestrial,"introduced (alien, exotic, non-native, nonindigenous); introduced",TRUE,USRIIS; GRIIS
Rhizophora mangle L.,Rhizophora mangle,Plantae,1902,United States,USA,2,brackish; terrestrial,"introduced (alien, exotic, non-native, nonindigenous); introduced",TRUE,USRIIS; FirstRecords; GRIIS
"Rhodeus amarus (Bloch, 1782)",Rhodeus amarus,Animalia,1920,United Kingdom,GBR,6,brackish; freshwater,introduced,TRUE,FirstRecords; GRIIS
"Rhodeus ocellatus (Kner, 1866)",Rhodeus ocellatus,Animalia,NA,NA,NA,7,brackish; freshwater,introduced,TRUE,FirstRecords; GRIIS
"Rhodeus sericeus (Pallas, 1776)",Rhodeus sericeus,Animalia,1920,United Kingdom,GBR,4,freshwater,introduced,TRUE,SINAS; FirstRecords; GRIIS
"Rhodobium porosum (Sanderson, 1901); Rhodobium porosum (Sanderson, 1900)",Rhodobium porosum,Animalia,1905,Sweden,SWE,3,terrestrial,"introduced (alien, exotic, non-native, nonindigenous); introduced",TRUE,SINAS; USRIIS; GRIIS
Rhododendron brachycarpum D.Don ex G.Don,Rhododendron brachycarpum,Plantae,1970,Sweden,SWE,2,terrestrial,introduced,TRUE,FirstRecords; GRIIS; Artsdatabanken
Rhododendron catawbiense Michx.,Rhododendron catawbiense,Plantae,1993,Norway,NOR,2,terrestrial,introduced,TRUE,FirstRecords; GRIIS; Artsdatabanken
Rhododendron luteum Sweet,Rhododendron luteum,Plantae,1500,Germany,DEU,7,terrestrial,introduced,TRUE,DAISIE; TrIAS; FirstRecords; GRIIS
Rhododendron ponticum L.,Rhododendron ponticum,Plantae,1500,United Kingdom,GBR,12,terrestrial,introduced,TRUE,DAISIE; TrIAS; FirstRecords; GRIIS
Rhododendron ponticum subsp. baeticum (Boiss. & Reut.) Hand.-Mazz.,Rhododendron ponticum baeticum,Plantae,NA,NA,NA,2,terrestrial,introduced,TRUE,FirstRecords; GRIIS
Rhodomyrtus tomentosa (Aiton) Hassk.,Rhodomyrtus tomentosa,Plantae,1926,United States,USA,4,terrestrial,"introduced (alien, exotic, non-native, nonindigenous); introduced",TRUE,USRIIS; FirstRecords; GRIIS; M.McGeoch_AUS_2025
Rhodotypos scandens (Thunb.) Makino,Rhodotypos scandens,Plantae,1900,Slovakia,SVK,6,terrestrial,"introduced (alien, exotic, non-native, nonindigenous); introduced",TRUE,USRIIS; TrIAS; FirstRecords; GRIIS; InstytutOchronyPrzyrody
"Rhopalosiphoninus latysiphon (Davidson, 1912)",Rhopalosiphoninus latysiphon,Animalia,1912,United States,USA,2,terrestrial,"introduced (alien, exotic, non-native, nonindigenous); introduced",TRUE,USRIIS; GRIIS
"Rhopalosiphum maidis (Fitch, 1856)",Rhopalosiphum maidis,Animalia,1851,United States,USA,2,terrestrial,"introduced (alien, exotic, non-native, nonindigenous); introduced",TRUE,USRIIS; GRIIS
"Rhopalosiphum rufulum Richards, 1960",Rhopalosiphum rufulum,Animalia,NA,NA,NA,1,terrestrial,introduced,TRUE,GRIIS
"Rhopalosiphum sanguinarium Baker, 1934",Rhopalosiphum sanguinarium,Animalia,NA,NA,NA,1,terrestrial,introduced,TRUE,GRIIS
Rhus typhina L.,Rhus typhina,Plantae,1500,Switzerland,CHE,27,freshwater; terrestrial,introduced,TRUE,DAISIE; TrIAS; FirstRecords; GRIIS; InstytutOchronyPrzyrody
"Rhyacionia buoliana (Denis and Schiffermüller, 1775); Rhyacionia buoliana (Denis & Schiffermüller) , 1775",Rhyacionia buoliana,Animalia,1914,United States,USA,3,terrestrial,"introduced (alien, exotic, non-native, nonindigenous); introduced",TRUE,USRIIS; FirstRecords; GRIIS
"Rhynchophorus ferrugineus (A.G.Olivier, 1791)",Rhynchophorus ferrugineus,Animalia,1975,Japan,JPN,26,terrestrial,introduced,TRUE,FirstRecords; GRIIS
Rhynchosia minima (L.) DC.,Rhynchosia minima,Plantae,1955,Chile,CHL,10,terrestrial,"introduced (alien, exotic, non-native, nonindigenous); introduced",TRUE,USRIIS; FirstRecords; GRIIS
Rhynchospora berteroi (Spreng.) C.B.Clarke,Rhynchospora berteroi,Plantae,NA,NA,NA,3,freshwater; terrestrial,introduced,TRUE,GRIIS
Rhynchospora colorata (L.) H.Pfeiff.,Rhynchospora colorata,Plantae,NA,NA,NA,2,freshwater; terrestrial,introduced,TRUE,FirstRecords; GRIIS
"Rhyzopertha dominica (Fabricius, 1792)",Rhyzopertha dominica,Animalia,1861,United States,USA,13,terrestrial,"introduced (alien, exotic, non-native, nonindigenous); introduced",TRUE,USRIIS; FirstRecords; GRIIS
Ribes nigrum L.,Ribes nigrum,Plantae,1500,Austria,AUT,14,terrestrial,"introduced (alien, exotic, non-native, nonindigenous); introduced",TRUE,DAISIE; USRIIS; FirstRecords; GRIIS
Ribes rubrum L.,Ribes rubrum,Plantae,1500,Ireland,IRL,19,freshwater; terrestrial,"introduced (alien, exotic, non-native, nonindigenous); introduced",TRUE,DAISIE; USRIIS; FirstRecords; GRIIS; InstytutOchronyPrzyrody
Ribes sanguineum Pursh,Ribes sanguineum,Plantae,1500,Germany,DEU,11,terrestrial,introduced,TRUE,DAISIE; TrIAS; FirstRecords; GRIIS
Ribes uva-crispa L.,Ribes uva-crispa,Plantae,1500,United Kingdom,GBR,15,freshwater; terrestrial,"introduced (alien, exotic, non-native, nonindigenous); introduced",TRUE,DAISIE; USRIIS; FirstRecords; GRIIS; Artsdatabanken
Riccia lamellosa Raddi,Riccia lamellosa,Plantae,NA,NA,NA,1,terrestrial,introduced,TRUE,FirstRecords; GRIIS
Riccia nigrella DC.,Riccia nigrella,Plantae,NA,NA,NA,1,terrestrial,introduced,TRUE,FirstRecords; GRIIS
Ricciocarpos natans (L.) Corda,Ricciocarpos natans,Plantae,1879,Sweden,SWE,2,freshwater; terrestrial,introduced,TRUE,FirstRecords; GRIIS; Artsdatabanken
Richardia brasiliensis Gomes,Richardia brasiliensis,Plantae,1855,United States,USA,12,terrestrial,"introduced (alien, exotic, non-native, nonindigenous); introduced",TRUE,USRIIS; FirstRecords; GRIIS
Richardia scabra L.,Richardia scabra,Plantae,1890,South Africa,ZAF,15,terrestrial,"introduced (alien, exotic, non-native, nonindigenous); introduced",TRUE,USRIIS; FirstRecords; GRIIS
Ricinus communis L.,Ricinus communis,Plantae,65,China,CHN,120,freshwater; terrestrial,"introduced (alien, exotic, non-native, nonindigenous); introduced",TRUE,USRIIS; TrIAS; FirstRecords; GRIIS; GRIIS ; J.Ganglo_BEN_2026
Rivina humilis L.,Rivina humilis,Plantae,1500,Malta,MLT,27,terrestrial,"introduced (alien, exotic, non-native, nonindigenous); introduced",TRUE,DAISIE; USRIIS; FirstRecords; GRIIS
Robinia hispida L.,Robinia hispida,Plantae,1500,Italy,ITA,5,terrestrial,introduced,TRUE,DAISIE; FirstRecords; GRIIS
Robinia pseudoacacia L.,Robinia pseudoacacia,Plantae,20,China,CHN,67,freshwater; terrestrial,introduced,TRUE,TrIAS; FirstRecords; GRIIS; Artsdatabanken; InstytutOchronyPrzyrody
Roemeria hispida Stace,Roemeria hispida,Plantae,1576,United Kingdom,GBR,9,terrestrial,introduced,TRUE,TrIAS; FirstRecords; GRIIS
Roldana petasitis (Sims) H.Rob. & Brettell,Roldana petasitis,Plantae,1952,New Zealand,NZL,10,terrestrial,introduced,TRUE,FirstRecords; GRIIS
"Ropalidia marginata (Lepeletier, 1836)",Ropalidia marginata,Animalia,1981,Japan,JPN,1,terrestrial,introduced,TRUE,FirstRecords; GRIIS
Rorippa amphibia (L.) Besser,Rorippa amphibia,Plantae,1869,New Zealand,NZL,5,freshwater; terrestrial,"introduced (alien, exotic, non-native, nonindigenous); introduced",TRUE,SINAS; USRIIS; FirstRecords; GRIIS
Rorippa anceps (Wahlenb.) Rchb.,Rorippa anceps,Plantae,1500,Italy,ITA,5,freshwater; terrestrial,"introduced (alien, exotic, non-native, nonindigenous); introduced",TRUE,DAISIE; USRIIS; TrIAS; FirstRecords; GRIIS; Artsdatabanken
Rorippa austriaca (Crantz) Besser,Rorippa austriaca,Plantae,1500,United Kingdom,GBR,18,freshwater; terrestrial,"introduced (alien, exotic, non-native, nonindigenous); introduced",TRUE,DAISIE; USRIIS; TrIAS; FirstRecords; GRIIS; Artsdatabanken
Rorippa indica (L.) Hiern.; Rorippa indica (L.) Hiern,Rorippa indica,Plantae,NA,NA,NA,6,freshwater; terrestrial,"introduced (alien, exotic, non-native, nonindigenous); introduced",TRUE,USRIIS; FirstRecords; GRIIS
Rorippa nasturtium-aquaticum Schinz & Thell.,Rorippa nasturtium-aquaticum,Plantae,NA,NA,NA,10,freshwater; terrestrial,introduced,TRUE,GRIIS; FirstRecords
Rorippa palustris (L.) Besser,Rorippa palustris,Plantae,1843,Australia,AUS,5,freshwater; terrestrial,introduced,TRUE,FirstRecords; GRIIS
Rorippa sylvestris (L.) Besser,Rorippa sylvestris,Plantae,1600,Sweden,SWE,11,freshwater; terrestrial,"introduced (alien, exotic, non-native, nonindigenous); introduced",TRUE,USRIIS; FirstRecords; GRIIS
Rosa acicularis Lindl.,Rosa acicularis,Plantae,1797,Estonia,EST,5,freshwater; terrestrial,introduced,TRUE,FirstRecords; GRIIS; Artsdatabanken; InstytutOchronyPrzyrody
Rosa × alba L.,Rosa alba,Plantae,1500,United Kingdom,GBR,3,terrestrial,introduced,TRUE,DAISIE; FirstRecords; GRIIS
Rosa bracteata J.C. Wendl.; Rosa bracteata H.L.Wendl.,Rosa bracteata,Plantae,1912,Australia,AUS,3,terrestrial,"introduced (alien, exotic, non-native, nonindigenous); introduced",TRUE,USRIIS; FirstRecords; GRIIS
Rosa canina L.,Rosa canina,Plantae,1791,Estonia,EST,8,freshwater; terrestrial,"introduced (alien, exotic, non-native, nonindigenous); introduced",TRUE,USRIIS; FirstRecords; GRIIS
Rosa canina var. canina,Rosa canina canina,Plantae,NA,NA,NA,1,terrestrial,introduced,TRUE,FirstRecords; GRIIS
Rosa × damascena Mill.,Rosa damascena,Plantae,1526,India,IND,5,terrestrial,introduced,TRUE,FirstRecords; GRIIS
Rosa eglanteria Gilg,Rosa eglanteria,Plantae,NA,NA,NA,2,terrestrial,introduced,TRUE,GRIIS
Rosa gallica L.,Rosa gallica,Plantae,1500,United Kingdom,GBR,8,freshwater; terrestrial,"introduced (alien, exotic, non-native, nonindigenous); introduced",TRUE,DAISIE; USRIIS; FirstRecords; GRIIS
Rosa glabrifolia C.A.Mey. ex Rupr.,Rosa glabrifolia,Plantae,1797,Estonia,EST,3,freshwater; terrestrial,introduced,TRUE,FirstRecords; GRIIS
Rosa glauca Pourr.,Rosa glauca,Plantae,1817,Poland,POL,12,freshwater; terrestrial,"introduced (alien, exotic, non-native, nonindigenous); introduced",TRUE,USRIIS; TrIAS; FirstRecords; GRIIS; Artsdatabanken; InstytutOchronyPrzyrody
Rosa gorenkensis Besser,Rosa gorenkensis,Plantae,1797,Estonia,EST,2,freshwater; terrestrial,introduced,TRUE,FirstRecords; GRIIS
Rosa laevigata Michx.,Rosa laevigata,Plantae,1862,Portugal,PRT,5,terrestrial,"introduced (alien, exotic, non-native, nonindigenous); introduced",TRUE,"SINAS, DAISIE; USRIIS; FirstRecords; GRIIS"
Rosa majalis J. Herrm.; Rosa majalis Herrm.,Rosa majalis,Plantae,1500,Slovakia,SVK,8,terrestrial,"introduced (alien, exotic, non-native, nonindigenous); introduced",TRUE,DAISIE; USRIIS; TrIAS; FirstRecords; GRIIS
Rosa micrantha Borrer ex Sm.,Rosa micrantha,Plantae,NA,NA,NA,2,terrestrial,introduced,TRUE,FirstRecords; GRIIS
Rosa multiflora Thunb.; Rosa multiflora Murray,Rosa multiflora,Plantae,1500,Germany,DEU,22,terrestrial,introduced: assisted colonization; introduced,TRUE,DAISIE; USRIIS; TrIAS; FirstRecords; GRIIS; Artsdatabanken; InstytutOchronyPrzyrody
Rosa pomifera Lamotte,Rosa pomifera,Plantae,NA,NA,NA,2,freshwater; terrestrial,introduced,TRUE,GRIIS
Rosa rubiginosa L.,Rosa rubiginosa,Plantae,1770,Australia,AUS,7,terrestrial,"introduced (alien, exotic, non-native, nonindigenous); introduced",TRUE,USRIIS; FirstRecords; GRIIS
Rosa rugosa Thunb.,Rosa rugosa,Plantae,1500,Bulgaria,BGR,31,freshwater; terrestrial,"introduced (alien, exotic, non-native, nonindigenous); introduced",TRUE,DAISIE; USRIIS; TrIAS; FirstRecords; GRIIS; Artsdatabanken; InstytutOchronyPrzyrody
Rosa spinosissima L.,Rosa spinosissima,Plantae,1777,Estonia,EST,8,terrestrial,"introduced (alien, exotic, non-native, nonindigenous); introduced",TRUE,SINAS; USRIIS; FirstRecords; GRIIS; InstytutOchronyPrzyrody
Rostellularia procumbens (L.) Nees,Rostellularia procumbens,Plantae,NA,NA,NA,2,terrestrial,introduced,TRUE,FirstRecords; GRIIS
Rostraria cristata (L.) Tzvelev,Rostraria cristata,Plantae,1500,Czechia,CZE,14,terrestrial,"introduced (alien, exotic, non-native, nonindigenous); introduced",TRUE,DAISIE; USRIIS; TrIAS; FirstRecords; GRIIS
Rotala rotundifolia (Buch.-Ham. ex Roxb.) Koehne,Rotala rotundifolia,Plantae,1974,Australia,AUS,3,terrestrial,"introduced (alien, exotic, non-native, nonindigenous); introduced",TRUE,USRIIS; FirstRecords; GRIIS
Rottboellia cochinchinensis (Lour.) Clayton,Rottboellia cochinchinensis,Plantae,1927,United States,USA,38,terrestrial,"introduced (alien, exotic, non-native, nonindigenous); introduced",TRUE,USRIIS; FirstRecords; GRIIS
"Rotylenchulus parvus Williams, 1960",Rotylenchulus parvus,Animalia,NA,NA,NA,1,terrestrial,"introduced (alien, exotic, non-native, nonindigenous)",TRUE,USRIIS
"Rousettus aegyptiacus (E.Geoffroy, 1810)",Rousettus aegyptiacus,Animalia,2005,Spain,ESP,1,terrestrial,introduced,TRUE,FirstRecords; GRIIS
Roystonea oleracea (Jacq.) O.F.Cook,Roystonea oleracea,Plantae,1930,Brazil,BRA,10,terrestrial,introduced,TRUE,FirstRecords; GRIIS
Roystonea regia (Kunth) O.F. Cook; Roystonea regia (Kunth) O.F.Cook,Roystonea regia,Plantae,1937,United States,USA,10,terrestrial,"introduced (alien, exotic, non-native, nonindigenous); introduced",TRUE,USRIIS; FirstRecords; GRIIS
Rubus alceifolius Poir.,Rubus alceifolius,Plantae,1922,Australia,AUS,4,terrestrial,introduced,TRUE,FirstRecords; GRIIS
Rubus argutus Link,Rubus argutus,Plantae,1894,United States,USA,2,terrestrial,"introduced (alien, exotic, non-native, nonindigenous); introduced",TRUE,USRIIS; FirstRecords; GRIIS
Rubus armeniacus Focke,Rubus armeniacus,Plantae,1500,Switzerland,CHE,15,terrestrial,introduced,TRUE,DAISIE; TrIAS; FirstRecords; GRIIS; Artsdatabanken; InstytutOchronyPrzyrody
Rubus bifrons Vest; Rubus bifrons Vest ex Tratt.,Rubus bifrons,Plantae,1909,Sweden,SWE,4,terrestrial,"introduced (alien, exotic, non-native, nonindigenous); introduced",TRUE,USRIIS; FirstRecords; GRIIS
Rubus caesius L.,Rubus caesius,Plantae,NA,NA,NA,2,terrestrial,"introduced (alien, exotic, non-native, nonindigenous); introduced",TRUE,USRIIS; FirstRecords; GRIIS
Rubus cardiophyllus P.J.Müll. & Lefèvre,Rubus cardiophyllus,Plantae,NA,NA,NA,1,terrestrial,introduced,TRUE,GRIIS
Rubus cissburiensis W.P.C.Barton & Ridd.,Rubus cissburiensis,Plantae,1898,New Zealand,NZL,2,terrestrial,introduced,TRUE,FirstRecords; GRIIS
Rubus cochinchinensis Tratt.,Rubus cochinchinensis,Plantae,NA,NA,NA,2,terrestrial,introduced,TRUE,FirstRecords; GRIIS
Rubus cuneifolius Pursh,Rubus cuneifolius,Plantae,1898,South Africa,ZAF,2,terrestrial,introduced,TRUE,FirstRecords; GRIIS
Rubus echinatus Lindl.,Rubus echinatus,Plantae,1941,New Zealand,NZL,4,terrestrial,introduced,TRUE,FirstRecords; GRIIS
Rubus ellipticus Sm.,Rubus ellipticus,Plantae,1912,Australia,AUS,8,terrestrial,introduced,TRUE,FirstRecords; GRIIS
Rubus flagellaris Willd.,Rubus flagellaris,Plantae,1958,New Zealand,NZL,3,terrestrial,introduced,TRUE,SINAS; FirstRecords; GRIIS
Rubus fruticosus L.,Rubus fruticosus,Plantae,1831,Australia,AUS,5,terrestrial,introduced,TRUE,FirstRecords; GRIIS
Rubus illecebrosus Focke,Rubus illecebrosus,Plantae,NA,NA,NA,4,terrestrial,"introduced (alien, exotic, non-native, nonindigenous); introduced",TRUE,USRIIS; FirstRecords; GRIIS
Rubus laciniatus Willd.,Rubus laciniatus,Plantae,1500,Czechia,CZE,17,terrestrial,"introduced (alien, exotic, non-native, nonindigenous); introduced",TRUE,DAISIE; USRIIS; TrIAS; FirstRecords; GRIIS; Artsdatabanken; InstytutOchronyPrzyrody
Rubus leptothyrsos G.Braun,Rubus leptothyrsos,Plantae,NA,NA,NA,1,terrestrial,introduced,TRUE,GRIIS
Rubus macrophyllus Weihe and Nees; Rubus macrophyllus Weihe,Rubus macrophyllus,Plantae,NA,NA,NA,2,terrestrial,"introduced (alien, exotic, non-native, nonindigenous); introduced",TRUE,USRIIS; FirstRecords; GRIIS
Rubus moluccanus L.,Rubus moluccanus,Plantae,NA,NA,NA,6,terrestrial,introduced,TRUE,FirstRecords; GRIIS
Rubus niveus Thunb.,Rubus niveus,Plantae,1961,Zimbabwe,ZWE,15,terrestrial,"introduced (alien, exotic, non-native, nonindigenous); introduced",TRUE,USRIIS; FirstRecords; GRIIS
Rubus phoenicolasius Maxim.,Rubus phoenicolasius,Plantae,1500,Czechia,CZE,19,terrestrial,"introduced (alien, exotic, non-native, nonindigenous); introduced",TRUE,DAISIE; USRIIS; TrIAS; FirstRecords; GRIIS
Rubus pinnatus Willd.,Rubus pinnatus,Plantae,NA,NA,NA,1,terrestrial,introduced,TRUE,FirstRecords; GRIIS
Rubus polyanthemus Lindeb.,Rubus polyanthemus,Plantae,1770,Australia,AUS,2,terrestrial,introduced,TRUE,FirstRecords; GRIIS
Rubus × proteus C.H.Stirt.,Rubus proteus,Plantae,NA,NA,NA,1,terrestrial,introduced,TRUE,GRIIS
Rubus rosifolius Sm.,Rubus rosifolius,Plantae,1880,United States,USA,20,terrestrial,"introduced (alien, exotic, non-native, nonindigenous); introduced",TRUE,USRIIS; FirstRecords; GRIIS
Rubus sanctus Schreb.,Rubus sanctus,Plantae,NA,NA,NA,1,terrestrial,introduced,TRUE,FirstRecords; GRIIS
Rubus spectabilis Pursh,Rubus spectabilis,Plantae,1500,Germany,DEU,10,terrestrial,introduced,TRUE,DAISIE; TrIAS; FirstRecords; GRIIS; Artsdatabanken
Rubus thaumasius A.Beek,Rubus thaumasius,Plantae,NA,NA,NA,1,terrestrial,introduced,TRUE,FirstRecords; GRIIS
Rubus ulmifolius Schott,Rubus ulmifolius,Plantae,1500,Czechia,CZE,14,terrestrial,"introduced (alien, exotic, non-native, nonindigenous); introduced",TRUE,DAISIE; USRIIS; FirstRecords; GRIIS
Rubus vestitus Weihe,Rubus vestitus,Plantae,1867,New Zealand,NZL,3,terrestrial,"introduced (alien, exotic, non-native, nonindigenous); introduced",TRUE,USRIIS; FirstRecords; GRIIS
Rudbeckia hirta var. pulcherrima Farw.,Rudbeckia hirta pulcherrima,Plantae,NA,NA,NA,1,terrestrial,introduced,TRUE,FirstRecords; GRIIS
Rudbeckia laciniata L.,Rudbeckia laciniata,Plantae,1700,Denmark,DNK,30,freshwater; terrestrial,introduced,TRUE,TrIAS; FirstRecords; GRIIS; Artsdatabanken; InstytutOchronyPrzyrody
Rudbeckia laciniata var. laciniata,Rudbeckia laciniata laciniata,Plantae,19,Japan,JPN,1,terrestrial,introduced,TRUE,FirstRecords; GRIIS
Ruellia blechum L.,Ruellia blechum,Plantae,NA,NA,NA,17,terrestrial,"introduced (alien, exotic, non-native, nonindigenous); introduced",TRUE,USRIIS; FirstRecords; GRIIS
Ruellia brevifolia (Pohl) C. Ezcurra; Ruellia brevifolia (Pohl) C.Ezcurra,Ruellia brevifolia,Plantae,1875,Indonesia,IDN,4,terrestrial,"introduced (alien, exotic, non-native, nonindigenous); introduced",TRUE,SINAS; USRIIS; FirstRecords; GRIIS
Ruellia macrophylla Vahl,Ruellia macrophylla,Plantae,NA,NA,NA,1,terrestrial,introduced,TRUE,FirstRecords; GRIIS
Ruellia prostrata Poir.,Ruellia prostrata,Plantae,1944,United States,USA,7,terrestrial,"introduced (alien, exotic, non-native, nonindigenous); introduced",TRUE,USRIIS; FirstRecords; GRIIS
Ruellia simplex C. Wright; Ruellia simplex C.Wright,Ruellia simplex,Plantae,1976,Australia,AUS,14,terrestrial,"introduced (alien, exotic, non-native, nonindigenous); introduced",TRUE,"GBIF, SINAS; USRIIS; FirstRecords; GRIIS; B.Shrestha_NPL_2026"
Ruellia tuberosa L.,Ruellia tuberosa,Plantae,1899,Indonesia,IDN,15,terrestrial,introduced,TRUE,FirstRecords; GRIIS
Rumex abyssinicus Jacq.,Rumex abyssinicus,Plantae,NA,NA,NA,2,terrestrial,introduced,TRUE,FirstRecords; GRIIS
Rumex acetosa L.,Rumex acetosa,Plantae,1500,Bulgaria,BGR,7,terrestrial,"introduced (alien, exotic, non-native, nonindigenous); introduced",TRUE,DAISIE; USRIIS; FirstRecords; GRIIS
Rumex acetosella L.,Rumex acetosella,Plantae,1770,Australia,AUS,23,terrestrial,"introduced (alien, exotic, non-native, nonindigenous); introduced",TRUE,SINAS; USRIIS; FirstRecords; GRIIS
Rumex acetosella subsp. angiocarpus (Murb.) Murb.,Rumex acetosella angiocarpus,Plantae,NA,NA,NA,2,terrestrial,introduced,TRUE,FirstRecords; GRIIS
Rumex alpinus L.,Rumex alpinus,Plantae,1819,Czech Republic,CZE,8,terrestrial,"introduced (alien, exotic, non-native, nonindigenous); introduced",TRUE,USRIIS; TrIAS; FirstRecords; GRIIS; Artsdatabanken
Rumex confertus Willd.,Rumex confertus,Plantae,1500,Bulgaria,BGR,15,freshwater; terrestrial,"introduced (alien, exotic, non-native, nonindigenous); introduced",TRUE,DAISIE; USRIIS; TrIAS; FirstRecords; GRIIS; Artsdatabanken; InstytutOchronyPrzyrody
Rumex conglomeratus Murray,Rumex conglomeratus,Plantae,1770,Australia,AUS,14,terrestrial,"introduced (alien, exotic, non-native, nonindigenous); introduced",TRUE,USRIIS; FirstRecords; GRIIS
Rumex crispus L.,Rumex crispus,Plantae,1770,Australia,AUS,31,freshwater; terrestrial,"introduced (alien, exotic, non-native, nonindigenous); introduced",TRUE,USRIIS; FirstRecords; GRIIS
Rumex japonicus Houtt.,Rumex japonicus,Plantae,NA,NA,NA,1,terrestrial,introduced,TRUE,FirstRecords; GRIIS
Rumex longifolius DC.,Rumex longifolius,Plantae,1500,Switzerland,CHE,14,brackish; freshwater; terrestrial,"introduced (alien, exotic, non-native, nonindigenous); introduced",TRUE,DAISIE; USRIIS; TrIAS; FirstRecords; GRIIS; InstytutOchronyPrzyrody
Rumex obtusifolius L.,Rumex obtusifolius,Plantae,1761,Sweden,SWE,17,freshwater; terrestrial,"introduced (alien, exotic, non-native, nonindigenous); introduced",TRUE,USRIIS; FirstRecords; GRIIS
Rumex patientia L.,Rumex patientia,Plantae,1500,Austria,AUT,19,freshwater; terrestrial,"introduced (alien, exotic, non-native, nonindigenous); introduced",TRUE,DAISIE; USRIIS; TrIAS; FirstRecords; GRIIS
Rumex paulsenianus Rech.fil.,Rumex paulsenianus,Plantae,NA,NA,NA,2,terrestrial,introduced,TRUE,FirstRecords; GRIIS
Rumex pseudonatronatus BorbAs; Rumex pseudonatronatus (Borbás) Borbás ex Murb.,Rumex pseudonatronatus,Plantae,2004,Canada,CAN,4,terrestrial,"introduced (alien, exotic, non-native, nonindigenous); introduced",TRUE,USRIIS; TrIAS; FirstRecords; GRIIS
Rumex pulcher L.,Rumex pulcher,Plantae,1500,Germany,DEU,12,freshwater; terrestrial,"introduced (alien, exotic, non-native, nonindigenous); introduced",TRUE,DAISIE; USRIIS; FirstRecords; GRIIS
Rumex sagittatus Thunb.,Rumex sagittatus,Plantae,1810,Australia,AUS,2,terrestrial,introduced,TRUE,FirstRecords; GRIIS
Rumex spinosus L.,Rumex spinosus,Plantae,1838,Brazil,BRA,8,terrestrial,introduced,TRUE,TrIAS; FirstRecords; GRIIS
Rumex stenophyllus Ledeb.,Rumex stenophyllus,Plantae,1500,Germany,DEU,12,freshwater; terrestrial,"introduced (alien, exotic, non-native, nonindigenous); introduced",TRUE,DAISIE; USRIIS; TrIAS; FirstRecords; GRIIS
Rumex thyrsiflorus Fingerh.,Rumex thyrsiflorus,Plantae,1917,Slovakia,SVK,11,terrestrial,"introduced (alien, exotic, non-native, nonindigenous); introduced",TRUE,USRIIS; TrIAS; FirstRecords; GRIIS; InstytutOchronyPrzyrody
Rumex usambarensis (Engl. ex Dammer) Dammer,Rumex usambarensis,Plantae,1985,South Africa,ZAF,1,terrestrial,introduced,TRUE,FirstRecords; GRIIS
"Rumina decollata (Linnaeus, 1758)",Rumina decollata,Animalia,1988,Argentina; Japan,ARG; JPN,8,terrestrial,"introduced (alien, exotic, non-native, nonindigenous); introduced",TRUE,USRIIS; FirstRecords; GRIIS
"Rusa timorensis (Blainville, 1822)",Rusa timorensis,Animalia,-4000,Indonesia,IDN,5,terrestrial,introduced,TRUE,FirstRecords; GRIIS
"Rusa unicolor (Kerr, 1792)",Rusa unicolor,Animalia,1853,Japan,JPN,6,terrestrial,"introduced (alien, exotic, non-native, nonindigenous); introduced",TRUE,SINAS; USRIIS; FirstRecords; GRIIS
Russelia equisetiformis Schltdl. and Cham.; Russelia equisetiformis Schltdl. & Cham.,Russelia equisetiformis,Plantae,1843,Australia,AUS,19,terrestrial,"introduced (alien, exotic, non-native, nonindigenous); introduced",TRUE,USRIIS; FirstRecords; GRIIS
Ruta chalepensis L.,Ruta chalepensis,Plantae,1911,Chile,CHL,10,terrestrial,"introduced (alien, exotic, non-native, nonindigenous); introduced",TRUE,USRIIS; FirstRecords; GRIIS
Ruthalicia eglandulosa (Hook.fil.) C.Jeffrey,Ruthalicia eglandulosa,Plantae,NA,NA,NA,1,terrestrial,introduced,TRUE,FirstRecords; GRIIS
"Rutilus rutilus (Linnaeus, 1758)",Rutilus rutilus,Animalia,1865,Australia,AUS,10,brackish; freshwater,introduced,TRUE,FirstRecords; GRIIS; Artsdatabanken
Rytidosperma pilosum (R. Br.) Connor and Edgar; Rytidosperma pilosum (R.Br.) Connor & Edgar,Rytidosperma pilosum,Plantae,NA,NA,NA,2,terrestrial,"introduced (alien, exotic, non-native, nonindigenous); introduced",TRUE,USRIIS; FirstRecords; GRIIS
Saccharum formosanum (Stapf) Ohwi,Saccharum formosanum,Plantae,NA,NA,NA,1,terrestrial,introduced,TRUE,FirstRecords; GRIIS
Saccharum ravennae Bleb.,Saccharum ravennae,Plantae,1940,Romania,ROU,1,terrestrial,introduced,TRUE,FirstRecords; GRIIS
Saccharum spontaneum L.,Saccharum spontaneum,Plantae,1937,United States,USA,22,terrestrial,"introduced (alien, exotic, non-native, nonindigenous); introduced",TRUE,USRIIS; FirstRecords; GRIIS
Sacciolepis indica (L.) Chase,Sacciolepis indica,Plantae,1908,United States,USA,22,terrestrial,"introduced (alien, exotic, non-native, nonindigenous); introduced",TRUE,USRIIS; FirstRecords; GRIIS
Sagina procumbens L.,Sagina procumbens,Plantae,1770,Australia,AUS,13,terrestrial,"introduced (alien, exotic, non-native, nonindigenous); introduced",TRUE,USRIIS; FirstRecords; GRIIS
"Sagina subulata (Sw.) C. Presl; Sagina subulata Torr. & A.Gray, 1838",Sagina subulata,Plantae,NA,NA,NA,2,terrestrial,"introduced (alien, exotic, non-native, nonindigenous); introduced",TRUE,USRIIS; GRIIS
Sagittaria graminea subsp. weatherbiana (Fernald) R.R.Haynes & Hellq.,Sagittaria graminea weatherbiana,Plantae,NA,NA,NA,1,freshwater,introduced,TRUE,FirstRecords; GRIIS
Sagittaria latifolia Willd.,Sagittaria latifolia,Plantae,1500,Bulgaria,BGR,21,freshwater; terrestrial,"introduced (alien, exotic, non-native, nonindigenous); introduced",TRUE,DAISIE; USRIIS; TrIAS; FirstRecords; GRIIS
Sagittaria platyphylla (Engelm.) J.G. Sm.; Sagittaria platyphylla (Engelm.) J.G.Sm.,Sagittaria platyphylla,Plantae,1500,Italy,ITA,6,freshwater,"introduced (alien, exotic, non-native, nonindigenous); introduced",TRUE,DAISIE; USRIIS; FirstRecords; GRIIS
Sagittaria sagittifolia L.,Sagittaria sagittifolia,Plantae,1947,Australia,AUS,4,brackish; freshwater,introduced,TRUE,FirstRecords; GRIIS
"Sagra femorata (Drury, 1773)",Sagra femorata,Animalia,2009,Japan,JPN,1,terrestrial,introduced,TRUE,FirstRecords; GRIIS
"Saimiri sciureus (Linnaeus, 1758)",Saimiri sciureus,Animalia,NA,NA,NA,2,terrestrial,introduced,TRUE,FirstRecords; GRIIS
"Saissetia neglecta De Lotto, 1969",Saissetia neglecta,Animalia,1921,United States,USA,2,terrestrial,"introduced (alien, exotic, non-native, nonindigenous); introduced",TRUE,USRIIS; GRIIS
Salix acutifolia x S.daphnoides,Salix acutifolia x S.daphnoides,Plantae,NA,NA,NA,1,terrestrial,introduced,TRUE,GRIIS
Salix alba L.; Salix alba,Salix alba,Plantae,1832,Australia,AUS,14,brackish; freshwater; terrestrial,"introduced (alien, exotic, non-native, nonindigenous); introduced: assisted colonization; introduced",TRUE,USRIIS; GRIIS; GRIIS; FirstRecords; M.McGeoch_AUS_2025
Salix alba x matsudana,Salix alba x matsudana,Plantae,1832,Australia,AUS,1,terrestrial,introduced,TRUE,GRIIS; M.McGeoch_AUS_2025
Salix babylonica L.,Salix babylonica,Plantae,1500,Italy,ITA,28,terrestrial,"introduced (alien, exotic, non-native, nonindigenous); introduced",TRUE,DAISIE; USRIIS; TrIAS; FirstRecords; GRIIS; Artsdatabanken
Salix caprea L.,Salix caprea,Plantae,1876,United States,USA,6,terrestrial,"introduced (alien, exotic, non-native, nonindigenous); introduced",TRUE,USRIIS; FirstRecords; GRIIS
Salix cinerea L.,Salix cinerea,Plantae,1907,Australia,AUS,5,terrestrial,"introduced (alien, exotic, non-native, nonindigenous); introduced",TRUE,USRIIS; FirstRecords; GRIIS
Salix daphnoides var. daphnoides,Salix daphnoides daphnoides,Plantae,1989,Norway,NOR,1,terrestrial,introduced,TRUE,FirstRecords; GRIIS; Artsdatabanken
Salix daphnoides var. pomeranica (Willd. ex Link) W.D.J.Koch,Salix daphnoides pomeranica,Plantae,NA,NA,NA,1,terrestrial,introduced,TRUE,FirstRecords; GRIIS; Artsdatabanken
Salix discolor Muhl.,Salix discolor,Plantae,NA,NA,NA,1,terrestrial,introduced,TRUE,FirstRecords; GRIIS
Salix fragilis L.,Salix fragilis,Plantae,1500,United Kingdom,GBR,14,terrestrial,introduced,TRUE,DAISIE; FirstRecords; GRIIS; Artsdatabanken
Salix geyeriana Andersson,Salix geyeriana,Plantae,NA,NA,NA,1,terrestrial,introduced,TRUE,GRIIS
Salix humboldtiana Willd.,Salix humboldtiana,Plantae,1969,Australia,AUS,1,terrestrial,introduced,TRUE,FirstRecords; GRIIS
Salix matsudana Koidz.,Salix matsudana,Plantae,1964,New Zealand,NZL,4,terrestrial,introduced,TRUE,SINAS; FirstRecords; GRIIS
Salix matsudana x alba,Salix matsudana x alba,Plantae,1832,Australia,AUS,1,terrestrial,introduced,TRUE,GRIIS; M.McGeoch_AUS_2025
Salix × mollissima Hoffm.,Salix mollissima,Plantae,1500,United Kingdom,GBR,3,terrestrial,introduced,TRUE,DAISIE; FirstRecords; GRIIS; Artsdatabanken
Salix myricoides Muhl.,Salix myricoides,Plantae,2004,Australia,AUS,1,terrestrial,introduced,TRUE,FirstRecords; GRIIS
Salix nigra Marshall,Salix nigra,Plantae,1896,Australia,AUS,2,terrestrial,introduced,TRUE,TrIAS; FirstRecords; GRIIS
Salix × pendulina Wender.,Salix pendulina,Plantae,1500,United Kingdom,GBR,7,terrestrial,introduced,TRUE,DAISIE; FirstRecords; GRIIS
Salix pentandra L.,Salix pentandra,Plantae,1933,Canada,CAN,4,terrestrial,"introduced (alien, exotic, non-native, nonindigenous); introduced",TRUE,USRIIS; TrIAS; FirstRecords; GRIIS
Salix purpurea L.,Salix purpurea,Plantae,1706,Sweden,SWE,9,brackish; freshwater; terrestrial,"introduced (alien, exotic, non-native, nonindigenous); introduced: assisted colonization; introduced",TRUE,USRIIS; FirstRecords; GRIIS; Artsdatabanken
Salix × rubens Schrank,Salix rubens,Plantae,1500,United Kingdom,GBR,5,terrestrial,introduced,TRUE,DAISIE; FirstRecords; GRIIS
Salix × sepulcralis Simonk.,Salix sepulcralis,Plantae,NA,NA,NA,3,terrestrial,introduced,TRUE,FirstRecords; GRIIS
Salix triandra L.,Salix triandra,Plantae,1500,United Kingdom,GBR,4,terrestrial,introduced,TRUE,DAISIE; FirstRecords; GRIIS
Salix viminalis L.,Salix viminalis,Plantae,1500,United Kingdom,GBR,12,terrestrial,"introduced (alien, exotic, non-native, nonindigenous); introduced",TRUE,DAISIE; USRIIS; FirstRecords; GRIIS; Artsdatabanken
Salix x fragilis L.,Salix x fragilis,Plantae,1834,United States,USA,1,brackish; freshwater; terrestrial,"introduced (alien, exotic, non-native, nonindigenous); introduced: assisted colonization",TRUE,USRIIS
"Salmo salar Linnaeus, 1758",Salmo salar,Animalia,1867,Australia,AUS,15,freshwater,introduced,TRUE,FirstRecords; GRIIS
"Salmo trutta Linnaeus, 1758",Salmo trutta,Animalia,1863,India,IND,37,brackish; freshwater; marine,introduced: assisted colonization; introduced,TRUE,USRIIS; FirstRecords; GRIIS
Salmonopuntia schickendantzii (F.A.C.Weber) Font & M.Köhler,Salmonopuntia schickendantzii,Plantae,1993,Australia,AUS,1,terrestrial,introduced,TRUE,FirstRecords; GRIIS
Salpichroa origanifolia (Lam.) Thell.; Salpichroa origanifolia (Lam.) Baill.,Salpichroa origanifolia,Plantae,1500,United Kingdom,GBR,13,terrestrial,"introduced (alien, exotic, non-native, nonindigenous); introduced",TRUE,DAISIE; USRIIS; FirstRecords; GRIIS
Salsola collina Pall.,Salsola collina,Plantae,1500,Czechia,CZE,10,freshwater; terrestrial,introduced,TRUE,DAISIE; FirstRecords; GRIIS
Salsola kali L.,Salsola kali,Plantae,1500,Germany,DEU,12,terrestrial,introduced,TRUE,DAISIE; FirstRecords; GRIIS; InstytutOchronyPrzyrody
"Salsola soda L.; Salsola soda Weinm., 1822",Salsola soda,Plantae,NA,NA,NA,3,terrestrial,"introduced (alien, exotic, non-native, nonindigenous); introduced",TRUE,USRIIS; FirstRecords; GRIIS
Salsola tragus L.,Salsola tragus,Plantae,1650,Poland,POL,15,freshwater; terrestrial,"introduced (alien, exotic, non-native, nonindigenous); introduced",TRUE,SINAS; USRIIS; FirstRecords; GRIIS
"Salvator merianae Duméril and Bibron, 1839; Salvator merianae Duméril & Bibron, 1839",Salvator merianae,Animalia,2002,United States,USA,3,brackish; freshwater; terrestrial,"introduced (alien, exotic, non-native, nonindigenous); introduced",TRUE,USRIIS; FirstRecords; GRIIS
"Salvelinus fontinalis (Mitchill, 1814)",Salvelinus fontinalis,Animalia,1850,Norway,NOR,46,brackish; freshwater; marine,"introduced (alien, exotic, non-native, nonindigenous); introduced",TRUE,SINAS; USRIIS; TrIAS; FirstRecords; GRIIS; Artsdatabanken
"Salvelinus namaycush (Walbaum, 1792)",Salvelinus namaycush,Animalia,1870,United Kingdom,GBR,17,freshwater,introduced,TRUE,FirstRecords; GRIIS; Artsdatabanken
Salvia aethiopis L.,Salvia aethiopis,Plantae,1500,Germany,DEU,9,terrestrial,"introduced (alien, exotic, non-native, nonindigenous); introduced",TRUE,DAISIE; USRIIS; TrIAS; FirstRecords; GRIIS
Salvia coccinea Buc'hoz ex Etl.,Salvia coccinea,Plantae,1868,Australia,AUS,26,terrestrial,"introduced (alien, exotic, non-native, nonindigenous); introduced",TRUE,USRIIS; FirstRecords; GRIIS
Salvia glutinosa L.,Salvia glutinosa,Plantae,1500,United Kingdom,GBR,5,terrestrial,"introduced (alien, exotic, non-native, nonindigenous); introduced",TRUE,DAISIE; USRIIS; TrIAS; FirstRecords; GRIIS
Salvia misella Kunth,Salvia misella,Plantae,1912,Indonesia,IDN,4,terrestrial,introduced,TRUE,SINAS; FirstRecords; GRIIS
Salvia modesta Boiss.,Salvia modesta,Plantae,NA,NA,NA,1,terrestrial,introduced,TRUE,FirstRecords; GRIIS
Salvia occidentalis Sw.,Salvia occidentalis,Plantae,1835,United States,USA,11,terrestrial,"introduced (alien, exotic, non-native, nonindigenous); introduced",TRUE,USRIIS; FirstRecords; GRIIS
Salvia pratensis L.,Salvia pratensis,Plantae,1699,United Kingdom,GBR,8,freshwater; terrestrial,"introduced (alien, exotic, non-native, nonindigenous); introduced",TRUE,SINAS; USRIIS; FirstRecords; GRIIS
Salvia reflexa Hornem.,Salvia reflexa,Plantae,1800,Austria,AUT,18,terrestrial,introduced,TRUE,DAISIE; TrIAS; FirstRecords; GRIIS
Salvia sclarea L.,Salvia sclarea,Plantae,1500,United Kingdom,GBR,15,terrestrial,"introduced (alien, exotic, non-native, nonindigenous); introduced",TRUE,DAISIE; USRIIS; TrIAS; FirstRecords; GRIIS
Salvia tiliifolia Vahl,Salvia tiliifolia,Plantae,1943,South Africa,ZAF,5,terrestrial,"introduced (alien, exotic, non-native, nonindigenous); introduced",TRUE,USRIIS; FirstRecords; GRIIS
Salvia verbenaca L.,Salvia verbenaca,Plantae,1500,Switzerland,CHE,13,terrestrial,"introduced (alien, exotic, non-native, nonindigenous); introduced",TRUE,DAISIE; USRIIS; TrIAS; FirstRecords; GRIIS
Salvinia auriculata Aubl.,Salvinia auriculata,Plantae,1961,Chile,CHL,5,freshwater,introduced,TRUE,TrIAS; FirstRecords; GRIIS
Salvinia cucullata Roxb. ex Bory,Salvinia cucullata,Plantae,1952,Australia,AUS,3,freshwater; terrestrial,introduced,TRUE,FirstRecords; GRIIS; M.McGeoch_AUS_2025
Salvinia minima Baker,Salvinia minima,Plantae,1928,United States,USA,4,freshwater,"introduced (alien, exotic, non-native, nonindigenous); introduced",TRUE,USRIIS; FirstRecords; GRIIS
Salvinia molesta D.S. Mitch.; Salvinia × molesta D.S.Mitch.,Salvinia molesta,Plantae,1500,Italy,ITA,47,freshwater; terrestrial,"introduced (alien, exotic, non-native, nonindigenous); introduced",TRUE,DAISIE; USRIIS; FirstRecords; GRIIS
Salvinia natans (L.) All.,Salvinia natans,Plantae,1835,Belgium,BEL,9,freshwater; terrestrial,introduced,TRUE,TrIAS; FirstRecords; GRIIS
Salvinia nymphellula Desv.,Salvinia nymphellula,Plantae,NA,NA,NA,2,freshwater,introduced,TRUE,FirstRecords; GRIIS
Samanea saman (Jacq.) Merr.,Samanea saman,Plantae,1815,Philippines,PHL,71,terrestrial,"introduced (alien, exotic, non-native, nonindigenous); introduced",TRUE,USRIIS; FirstRecords; GRIIS; GRIIS ; J.Ganglo_BEN_2026
Sambucus canadensis L.,Sambucus canadensis,Plantae,1500,United Kingdom,GBR,14,terrestrial,"introduced (alien, exotic, non-native, nonindigenous); introduced",TRUE,DAISIE; USRIIS; TrIAS; FirstRecords; GRIIS
Sambucus ebulus L.,Sambucus ebulus,Plantae,1500,Czechia,CZE,10,freshwater; terrestrial,"introduced (alien, exotic, non-native, nonindigenous); introduced",TRUE,DAISIE; USRIIS; FirstRecords; GRIIS; Artsdatabanken
Sambucus mexicana C.Presl ex DC.,Sambucus mexicana,Plantae,NA,NA,NA,7,terrestrial,introduced,TRUE,FirstRecords; GRIIS
Sambucus nigra L.,Sambucus nigra,Plantae,1694,Norway,NOR,30,freshwater; terrestrial,introduced,TRUE,SINAS; FirstRecords; GRIIS
Sambucus racemosa L.,Sambucus racemosa,Plantae,1500,United Kingdom,GBR,9,freshwater; terrestrial,introduced,TRUE,DAISIE; FirstRecords; GRIIS; Artsdatabanken
Sanchezia parvibracteata Sprague and Hutch.; Sanchezia parvibracteata Sprague & Hutch.,Sanchezia parvibracteata,Plantae,1902,Indonesia,IDN,17,terrestrial,"introduced (alien, exotic, non-native, nonindigenous); introduced",TRUE,SINAS; USRIIS; FirstRecords; GRIIS
Sanchezia speciosa Leonard,Sanchezia speciosa,Plantae,1940,United States,USA,8,terrestrial,"introduced (alien, exotic, non-native, nonindigenous); introduced",TRUE,USRIIS; FirstRecords; GRIIS
"Sander lucioperca (Linnaeus, 1758)",Sander lucioperca,Animalia,1878,United Kingdom,GBR,21,brackish; freshwater,"introduced (alien, exotic, non-native, nonindigenous); introduced",TRUE,USRIIS; TrIAS; FirstRecords; GRIIS; Artsdatabanken
Sandoricum koetjape (Burm. f.) Merr.; Sandoricum koetjape (Burm.fil.) Merr.,Sandoricum koetjape,Plantae,1933,United States,USA,4,terrestrial,"introduced (alien, exotic, non-native, nonindigenous); introduced",TRUE,USRIIS; FirstRecords; GRIIS
Santalum album L.,Santalum album,Plantae,1898,Australia,AUS,3,terrestrial,"introduced (alien, exotic, non-native, nonindigenous); introduced",TRUE,SINAS; USRIIS; FirstRecords; GRIIS
Saponaria officinalis L.,Saponaria officinalis,Plantae,-5300,Czechia,CZE,25,freshwater; terrestrial,"introduced (alien, exotic, non-native, nonindigenous); introduced",TRUE,DAISIE; USRIIS; TrIAS; FirstRecords; GRIIS; Artsdatabanken
"Sarasinula plebeia (P. Fischer, 1868); Sarasinula plebeia (P.Fischer, 1868)",Sarasinula plebeia,Animalia,NA,NA,NA,4,terrestrial,"introduced (alien, exotic, non-native, nonindigenous); introduced",TRUE,USRIIS; FirstRecords; GRIIS
Sarcopoterium spinosum (L.) Spach,Sarcopoterium spinosum,Plantae,NA,NA,NA,2,terrestrial,introduced,TRUE,FirstRecords; GRIIS
"Sarotherodon melanotheron Ruppell, 1852; Sarotherodon melanotheron Rüppell, 1852",Sarotherodon melanotheron,Animalia,1959,United States,USA,4,brackish; freshwater; marine,"introduced (alien, exotic, non-native, nonindigenous); introduced",TRUE,USRIIS; FirstRecords; GRIIS
"Sarotherodon occidentalis (Daget, 1962)",Sarotherodon occidentalis,Animalia,NA,NA,NA,2,freshwater,introduced,TRUE,FirstRecords; GRIIS
Sarracenia purpurea L.,Sarracenia purpurea,Plantae,1500,Switzerland,CHE,10,terrestrial,introduced,TRUE,DAISIE; TrIAS; FirstRecords; GRIIS
Sasa palmata (hort. ex Burb.) E.G. Camus; Sasa palmata (Burb.) E.G.Camus,Sasa palmata,Plantae,1500,United Kingdom,GBR,7,terrestrial,"introduced (alien, exotic, non-native, nonindigenous); introduced",TRUE,DAISIE; USRIIS; TrIAS; FirstRecords; GRIIS
Sasaella ramosa (Makino) Makino,Sasaella ramosa,Plantae,1983,United Kingdom,GBR,4,terrestrial,introduced,TRUE,TrIAS; FirstRecords; GRIIS
Saxifraga ×geum L.; Saxifraga × geum L.,Saxifraga geum,Plantae,1500,Czechia,CZE,8,terrestrial,introduced,TRUE,DAISIE; TrIAS; FirstRecords; GRIIS; Artsdatabanken
Scaevola plumieri (L.) Vahl,Scaevola plumieri,Plantae,NA,NA,NA,2,terrestrial,introduced,TRUE,FirstRecords; GRIIS
Scaevola taccada (Gaertn.) Roxb.,Scaevola taccada,Plantae,NA,NA,NA,17,terrestrial,introduced,TRUE,FirstRecords; GRIIS
Scandosorbus ×intermedia (Ehrh.) Sennikov; Scandosorbus × intermedia (Ehrh.) Sennikov,Scandosorbus intermedia,Plantae,1700,Norway,NOR,7,terrestrial,introduced,TRUE,SINAS; TrIAS; FirstRecords; GRIIS; InstytutOchronyPrzyrody
"Scaptodrosophila latifasciaeformis (Duda, 1940)",Scaptodrosophila latifasciaeformis,Animalia,NA,NA,NA,2,terrestrial,introduced,TRUE,FirstRecords; GRIIS
"Scardinius erythrophthalmus (Linnaeus, 1758)",Scardinius erythrophthalmus,Animalia,1601,Ireland,IRL,12,brackish; freshwater; marine,"introduced (alien, exotic, non-native, nonindigenous); introduced",TRUE,DAISIE; USRIIS; FirstRecords; GRIIS; Artsdatabanken
"Sceliphron caementarium (Drury, 1773)",Sceliphron caementarium,Animalia,1945,France; Japan,FRA; JPN,10,terrestrial,"introduced (alien, exotic, non-native, nonindigenous); introduced",TRUE,USRIIS; TrIAS; FirstRecords; GRIIS
"Schefflera arboricola (Hayata) Merr.; Schefflera arboricola Hayata, 1916",Schefflera arboricola,Plantae,1983,Australia,AUS,10,terrestrial,"introduced (alien, exotic, non-native, nonindigenous); introduced",TRUE,USRIIS; FirstRecords; GRIIS
Schinus molle L.,Schinus molle,Plantae,1500,Italy,ITA,24,terrestrial,"introduced (alien, exotic, non-native, nonindigenous); introduced",TRUE,DAISIE; USRIIS; FirstRecords; GRIIS
Schinus terebinthifolia Raddi,Schinus terebinthifolia,Plantae,1500,Malta,MLT,29,terrestrial,"introduced (alien, exotic, non-native, nonindigenous); introduced",TRUE,DAISIE; USRIIS; FirstRecords; GRIIS
Schismus arabicus Nees,Schismus arabicus,Plantae,1927,Chile,CHL,6,terrestrial,"introduced (alien, exotic, non-native, nonindigenous); introduced",TRUE,USRIIS; FirstRecords; GRIIS
Schismus barbatus (L.) Thell.,Schismus barbatus,Plantae,1891,Australia,AUS,7,terrestrial,"introduced (alien, exotic, non-native, nonindigenous); introduced",TRUE,USRIIS; TrIAS; FirstRecords; GRIIS
Schizachyrium condensatum (Kunth) Nees,Schizachyrium condensatum,Plantae,1961,United States,USA,2,terrestrial,"introduced (alien, exotic, non-native, nonindigenous); introduced",TRUE,USRIIS; FirstRecords; GRIIS
"Schizaphis rotundiventris (Signoret, 1860)",Schizaphis rotundiventris,Animalia,1939,United States,USA,1,terrestrial,"introduced (alien, exotic, non-native, nonindigenous)",TRUE,USRIIS
Schizolobium parahyba (Vell.) S.F.Blake,Schizolobium parahyba,Plantae,1965,Zimbabwe,ZWE,7,terrestrial,introduced,TRUE,FirstRecords; GRIIS
Schkuhria pinnata (Lam.) Kuntze,Schkuhria pinnata,Plantae,1895,Chile,CHL,10,terrestrial,introduced,TRUE,SINAS; TrIAS; FirstRecords; GRIIS
Schoenoplectiella mucronata (L.) J.Jung and H.K.Choi; Schoenoplectiella mucronata (L.) J.Jung & H.K.Choi,Schoenoplectiella mucronata,Plantae,NA,NA,NA,3,freshwater; terrestrial,"introduced (alien, exotic, non-native, nonindigenous); introduced",TRUE,USRIIS; FirstRecords; GRIIS
Schoenoplectus californicus (C.A. Mey.) SojAk; Schoenoplectus californicus (C.A.Mey.) Soják,Schoenoplectus californicus,Plantae,1912,United States,USA,3,freshwater; terrestrial,"introduced (alien, exotic, non-native, nonindigenous); introduced",TRUE,USRIIS; FirstRecords; GRIIS
Schoenoplectus triqueter (L.) Palla,Schoenoplectus triqueter,Plantae,NA,NA,NA,2,freshwater; terrestrial,"introduced (alien, exotic, non-native, nonindigenous); introduced",TRUE,USRIIS; FirstRecords; GRIIS
"Schyzocotyle acheilognathi (Yamaguti, 1934); Schyzocotyle acheilognathi (Yamaguti, 1934) Brabec, Waeschenbach, Scholz, Littlewood & Kuchta, 2015",Schyzocotyle acheilognathi,Animalia,1965,Norway,NOR,3,freshwater,"introduced (alien, exotic, non-native, nonindigenous); introduced",TRUE,SINAS; USRIIS; GRIIS
Scilla siberica Haw.; Scilla siberica Andrews,Scilla siberica,Plantae,1500,Germany,DEU,18,terrestrial,"introduced (alien, exotic, non-native, nonindigenous); introduced",TRUE,DAISIE; USRIIS; TrIAS; FirstRecords; GRIIS; Artsdatabanken
"Scinax ruber (Laurenti, 1768)",Scinax ruber,Animalia,1891,Saint Lucia,LCA,1,freshwater; terrestrial,introduced,TRUE,FirstRecords; GRIIS
"Scirtothrips longipennis (Bagnall, 1909)",Scirtothrips longipennis,Animalia,NA,NA,NA,2,terrestrial,introduced,TRUE,TrIAS; FirstRecords; GRIIS
"Sciurus carolinensis Gmelin, 1788",Sciurus carolinensis,Animalia,1831,Norway,NOR,9,terrestrial,introduced,TRUE,SINAS; FirstRecords; GRIIS
"Sciurus granatensis Humboldt, 1811",Sciurus granatensis,Animalia,1940,Cuba,CUB,1,terrestrial,introduced,TRUE,FirstRecords; GRIIS
"Sciurus niger Linnaeus, 1758",Sciurus niger,Animalia,NA,NA,NA,1,terrestrial,introduced,TRUE,GRIIS
Scleranthus annuus L.,Scleranthus annuus,Plantae,-5300,Czechia,CZE,20,terrestrial,"introduced (alien, exotic, non-native, nonindigenous); introduced",TRUE,DAISIE; USRIIS; FirstRecords; GRIIS; InstytutOchronyPrzyrody
Scleria lacustris C. Wright; Scleria lacustris C.Wright,Scleria lacustris,Plantae,NA,NA,NA,2,freshwater; terrestrial,"introduced (alien, exotic, non-native, nonindigenous); introduced",TRUE,USRIIS; FirstRecords; GRIIS
Scolymus hispanicus L.,Scolymus hispanicus,Plantae,1700,Austria,AUT,7,terrestrial,"introduced (alien, exotic, non-native, nonindigenous); introduced",TRUE,DAISIE; USRIIS; TrIAS; FirstRecords; GRIIS
"Scolytus multistriatus (Marsham, 1802); Scolytus multistriatus (T.Marsham, 1802)",Scolytus multistriatus,Animalia,1909,United States,USA,3,terrestrial,"introduced (alien, exotic, non-native, nonindigenous); introduced",TRUE,USRIIS; FirstRecords; GRIIS
"Scolytus multistriatus multistriatus (Marsham, 1802)",Scolytus multistriatus multistriatus,Animalia,NA,NA,NA,1,terrestrial,introduced,TRUE,GRIIS
Scoparia dulcis L.,Scoparia dulcis,Plantae,NA,NA,NA,26,terrestrial,introduced,TRUE,GRIIS; FirstRecords
Scopolia carniolica Jacq.,Scopolia carniolica,Plantae,1800,Norway,NOR,8,terrestrial,introduced,TRUE,SINAS; FirstRecords; GRIIS; Artsdatabanken
Scorzonera laciniata L.,Scorzonera laciniata,Plantae,NA,NA,NA,2,terrestrial,"introduced (alien, exotic, non-native, nonindigenous); introduced",TRUE,USRIIS; FirstRecords; GRIIS
Scorzoneroides autumnalis (L.) Moench,Scorzoneroides autumnalis,Plantae,NA,NA,NA,1,terrestrial,introduced,TRUE,FirstRecords; GRIIS
Scurrula parasitica L.,Scurrula parasitica,Plantae,NA,NA,NA,1,terrestrial,introduced,TRUE,FirstRecords; GRIIS
Scurrula pulverulenta (Wall.) G.Don,Scurrula pulverulenta,Plantae,NA,NA,NA,1,terrestrial,introduced,TRUE,FirstRecords; GRIIS
"Scutellonema bradys (Steiner and LeHew, 1933)",Scutellonema bradys,Animalia,1982,United States,USA,1,terrestrial,"introduced (alien, exotic, non-native, nonindigenous)",TRUE,USRIIS
"Scyphophorus acupunctatus Gyllenhal, 1838",Scyphophorus acupunctatus,Animalia,2007,France,FRA,10,terrestrial,"introduced (alien, exotic, non-native, nonindigenous); introduced",TRUE,USRIIS; FirstRecords; GRIIS
Secale cereale L.,Secale cereale,Plantae,-2200,Czechia,CZE,32,freshwater; terrestrial,"introduced (alien, exotic, non-native, nonindigenous); introduced",TRUE,DAISIE; USRIIS; TrIAS; FirstRecords; GRIIS
Sechium edule (Jacq.) Sw.,Sechium edule,Plantae,1500,Italy,ITA,17,freshwater; terrestrial,"introduced (alien, exotic, non-native, nonindigenous); introduced",TRUE,DAISIE; USRIIS; FirstRecords; GRIIS
Sedum acre L.,Sedum acre,Plantae,1886,Canada,CAN,7,terrestrial,"introduced (alien, exotic, non-native, nonindigenous); introduced",TRUE,USRIIS; FirstRecords; GRIIS
Sedum album L.,Sedum album,Plantae,1500,United Kingdom,GBR,11,terrestrial,"introduced (alien, exotic, non-native, nonindigenous); introduced",TRUE,DAISIE; USRIIS; FirstRecords; GRIIS; InstytutOchronyPrzyrody
Sedum praealtum DC.; Sedum praealtum A.DC.,Sedum praealtum,Plantae,1500,Italy,ITA,7,terrestrial,"introduced (alien, exotic, non-native, nonindigenous); introduced",TRUE,DAISIE; USRIIS; FirstRecords; GRIIS
Sedum sarmentosum Bunge,Sedum sarmentosum,Plantae,1500,Czechia,CZE,16,terrestrial,"introduced (alien, exotic, non-native, nonindigenous); introduced",TRUE,DAISIE; USRIIS; TrIAS; FirstRecords; GRIIS
Sedum sexangulare L.,Sedum sexangulare,Plantae,1500,United Kingdom,GBR,10,terrestrial,"introduced (alien, exotic, non-native, nonindigenous); introduced",TRUE,DAISIE; USRIIS; FirstRecords; GRIIS; Artsdatabanken
"Sedum spurium Sibth. ex Nyman, 1879",Sedum spurium,Plantae,1500,Switzerland,CHE,18,freshwater; terrestrial,introduced,TRUE,DAISIE; GRIIS; FirstRecords; InstytutOchronyPrzyrody
Selaginella kraussiana (Kunze) A. Braun; Selaginella kraussiana (Kunze) A.Braun,Selaginella kraussiana,Plantae,1500,United Kingdom,GBR,12,freshwater; terrestrial,"introduced (alien, exotic, non-native, nonindigenous); introduced",TRUE,DAISIE; USRIIS; TrIAS; FirstRecords; GRIIS
Selaginella plana (Desv. ex Poir.) Hieron.,Selaginella plana,Plantae,NA,NA,NA,6,freshwater; terrestrial,introduced,TRUE,FirstRecords; GRIIS
Selaginella uncinata (Desv. ex Poir.) Spring,Selaginella uncinata,Plantae,1912,Japan,JPN,2,freshwater; terrestrial,"introduced (alien, exotic, non-native, nonindigenous); introduced",TRUE,USRIIS; FirstRecords; GRIIS
Selaginella willdenowii (Desv. ex Poir.) Baker; Selaginella willdenowii (Desv.) Baker,Selaginella willdenowii,Plantae,1938,Australia,AUS,3,terrestrial,"introduced (alien, exotic, non-native, nonindigenous); introduced",TRUE,USRIIS; FirstRecords; GRIIS
Selenicereus grandiflorus (L.) Britton and Rose; Selenicereus grandiflorus (L.) Britton & Rose,Selenicereus grandiflorus,Plantae,NA,NA,NA,3,terrestrial,"introduced (alien, exotic, non-native, nonindigenous); introduced",TRUE,USRIIS; FirstRecords; GRIIS
Selenicereus pteranthus (Link ex A. Dietr.) Britton and Rose; Selenicereus pteranthus (Link & Otto) Britton & Rose,Selenicereus pteranthus,Plantae,1860,Australia,AUS,3,terrestrial,"introduced (alien, exotic, non-native, nonindigenous); introduced",TRUE,USRIIS; FirstRecords; GRIIS
Selenicereus undatus (Haw.) D.R.Hunt,Selenicereus undatus,Plantae,1967,Australia,AUS,16,terrestrial,introduced,TRUE,FirstRecords; GRIIS
Sempervivum tectorum L.,Sempervivum tectorum,Plantae,1500,United Kingdom,GBR,13,freshwater; terrestrial,"introduced (alien, exotic, non-native, nonindigenous); introduced",TRUE,DAISIE; USRIIS; TrIAS; FirstRecords; GRIIS; Artsdatabanken
Senecio angulatus L.fil.,Senecio angulatus,Plantae,1500,Italy,ITA,10,terrestrial,introduced,TRUE,DAISIE; FirstRecords; GRIIS
Senecio brasiliensis (Spreng.) Less.,Senecio brasiliensis,Plantae,NA,NA,NA,2,terrestrial,"introduced (alien, exotic, non-native, nonindigenous); introduced",TRUE,USRIIS; FirstRecords; GRIIS
Senecio elegans L.,Senecio elegans,Plantae,1892,Australia,AUS,3,terrestrial,"introduced (alien, exotic, non-native, nonindigenous); introduced",TRUE,SINAS; USRIIS; FirstRecords; GRIIS
Senecio glastifolius L.fil.,Senecio glastifolius,Plantae,1500,United Kingdom,GBR,3,terrestrial,introduced,TRUE,DAISIE; FirstRecords; GRIIS
Senecio inaequidens DC.,Senecio inaequidens,Plantae,1500,United Kingdom,GBR,30,terrestrial,introduced,TRUE,DAISIE; TrIAS; FirstRecords; GRIIS; Artsdatabanken; InstytutOchronyPrzyrody
Senecio jacobaea Loscos & Pardo,Senecio jacobaea,Plantae,1700,Sweden,SWE,3,terrestrial,introduced,TRUE,GRIIS; FirstRecords
Senecio madagascariensis Poir.,Senecio madagascariensis,Plantae,1891,Australia,AUS,10,terrestrial,"introduced (alien, exotic, non-native, nonindigenous); introduced",TRUE,USRIIS; FirstRecords; GRIIS
Senecio skirrhodon DC.,Senecio skirrhodon,Plantae,1914,New Zealand,NZL,1,terrestrial,introduced,TRUE,FirstRecords; GRIIS
Senecio squalidus L.,Senecio squalidus,Plantae,1500,United Kingdom,GBR,10,terrestrial,"introduced (alien, exotic, non-native, nonindigenous); introduced",TRUE,DAISIE; USRIIS; TrIAS; FirstRecords; GRIIS; Artsdatabanken
Senecio sylvaticus L.,Senecio sylvaticus,Plantae,1878,New Zealand,NZL,8,terrestrial,"introduced (alien, exotic, non-native, nonindigenous); introduced",TRUE,SINAS; USRIIS; FirstRecords; GRIIS
Senecio vernalis Waldst. & Kit.,Senecio vernalis,Plantae,1500,Bulgaria,BGR,21,freshwater; terrestrial,introduced,TRUE,DAISIE; TrIAS; FirstRecords; GRIIS; InstytutOchronyPrzyrody
Senecio viscosus L.,Senecio viscosus,Plantae,1500,United Kingdom,GBR,12,freshwater; terrestrial,"introduced (alien, exotic, non-native, nonindigenous); introduced",TRUE,DAISIE; USRIIS; FirstRecords; GRIIS; Artsdatabanken
Senecio vulgaris L.,Senecio vulgaris,Plantae,1500,Poland,POL,31,terrestrial,"introduced (alien, exotic, non-native, nonindigenous); introduced",TRUE,USRIIS; FirstRecords; GRIIS; InstytutOchronyPrzyrody
Senegalia polyacantha (Willd.) Seigler & Ebinger,Senegalia polyacantha,Plantae,NA,NA,NA,2,terrestrial,introduced,TRUE,FirstRecords; GRIIS
Senegalia rugata (Lam.) Britton & Rose,Senegalia rugata,Plantae,1972,Australia,AUS,7,terrestrial,introduced,TRUE,FirstRecords; GRIIS
Senna alata (L.) Roxb.,Senna alata,Plantae,1753,Indonesia,IDN,57,terrestrial,"introduced (alien, exotic, non-native, nonindigenous); introduced",TRUE,SINAS; USRIIS; FirstRecords; GRIIS; GRIIS ; J.Ganglo_BEN_2026; B.Shrestha_NPL_2026
Senna bicapsularis (L.) Roxb.,Senna bicapsularis,Plantae,1845,Australia,AUS,13,terrestrial,"introduced (alien, exotic, non-native, nonindigenous); introduced",TRUE,USRIIS; FirstRecords; GRIIS
Senna corymbosa (Lam.) H.S. Irwin and Barneby; Senna corymbosa (Lam.) H.S.Irwin & Barneby,Senna corymbosa,Plantae,1845,Australia,AUS,8,terrestrial,"introduced (alien, exotic, non-native, nonindigenous); introduced",TRUE,USRIIS; FirstRecords; GRIIS
Senna didymobotrya (Fresen.) H.S. Irwin and Barneby; Senna didymobotrya (Fresen.) H.S.Irwin & Barneby,Senna didymobotrya,Plantae,1909,South Africa,ZAF,16,terrestrial,"introduced (alien, exotic, non-native, nonindigenous); introduced",TRUE,USRIIS; FirstRecords; GRIIS
Senna hirsuta (L.) H.S.Irwin & Barneby,Senna hirsuta,Plantae,1875,South Africa,ZAF,36,terrestrial,introduced,TRUE,FirstRecords; GRIIS
Senna multiglandulosa (Jacq.) H.S. Irwin and Barneby; Senna multiglandulosa (Jacq.) H.S.Irwin & Barneby,Senna multiglandulosa,Plantae,1853,South Africa,ZAF,7,terrestrial,"introduced (alien, exotic, non-native, nonindigenous); introduced",TRUE,USRIIS; FirstRecords; GRIIS
Senna multijuga (Rich.) H.S. Irwin and Barneby; Senna multijuga (Rich.) H.S.Irwin & Barneby,Senna multijuga,Plantae,1926,United States,USA,7,terrestrial,"introduced (alien, exotic, non-native, nonindigenous); introduced",TRUE,USRIIS; FirstRecords; GRIIS
Senna obtusifolia (L.) H.S. Irwin and Barneby; Senna obtusifolia (L.) H.S.Irwin & Barneby,Senna obtusifolia,Plantae,1749,Nigeria,NGA,57,terrestrial,"introduced (alien, exotic, non-native, nonindigenous); introduced",TRUE,SINAS; USRIIS; TrIAS; FirstRecords; GRIIS
Senna occidentalis (L.) Link,Senna occidentalis,Plantae,1500,China; Nigeria,CHN; NGA,87,freshwater; terrestrial,"introduced (alien, exotic, non-native, nonindigenous); introduced",TRUE,USRIIS; TrIAS; FirstRecords; GRIIS; GRIIS ; J.Ganglo_BEN_2026
Senna pendula (Humb. & Bonpl. ex Willd.) H.S.Irwin & Barneby,Senna pendula,Plantae,1918,Australia,AUS,5,terrestrial,introduced,TRUE,FirstRecords; GRIIS
Senna pendula var. glabrata (Vogel) H.S.Irwin & Barneby,Senna pendula glabrata,Plantae,1950,Australia,AUS,3,terrestrial,introduced,TRUE,FirstRecords; GRIIS; M.McGeoch_AUS_2025
Senna petersiana (Bolle) Lock,Senna petersiana,Plantae,1837,Madagascar,MDG,2,terrestrial,introduced,TRUE,FirstRecords; GRIIS
Senna septemtrionalis (Viv.) H.S. Irwin and Barneby; Senna septemtrionalis (Viv.) H.S.Irwin & Barneby,Senna septemtrionalis,Plantae,1862,Portugal,PRT,34,terrestrial,"introduced (alien, exotic, non-native, nonindigenous); introduced",TRUE,SINAS; USRIIS; FirstRecords; GRIIS
Senna siamea (Lam.) H.S. Irwin and Barneby; Senna siamea (Lam.) H.S.Irwin & Barneby,Senna siamea,Plantae,1865,United States,USA,67,terrestrial,"introduced (alien, exotic, non-native, nonindigenous); introduced",TRUE,USRIIS; FirstRecords; GRIIS; GRIIS ; J.Ganglo_BEN_2026
Senna sophera (L.) Roxb.,Senna sophera,Plantae,1847,India,IND,16,terrestrial,introduced,TRUE,GRIIS; FirstRecords
Senna spectabilis (DC.) H.S. Irwin and Barneby; Senna spectabilis (DC.) H.S.Irwin & Barneby,Senna spectabilis,Plantae,1905,Democratic Republic of the Congo,COD,32,terrestrial,"introduced (alien, exotic, non-native, nonindigenous); introduced",TRUE,USRIIS; FirstRecords; GRIIS
Senna spectabilis var. spectabilis,Senna spectabilis spectabilis,Plantae,NA,NA,NA,1,terrestrial,introduced,TRUE,FirstRecords; GRIIS
Senna surattensis (Burm. f.) H.S. Irwin and Barneby; Senna surattensis (Burm.f.) H.S.Irwin & Barneby,Senna surattensis,Plantae,1909,China,CHN,17,terrestrial,"introduced (alien, exotic, non-native, nonindigenous); introduced",TRUE,SINAS; USRIIS; FirstRecords; GRIIS
Senna tora (L.) Roxb.,Senna tora,Plantae,1836,India,IND,31,terrestrial,"introduced (alien, exotic, non-native, nonindigenous); introduced",TRUE,USRIIS; FirstRecords; GRIIS
Senna uniflora (Mill.) H.S.Irwin & Barneby,Senna uniflora,Plantae,1976,India,IND,1,terrestrial,introduced,TRUE,FirstRecords; GRIIS
"Sericinus montela Gray, 1852",Sericinus montela,Animalia,1978,Japan,JPN,1,terrestrial,introduced,TRUE,FirstRecords; GRIIS
"Serrasalmus gibbus Castelnau, 1855",Serrasalmus gibbus,Animalia,NA,NA,NA,1,freshwater,introduced,TRUE,FirstRecords; GRIIS
"Serrasalmus marginatus Valenciennes, 1837",Serrasalmus marginatus,Animalia,NA,NA,NA,1,freshwater,introduced,TRUE,FirstRecords; GRIIS
"Serrasalmus rhombeus (Linnaeus, 1766)",Serrasalmus rhombeus,Animalia,NA,NA,NA,1,freshwater,introduced,TRUE,FirstRecords; GRIIS
"Serrasalmus sanchezi Géry, 1964",Serrasalmus sanchezi,Animalia,NA,NA,NA,1,freshwater,introduced,TRUE,FirstRecords; GRIIS
"Serrasalmus serrulatus (Valenciennes, 1850)",Serrasalmus serrulatus,Animalia,NA,NA,NA,1,freshwater,introduced,TRUE,FirstRecords; GRIIS
"Serrasalmus spilopleura Kner, 1858",Serrasalmus spilopleura,Animalia,NA,NA,NA,1,freshwater,introduced,TRUE,FirstRecords; GRIIS
"Serrognathus titanus (Boisduval, 1835)",Serrognathus titanus,Animalia,NA,NA,NA,1,terrestrial,introduced,TRUE,GRIIS
Sesamum indicum L.,Sesamum indicum,Plantae,1500,Turkey,TUR,20,terrestrial,"introduced (alien, exotic, non-native, nonindigenous); introduced",TRUE,DAISIE; USRIIS; TrIAS; FirstRecords; GRIIS
Sesamum radiatum Schumach. & Thonn.,Sesamum radiatum,Plantae,NA,NA,NA,3,terrestrial,introduced,TRUE,FirstRecords; GRIIS
Sesbania bispinosa (Jacq.) W.Wight,Sesbania bispinosa,Plantae,1905,South Africa,ZAF,8,freshwater; terrestrial,introduced,TRUE,FirstRecords; GRIIS
Sesbania bispinosa var. bispinosa,Sesbania bispinosa bispinosa,Plantae,NA,NA,NA,1,terrestrial,introduced,TRUE,FirstRecords; GRIIS
Sesbania cannabina (Retz.) Poir.,Sesbania cannabina,Plantae,1910,China,CHN,10,terrestrial,introduced,TRUE,TrIAS; FirstRecords; GRIIS
Sesbania grandiflora (L.) Pers.; Sesbania grandiflora (L.) Poir.,Sesbania grandiflora,Plantae,1843,Australia,AUS,28,terrestrial,"introduced (alien, exotic, non-native, nonindigenous); introduced",TRUE,SINAS; USRIIS; FirstRecords; GRIIS
Sesbania herbacea (Mill.) McVaugh,Sesbania herbacea,Plantae,1910,China,CHN,7,terrestrial,introduced,TRUE,TrIAS; FirstRecords; GRIIS
Sesbania punicea (Cav.) Benth.,Sesbania punicea,Plantae,1500,Italy,ITA,13,terrestrial,"introduced (alien, exotic, non-native, nonindigenous); introduced",TRUE,DAISIE; USRIIS; FirstRecords; GRIIS
Sesbania sericea (Willd.) Link,Sesbania sericea,Plantae,1879,United States,USA,14,terrestrial,"introduced (alien, exotic, non-native, nonindigenous); introduced",TRUE,USRIIS; FirstRecords; GRIIS
Sesbania sesban (L.) Merr.,Sesbania sesban,Plantae,1762,Egypt,EGY,16,terrestrial,"introduced (alien, exotic, non-native, nonindigenous); introduced",TRUE,SINAS; USRIIS; FirstRecords; GRIIS
Sesuvium portulacastrum (L.) L.,Sesuvium portulacastrum,Plantae,1907,Belgium,BEL,9,terrestrial,introduced,TRUE,TrIAS; FirstRecords; GRIIS
Setaria adhaerens (Forssk.) Chiov.,Setaria adhaerens,Plantae,1500,Czechia,CZE,10,terrestrial,introduced,TRUE,DAISIE; TrIAS; GRIIS; FirstRecords
Setaria barbata (Lam.) Kunth,Setaria barbata,Plantae,1840,Indonesia,IDN,13,terrestrial,"introduced (alien, exotic, non-native, nonindigenous); introduced",TRUE,SINAS; USRIIS; FirstRecords; GRIIS; M.McGeoch_AUS_2025
Setaria faberi R.A.W. Herrm.; Setaria faberi R.A.W.Herrm.,Setaria faberi,Plantae,1500,Germany,DEU,21,terrestrial,"introduced (alien, exotic, non-native, nonindigenous); introduced",TRUE,DAISIE; USRIIS; TrIAS; FirstRecords; GRIIS
Setaria geminata (Forssk.) Veldkamp,Setaria geminata,Plantae,NA,NA,NA,5,terrestrial,introduced,TRUE,FirstRecords; GRIIS
"Setaria glauca Kunth, 1816",Setaria glauca,Plantae,1982,Chile,CHL,6,freshwater; terrestrial,introduced,TRUE,GRIIS; FirstRecords
Setaria italica (L.) P. Beauv.; Setaria italica (L.) P.Beauv.,Setaria italica,Plantae,1500,Poland,POL,44,freshwater; terrestrial,"introduced (alien, exotic, non-native, nonindigenous); introduced",TRUE,USRIIS; TrIAS; FirstRecords; GRIIS; InstytutOchronyPrzyrody
Setaria palmifolia (J. Konig) Stapf; Setaria palmifolia (J.Koenig) Stapf,Setaria palmifolia,Plantae,1909,United States,USA,21,terrestrial,"introduced (alien, exotic, non-native, nonindigenous); introduced",TRUE,USRIIS; FirstRecords; GRIIS
Setaria parviflora (Poir.) Kerguelen; Setaria parviflora (Poir.) Kerguélen,Setaria parviflora,Plantae,1500,Italy,ITA,53,terrestrial,"introduced (alien, exotic, non-native, nonindigenous); introduced",TRUE,DAISIE; USRIIS; TrIAS; FirstRecords; GRIIS; M.McGeoch_AUS_2025
Setaria pumila (Poir.) Roem. & Schult.,Setaria pumila,Plantae,-5300,Czechia,CZE,31,terrestrial,introduced,TRUE,DAISIE; TrIAS; FirstRecords; GRIIS; InstytutOchronyPrzyrody
Setaria sphacelata (Schumach.) Stapf and C.E. Hubb. ex M.B. Moss; Setaria sphacelata (Schumach.) Stapf & C.E.Hubb. ex Moss,Setaria sphacelata,Plantae,1949,Australia,AUS,16,terrestrial,"introduced (alien, exotic, non-native, nonindigenous); introduced",TRUE,USRIIS; TrIAS; FirstRecords; GRIIS; M.McGeoch_AUS_2025; B.Shrestha_NPL_2026
Setaria verticillata (L.) P. Beauv.; Setaria verticillata (L.) P.Beauv.,Setaria verticillata,Plantae,550,Czechia,CZE,56,freshwater; terrestrial,"introduced (alien, exotic, non-native, nonindigenous); introduced",TRUE,DAISIE; USRIIS; TrIAS; FirstRecords; GRIIS; InstytutOchronyPrzyrody
Setaria viridis (L.) P. Beauv.; Setaria viridis (L.) P.Beauv.,Setaria viridis,Plantae,1500,Poland,POL,30,freshwater; terrestrial,"introduced (alien, exotic, non-native, nonindigenous); introduced",TRUE,USRIIS; TrIAS; FirstRecords; GRIIS; InstytutOchronyPrzyrody
Sherardia arvensis L.,Sherardia arvensis,Plantae,1500,Poland,POL,19,freshwater; terrestrial,"introduced (alien, exotic, non-native, nonindigenous); introduced",TRUE,USRIIS; FirstRecords; GRIIS; InstytutOchronyPrzyrody
Shirakiopsis indica (Willd.) Esser,Shirakiopsis indica,Plantae,NA,NA,NA,1,terrestrial,introduced,TRUE,FirstRecords; GRIIS
"Sicalis flaveola (Linnaeus, 1766)",Sicalis flaveola,Animalia,1820,Jamaica,JAM,5,terrestrial,"introduced (alien, exotic, non-native, nonindigenous); introduced",TRUE,SINAS; USRIIS; FirstRecords; GRIIS
Sicyos angulatus L.,Sicyos angulatus,Plantae,1500,Bulgaria,BGR,24,marine; terrestrial,introduced,TRUE,DAISIE; TrIAS; FirstRecords; GRIIS; InstytutOchronyPrzyrody
Sida acuta Burm. f.; Sida acuta Burm.fil.,Sida acuta,Plantae,1836,India,IND,51,terrestrial,"introduced (alien, exotic, non-native, nonindigenous); introduced",TRUE,USRIIS; FirstRecords; GRIIS; B.Shrestha_NPL_2026
Sida collina Schltdl.,Sida collina,Plantae,NA,NA,NA,1,terrestrial,introduced,TRUE,FirstRecords; GRIIS
Sida cordifolia L.,Sida cordifolia,Plantae,NA,NA,NA,18,terrestrial,"introduced (alien, exotic, non-native, nonindigenous); introduced",TRUE,USRIIS; FirstRecords; GRIIS
Sida cordifolia subsp. maculata (Cav.) Marais,Sida cordifolia maculata,Plantae,NA,NA,NA,2,terrestrial,introduced,TRUE,GRIIS
Sida linifolia Cav.,Sida linifolia,Plantae,1950,Benin,BEN,15,terrestrial,"introduced (alien, exotic, non-native, nonindigenous); introduced",TRUE,USRIIS; FirstRecords; GRIIS ; J.Ganglo_BEN_2026; GRIIS
Sida rhombifolia L.,Sida rhombifolia,Plantae,1838,Portugal,PRT,41,terrestrial,"introduced (alien, exotic, non-native, nonindigenous); introduced",TRUE,USRIIS; TrIAS; FirstRecords; GRIIS
Sida spinosa L.,Sida spinosa,Plantae,1500,Italy,ITA,26,terrestrial,"introduced (alien, exotic, non-native, nonindigenous); introduced",TRUE,DAISIE; USRIIS; TrIAS; FirstRecords; GRIIS
Sida ulmifolia Mill.,Sida ulmifolia,Plantae,NA,NA,NA,2,terrestrial,introduced,TRUE,FirstRecords; GRIIS
Sida urens L.,Sida urens,Plantae,NA,NA,NA,6,terrestrial,"introduced (alien, exotic, non-native, nonindigenous); introduced",TRUE,USRIIS; FirstRecords; GRIIS
Sidastrum micranthum (A. St.-Hil.) Fryxell; Sidastrum micranthum (A.St.-Hil.) Fryxell,Sidastrum micranthum,Plantae,1905,Madagascar,MDG,3,terrestrial,"introduced (alien, exotic, non-native, nonindigenous); introduced",TRUE,USRIIS; FirstRecords; GRIIS
Sidastrum paniculatum (L.) Fryxell,Sidastrum paniculatum,Plantae,1998,Spain,ESP,5,terrestrial,"introduced (alien, exotic, non-native, nonindigenous); introduced",TRUE,USRIIS; FirstRecords; GRIIS
Sieruela hirta (Klotzsch) Roalson & J.C.Hall,Sieruela hirta,Plantae,1985,Madagascar,MDG,2,terrestrial,introduced,TRUE,FirstRecords; GRIIS
Sieruela monophylla (L.) Roalson & J.C.Hall,Sieruela monophylla,Plantae,NA,NA,NA,1,terrestrial,introduced,TRUE,FirstRecords; GRIIS
Sieruela rutidosperma (DC.) Roalson & J.C.Hall,Sieruela rutidosperma,Plantae,1960,Cameroon; Indonesia; Myanmar; Singapore,CMR; IDN; MMR; SGP,25,terrestrial,introduced,TRUE,FirstRecords; GRIIS; B.Shrestha_NPL_2026
Sigesbeckia orientalis L.,Sigesbeckia orientalis,Plantae,1500,Italy,ITA,28,terrestrial,"introduced (alien, exotic, non-native, nonindigenous); introduced",TRUE,DAISIE; USRIIS; TrIAS; FirstRecords; GRIIS
Sigmoidotropis speciosa (Kunth) A.Delgado,Sigmoidotropis speciosa,Plantae,1985,United States,USA,4,terrestrial,"introduced (alien, exotic, non-native, nonindigenous); introduced",TRUE,USRIIS; FirstRecords; GRIIS
Silene L.,Silene,Plantae,NA,NA,NA,1,terrestrial,introduced,TRUE,GRIIS
Silene antirrhina L.,Silene antirrhina,Plantae,1946,Norway,NOR,4,terrestrial,introduced,TRUE,SINAS; FirstRecords; GRIIS
Silene armeria L.; Silene armeria,Silene armeria,Plantae,2008,United States,USA,2,terrestrial,"introduced (alien, exotic, non-native, nonindigenous); introduced",TRUE,USRIIS; GRIIS
Silene chalcedonica (L.) E.H.L. Krause; Silene chalcedonica (L.) E.H.L.Krause,Silene chalcedonica,Plantae,1807,Estonia,EST,18,freshwater; terrestrial,"introduced (alien, exotic, non-native, nonindigenous); introduced",TRUE,USRIIS; TrIAS; FirstRecords; GRIIS
Silene conica L.,Silene conica,Plantae,1500,Slovakia,SVK,10,terrestrial,"introduced (alien, exotic, non-native, nonindigenous); introduced",TRUE,DAISIE; USRIIS; FirstRecords; GRIIS; InstytutOchronyPrzyrody
Silene coronaria (L.) Clairv.,Silene coronaria,Plantae,1500,Germany,DEU,21,freshwater; terrestrial,"introduced (alien, exotic, non-native, nonindigenous); introduced",TRUE,DAISIE; USRIIS; TrIAS; FirstRecords; GRIIS; InstytutOchronyPrzyrody
Silene csereii Baumg.,Silene csereii,Plantae,1871,Norway,NOR,8,terrestrial,"introduced (alien, exotic, non-native, nonindigenous); introduced",TRUE,SINAS; USRIIS; TrIAS; FirstRecords; GRIIS
Silene dichotoma Ehrh.,Silene dichotoma,Plantae,1500,Germany,DEU,16,freshwater; terrestrial,"introduced (alien, exotic, non-native, nonindigenous); introduced",TRUE,DAISIE; USRIIS; TrIAS; FirstRecords; GRIIS; InstytutOchronyPrzyrody
Silene dioica (L.) Clairv.,Silene dioica,Plantae,1903,New Zealand,NZL,7,terrestrial,"introduced (alien, exotic, non-native, nonindigenous); introduced",TRUE,SINAS; USRIIS; FirstRecords; GRIIS
Silene flos-cuculi (L.) Greuter and Burdet; Silene flos-cuculi (L.) Greuter & Burdet,Silene flos-cuculi,Plantae,1870,New Zealand,NZL,4,terrestrial,"introduced (alien, exotic, non-native, nonindigenous); introduced",TRUE,SINAS; USRIIS; FirstRecords; GRIIS
Silene gallica L.,Silene gallica,Plantae,1500,Poland,POL,33,terrestrial,"introduced (alien, exotic, non-native, nonindigenous); introduced",TRUE,USRIIS; TrIAS; FirstRecords; GRIIS; Artsdatabanken; InstytutOchronyPrzyrody
Silene latifolia Poir.,Silene latifolia,Plantae,1500,Austria,AUT,10,terrestrial,"introduced (alien, exotic, non-native, nonindigenous); introduced",TRUE,DAISIE; USRIIS; FirstRecords; GRIIS; InstytutOchronyPrzyrody
Silene latifolia subsp. alba (Mill.) Greuter & Burdet,Silene latifolia alba,Plantae,NA,NA,NA,4,terrestrial,introduced,TRUE,FirstRecords; GRIIS
Silene noctiflora L.,Silene noctiflora,Plantae,-750,Czechia,CZE,18,terrestrial,"introduced (alien, exotic, non-native, nonindigenous); introduced",TRUE,DAISIE; USRIIS; FirstRecords; GRIIS; InstytutOchronyPrzyrody
Silene vulgaris (Moench) Garcke,Silene vulgaris,Plantae,1774,United Kingdom,GBR,9,terrestrial,"introduced (alien, exotic, non-native, nonindigenous); introduced",TRUE,SINAS; USRIIS; FirstRecords; GRIIS
"Silurus asotus Linnaeus, 1758",Silurus asotus,Animalia,NA,NA,NA,3,freshwater,introduced,TRUE,FirstRecords; GRIIS
"Silurus glanis Linnaeus, 1758",Silurus glanis,Animalia,1853,United Kingdom,GBR,17,brackish; freshwater,introduced,TRUE,TrIAS; FirstRecords; GRIIS
Silybum marianum (L.) Gaertn.,Silybum marianum,Plantae,1500,Germany,DEU,37,freshwater; terrestrial,"introduced (alien, exotic, non-native, nonindigenous); introduced",TRUE,DAISIE; USRIIS; TrIAS; FirstRecords; GRIIS
"Sinanodonta woodiana (I.Lea, 1834)",Sinanodonta woodiana,Animalia,1901,Austria,AUT,21,freshwater,introduced,TRUE,DAISIE; TrIAS; FirstRecords; GRIIS; InstytutOchronyPrzyrody
Sinapis alba L.,Sinapis alba,Plantae,1500,Switzerland,CHE,28,freshwater; terrestrial,"introduced (alien, exotic, non-native, nonindigenous); introduced",TRUE,DAISIE; USRIIS; TrIAS; FirstRecords; GRIIS; InstytutOchronyPrzyrody
Sinapis arvensis L.,Sinapis arvensis,Plantae,-5300,Czechia,CZE,27,terrestrial,"introduced (alien, exotic, non-native, nonindigenous); introduced",TRUE,DAISIE; USRIIS; FirstRecords; GRIIS; InstytutOchronyPrzyrody
"Sinosuthora webbiana (Gould, 1852)",Sinosuthora webbiana,Animalia,NA,NA,NA,2,terrestrial,introduced,TRUE,FirstRecords; GRIIS
"Sipha flava (Forbes, 1885)",Sipha flava,Animalia,1988,United States,USA,1,terrestrial,"introduced (alien, exotic, non-native, nonindigenous)",TRUE,USRIIS
"Siphateles bicolor (Girard, 1856)",Siphateles bicolor,Animalia,1955,Mexico,MEX,1,freshwater,introduced,TRUE,FirstRecords; GRIIS
"Siphoninus phillyreae (Haliday, 1835)",Siphoninus phillyreae,Animalia,1988,United States,USA,2,terrestrial,"introduced (alien, exotic, non-native, nonindigenous); introduced",TRUE,USRIIS; GRIIS
"Sirex noctilio Fabricius, 1773",Sirex noctilio,Animalia,1900,New Zealand,NZL,9,terrestrial,"introduced (alien, exotic, non-native, nonindigenous); introduced",TRUE,"CABI, SINAS; USRIIS; FirstRecords; GRIIS"
Sisymbrium altissimum L.,Sisymbrium altissimum,Plantae,1500,Switzerland,CHE,33,freshwater; terrestrial,"introduced (alien, exotic, non-native, nonindigenous); introduced",TRUE,DAISIE; USRIIS; TrIAS; FirstRecords; GRIIS; Artsdatabanken; InstytutOchronyPrzyrody
Sisymbrium irio L.,Sisymbrium irio,Plantae,1500,Switzerland,CHE,22,terrestrial,"introduced (alien, exotic, non-native, nonindigenous); introduced",TRUE,DAISIE; USRIIS; TrIAS; FirstRecords; GRIIS
Sisymbrium loeselii L.,Sisymbrium loeselii,Plantae,1500,Switzerland,CHE,24,freshwater; terrestrial,"introduced (alien, exotic, non-native, nonindigenous); introduced",TRUE,DAISIE; USRIIS; TrIAS; FirstRecords; GRIIS; Artsdatabanken; InstytutOchronyPrzyrody
Sisymbrium officinale (L.) Scop.,Sisymbrium officinale,Plantae,-5300,Czechia,CZE,25,terrestrial,"introduced (alien, exotic, non-native, nonindigenous); introduced",TRUE,DAISIE; USRIIS; FirstRecords; GRIIS; InstytutOchronyPrzyrody
Sisymbrium orientale L.,Sisymbrium orientale,Plantae,1500,United Kingdom,GBR,26,freshwater; terrestrial,"introduced (alien, exotic, non-native, nonindigenous); introduced",TRUE,DAISIE; USRIIS; TrIAS; FirstRecords; GRIIS; Artsdatabanken
Sisymbrium volgense M.Bieb. ex E.Fourn.,Sisymbrium volgense,Plantae,1500,Denmark,DNK,20,freshwater; terrestrial,introduced,TRUE,DAISIE; TrIAS; FirstRecords; GRIIS; InstytutOchronyPrzyrody
Sisyrinchium micranthum Cav.,Sisyrinchium micranthum,Plantae,1868,New Zealand,NZL,6,terrestrial,introduced,TRUE,SINAS; FirstRecords; GRIIS
Sisyrinchium montanum Greene,Sisyrinchium montanum,Plantae,1500,Bulgaria,BGR,18,freshwater; terrestrial,introduced,TRUE,DAISIE; TrIAS; FirstRecords; GRIIS; Artsdatabanken
"Sitobion luteum (Buckton, 1876)",Sitobion luteum,Animalia,1917,Germany,DEU,3,terrestrial,"introduced (alien, exotic, non-native, nonindigenous); introduced",TRUE,SINAS; USRIIS; GRIIS
"Sitobion phyllanthi (R.Takahashi, 1937)",Sitobion phyllanthi,Animalia,2003,United States,USA,1,terrestrial,"introduced (alien, exotic, non-native, nonindigenous)",TRUE,USRIIS
"Sitona hispidulus (Fabricius, 1776); Sitona hispidulus (Fabricius, 1777)",Sitona hispidulus,Animalia,1875,United States,USA,2,terrestrial,"introduced (alien, exotic, non-native, nonindigenous); introduced",TRUE,USRIIS; FirstRecords; GRIIS
"Sitophilus granarius (Linnaeus, 1758); Sitophilus granarius (C.Linnaeus, 1758)",Sitophilus granarius,Animalia,1350,Czechia,CZE,11,terrestrial,"introduced (alien, exotic, non-native, nonindigenous); introduced",TRUE,SINAS; USRIIS; FirstRecords; GRIIS
"Sitophilus oryzae (Linnaeus, 1763); Sitophilus oryzae A.Hustache, 1930",Sitophilus oryzae,Animalia,1620,United States,USA,19,terrestrial,"introduced (alien, exotic, non-native, nonindigenous); introduced",TRUE,USRIIS; FirstRecords; GRIIS
"Sitophilus zeamais Motschulsky, 1855; Sitophilus zeamais Motschulsky & V.de, 1855",Sitophilus zeamais,Animalia,1927,Germany,DEU,13,terrestrial,"introduced (alien, exotic, non-native, nonindigenous); introduced",TRUE,"SINAS, DAISIE; USRIIS; FirstRecords; GRIIS"
"Sitotroga cerealella (Olivier, 1789)",Sitotroga cerealella,Animalia,1728,United States,USA,14,terrestrial,"introduced (alien, exotic, non-native, nonindigenous); introduced",TRUE,USRIIS; FirstRecords; GRIIS
Scabiosa atropurpurea L.; Sixalix atropurpurea (L.) Greuter & Burdet,Sixalix atropurpurea,Plantae,1500,Germany,DEU,10,terrestrial,introduced,TRUE,DAISIE; TrIAS; FirstRecords; GRIIS; Artsdatabanken
Smallanthus uvedalia (L.) Mack. ex Small,Smallanthus uvedalia,Plantae,1982,China,CHN,1,terrestrial,introduced,TRUE,FirstRecords; GRIIS
Smyrnium olusatrum L.,Smyrnium olusatrum,Plantae,1500,United Kingdom,GBR,4,terrestrial,introduced,TRUE,DAISIE; TrIAS; FirstRecords; GRIIS
Soehrensia schickendantzii (F.A.C.Weber) Schlumpb.,Soehrensia schickendantzii,Plantae,NA,NA,NA,1,terrestrial,introduced,TRUE,FirstRecords; GRIIS
Solanum aculeatissimum Jacq.,Solanum aculeatissimum,Plantae,19,China,CHN,5,terrestrial,introduced,TRUE,FirstRecords; GRIIS
Solanum americanum Mill.,Solanum americanum,Plantae,1796,Indonesia,IDN,39,terrestrial,introduced,TRUE,TrIAS; FirstRecords; GRIIS; Artsdatabanken
Solanum angustifolium Houst. ex Mill.,Solanum angustifolium,Plantae,1880,Austria,AUT,35,terrestrial,introduced,TRUE,TrIAS; FirstRecords; GRIIS
Solanum aviculare G. Forst.; Solanum aviculare G.Forst.,Solanum aviculare,Plantae,1845,Australia,AUS,4,terrestrial,"introduced (alien, exotic, non-native, nonindigenous); introduced",TRUE,SINAS; USRIIS; FirstRecords; GRIIS
Solanum betaceum Cav.,Solanum betaceum,Plantae,1901,Madagascar,MDG,11,terrestrial,introduced,TRUE,FirstRecords; GRIIS
Solanum campylacanthum Hochst. ex A.Rich.,Solanum campylacanthum,Plantae,NA,NA,NA,5,terrestrial,introduced,TRUE,FirstRecords; GRIIS
Solanum capsicoides All.,Solanum capsicoides,Plantae,1837,United States,USA,15,terrestrial,"introduced (alien, exotic, non-native, nonindigenous); introduced",TRUE,USRIIS; FirstRecords; GRIIS
Solanum carolinense L.,Solanum carolinense,Plantae,1500,Italy,ITA,18,terrestrial,introduced,TRUE,DAISIE; TrIAS; FirstRecords; GRIIS
Solanum chrysotrichum Schltdl.,Solanum chrysotrichum,Plantae,1903,Democratic Republic of the Congo,COD,9,terrestrial,"introduced (alien, exotic, non-native, nonindigenous); introduced",TRUE,USRIIS; FirstRecords; GRIIS
Solanum diphyllum L.,Solanum diphyllum,Plantae,1905,Philippines,PHL,3,terrestrial,"introduced (alien, exotic, non-native, nonindigenous); introduced",TRUE,SINAS; USRIIS; FirstRecords; GRIIS
Solanum dulcamara L.,Solanum dulcamara,Plantae,1780,United States,USA,7,brackish; freshwater; terrestrial,introduced: assisted colonization; introduced,TRUE,USRIIS; FirstRecords; GRIIS
Solanum elaeagnifolium Cav.,Solanum elaeagnifolium,Plantae,1500,Italy,ITA,38,freshwater; terrestrial,"introduced (alien, exotic, non-native, nonindigenous); introduced",TRUE,DAISIE; USRIIS; TrIAS; FirstRecords; GRIIS
Solanum erianthum D.Don,Solanum erianthum,Plantae,1711,China,CHN,8,terrestrial,introduced,TRUE,FirstRecords; GRIIS
Solanum giganteum Jacq.,Solanum giganteum,Plantae,1500,Italy,ITA,2,terrestrial,introduced,TRUE,DAISIE; FirstRecords; GRIIS
Solanum glaucophyllum Desf.,Solanum glaucophyllum,Plantae,1902,India,IND,4,terrestrial,"introduced (alien, exotic, non-native, nonindigenous); introduced",TRUE,USRIIS; FirstRecords; GRIIS; B.Shrestha_NPL_2026
Solanum incanum L.,Solanum incanum,Plantae,1851,Madagascar,MDG,3,terrestrial,introduced,TRUE,FirstRecords; GRIIS
Solanum laciniatum Aiton,Solanum laciniatum,Plantae,1500,United Kingdom,GBR,8,terrestrial,introduced,TRUE,DAISIE; FirstRecords; GRIIS
Solanum laxum Spreng.,Solanum laxum,Plantae,1843,Australia,AUS,11,terrestrial,"introduced (alien, exotic, non-native, nonindigenous); introduced",TRUE,USRIIS; FirstRecords; GRIIS
Solanum linnaeanum Hepper and P.-M.L. Jaeger; Solanum linnaeanum Hepper & P.-M.L.Jaeger,Solanum linnaeanum,Plantae,1810,Australia,AUS,13,terrestrial,"introduced (alien, exotic, non-native, nonindigenous); introduced",TRUE,USRIIS; FirstRecords; GRIIS
Solanum lycopersicum L.,Solanum lycopersicum,Plantae,1766,Nigeria,NGA,42,terrestrial,"introduced (alien, exotic, non-native, nonindigenous); introduced",TRUE,SINAS; USRIIS; TrIAS; FirstRecords; GRIIS; InstytutOchronyPrzyrody
Solanum mammosum L.,Solanum mammosum,Plantae,1878,Indonesia,IDN,17,terrestrial,"introduced (alien, exotic, non-native, nonindigenous); introduced",TRUE,SINAS; USRIIS; FirstRecords; GRIIS
Solanum marginatum L. f.; Solanum marginatum L.fil.,Solanum marginatum,Plantae,1865,Mexico,MEX,9,terrestrial,"introduced (alien, exotic, non-native, nonindigenous); introduced",TRUE,USRIIS; FirstRecords; GRIIS
Solanum mauritianum Scop.,Solanum mauritianum,Plantae,1814,India,IND,32,terrestrial,"introduced (alien, exotic, non-native, nonindigenous); introduced",TRUE,USRIIS; FirstRecords; GRIIS
Solanum melongena L.,Solanum melongena,Plantae,1500,Czechia,CZE,22,terrestrial,"introduced (alien, exotic, non-native, nonindigenous); introduced",TRUE,DAISIE; USRIIS; FirstRecords; GRIIS
Solanum myriacanthum Dunal,Solanum myriacanthum,Plantae,1957,India,IND,4,terrestrial,introduced,TRUE,FirstRecords; GRIIS
Solanum nigrescens M. Martens and Galeotti; Solanum nigrescens M.Martens & Galeotti,Solanum nigrescens,Plantae,1971,Japan,JPN,2,terrestrial,"introduced (alien, exotic, non-native, nonindigenous); introduced",TRUE,USRIIS; FirstRecords; GRIIS
Solanum nigrum L.,Solanum nigrum,Plantae,-5300,Czechia,CZE,47,terrestrial,"introduced (alien, exotic, non-native, nonindigenous); introduced",TRUE,DAISIE; USRIIS; FirstRecords; GRIIS; InstytutOchronyPrzyrody
Solanum physalifolium Rusby,Solanum physalifolium,Plantae,1500,Austria,AUT,17,terrestrial,"introduced (alien, exotic, non-native, nonindigenous); introduced",TRUE,DAISIE; USRIIS; FirstRecords; GRIIS; Artsdatabanken
Solanum pseudocapsicum L.,Solanum pseudocapsicum,Plantae,1500,Czechia,CZE,26,terrestrial,"introduced (alien, exotic, non-native, nonindigenous); introduced",TRUE,DAISIE; USRIIS; TrIAS; FirstRecords; GRIIS
Solanum rugosum Dunal,Solanum rugosum,Plantae,NA,NA,NA,1,terrestrial,introduced,TRUE,FirstRecords; GRIIS
Solanum seaforthianum Andrews,Solanum seaforthianum,Plantae,1897,Indonesia,IDN,29,terrestrial,"introduced (alien, exotic, non-native, nonindigenous); introduced",TRUE,SINAS; USRIIS; FirstRecords; GRIIS
Solanum sisymbriifolium Lam.,Solanum sisymbriifolium,Plantae,1500,Italy,ITA,29,freshwater; terrestrial,"introduced (alien, exotic, non-native, nonindigenous); introduced",TRUE,DAISIE; USRIIS; TrIAS; FirstRecords; GRIIS; B.Shrestha_NPL_2026; InstytutOchronyPrzyrody
Solanum tampicense Dunal,Solanum tampicense,Plantae,NA,NA,NA,4,terrestrial,"introduced (alien, exotic, non-native, nonindigenous); introduced",TRUE,USRIIS; FirstRecords; GRIIS
Solanum torvum Sw.,Solanum torvum,Plantae,1500,Italy,ITA,37,terrestrial,"introduced (alien, exotic, non-native, nonindigenous); introduced",TRUE,DAISIE; USRIIS; FirstRecords; GRIIS
Solanum viarum Dunal,Solanum viarum,Plantae,1912,India,IND,18,terrestrial,"introduced (alien, exotic, non-native, nonindigenous); introduced",TRUE,USRIIS; TrIAS; FirstRecords; GRIIS; B.Shrestha_NPL_2026
Solanum wendlandii Hook.fil.,Solanum wendlandii,Plantae,1906,Australia,AUS,9,terrestrial,introduced,TRUE,SINAS; FirstRecords; GRIIS
"Solenopsis geminata (Fabricius, 1804)",Solenopsis geminata,Animalia,1860,Indonesia,IDN,37,terrestrial,"introduced (alien, exotic, non-native, nonindigenous); introduced",TRUE,SINAS; USRIIS; FirstRecords; GRIIS
"Solenopsis invicta Buren, 1972",Solenopsis invicta,Animalia,1920,United States,USA,13,terrestrial,"introduced (alien, exotic, non-native, nonindigenous); introduced",TRUE,USRIIS; FirstRecords; GRIIS
"Solenopsis richteri Forel, 1909",Solenopsis richteri,Animalia,1920,United States,USA,2,terrestrial,"introduced (alien, exotic, non-native, nonindigenous); introduced",TRUE,USRIIS; FirstRecords; GRIIS
Solidago altissima L.,Solidago altissima,Plantae,1900,Japan,JPN,7,terrestrial,introduced,TRUE,TrIAS; FirstRecords; GRIIS
Solidago canadensis L.,Solidago canadensis,Plantae,1500,Bulgaria,BGR,41,freshwater; terrestrial,"introduced (alien, exotic, non-native, nonindigenous); introduced",TRUE,DAISIE; USRIIS; TrIAS; FirstRecords; GRIIS; Artsdatabanken; InstytutOchronyPrzyrody
Solidago gigantea Aiton,Solidago gigantea,Plantae,1500,Bulgaria,BGR,35,freshwater; terrestrial,introduced,TRUE,DAISIE; TrIAS; FirstRecords; GRIIS; InstytutOchronyPrzyrody
Soliva anthemifolia (Juss.) R. Br. ex Less.; Soliva anthemifolia R.Br.,Soliva anthemifolia,Plantae,1802,Australia,AUS,9,terrestrial,"introduced (alien, exotic, non-native, nonindigenous); introduced",TRUE,SINAS; USRIIS; TrIAS; FirstRecords; GRIIS
Soliva pterosperma (Juss.) Less.,Soliva pterosperma,Plantae,NA,NA,NA,1,terrestrial,introduced,TRUE,GRIIS
Soliva sessilis Ruiz and Pav.; Soliva sessilis Ruiz & Pav.,Soliva sessilis,Plantae,1875,Portugal,PRT,14,terrestrial,"introduced (alien, exotic, non-native, nonindigenous); introduced",TRUE,USRIIS; TrIAS; FirstRecords; GRIIS
Soliva stolonifera (Brot.) Sweet; Soliva stolonifera (Brot.) Loudon,Soliva stolonifera,Plantae,1945,Australia,AUS,6,terrestrial,"introduced (alien, exotic, non-native, nonindigenous); introduced",TRUE,SINAS; USRIIS; FirstRecords; GRIIS
Sonchus arvensis L.,Sonchus arvensis,Plantae,1500,Ukraine,UKR,19,brackish; freshwater; terrestrial,"introduced (alien, exotic, non-native, nonindigenous); introduced",TRUE,DAISIE; USRIIS; FirstRecords; GRIIS; M.McGeoch_AUS_2025
Sonchus arvensis subsp. arvensis,Sonchus arvensis arvensis,Plantae,NA,NA,NA,2,terrestrial,introduced,TRUE,FirstRecords; GRIIS
Sonchus arvensis ssp. uliginosus (M. Bieb.) Nyman,Sonchus arvensis ssp. uliginosus,Plantae,1993,United States,USA,1,brackish; freshwater; terrestrial,"introduced (alien, exotic, non-native, nonindigenous)",TRUE,USRIIS
Sonchus asper (L.) Hill,Sonchus asper,Plantae,550,Czechia,CZE,46,freshwater; terrestrial,"introduced (alien, exotic, non-native, nonindigenous); introduced",TRUE,DAISIE; USRIIS; FirstRecords; GRIIS; InstytutOchronyPrzyrody
Sonchus oleraceus L.,Sonchus oleraceus,Plantae,1500,Poland,POL,54,freshwater; terrestrial,"introduced (alien, exotic, non-native, nonindigenous); introduced",TRUE,USRIIS; FirstRecords; GRIIS; B.Shrestha_NPL_2026; InstytutOchronyPrzyrody
Sonchus palustris L.,Sonchus palustris,Plantae,1993,Canada,CAN,3,terrestrial,introduced,TRUE,FirstRecords; GRIIS
Sonchus wightianus DC.,Sonchus wightianus,Plantae,NA,NA,NA,1,terrestrial,introduced,TRUE,FirstRecords; GRIIS
"Sophonia orientalis (Matsumura, 1912)",Sophonia orientalis,Animalia,1987,United States,USA,2,terrestrial,"introduced (alien, exotic, non-native, nonindigenous); introduced",TRUE,USRIIS; GRIIS
Sorbaria sorbifolia (L.) A. Braun; Sorbaria sorbifolia (L.) A.Braun,Sorbaria sorbifolia,Plantae,1500,Germany,DEU,26,freshwater; terrestrial,"introduced (alien, exotic, non-native, nonindigenous); introduced",TRUE,DAISIE; USRIIS; TrIAS; FirstRecords; GRIIS; Artsdatabanken; InstytutOchronyPrzyrody
Sorbaronia × arsenii (Britton & Arsène) G.N.Jones,Sorbaronia arsenii,Plantae,NA,NA,NA,2,terrestrial,introduced,TRUE,GRIIS; Artsdatabanken; FirstRecords
Sorbus aucuparia L.,Sorbus aucuparia,Plantae,1843,Australia,AUS,5,terrestrial,"introduced (alien, exotic, non-native, nonindigenous); introduced",TRUE,USRIIS; GRIIS; FirstRecords
Sorghum arundinaceum (Desv.) Stapf,Sorghum arundinaceum,Plantae,1837,India,IND,17,terrestrial,"introduced (alien, exotic, non-native, nonindigenous); introduced",TRUE,USRIIS; FirstRecords; GRIIS
Sorghum bicolor (L.) Moench,Sorghum bicolor,Plantae,1500,Czechia,CZE,50,freshwater; terrestrial,"introduced (alien, exotic, non-native, nonindigenous); introduced",TRUE,DAISIE; USRIIS; TrIAS; FirstRecords; GRIIS
Sorghum halepense (L.) Pers.,Sorghum halepense,Plantae,20,China,CHN,84,terrestrial,introduced: assisted colonization; introduced,TRUE,USRIIS; TrIAS; FirstRecords; GRIIS; B.Shrestha_NPL_2026
Sparganium erectum L.,Sparganium erectum,Plantae,1958,India,IND,3,freshwater; terrestrial,"introduced (alien, exotic, non-native, nonindigenous); introduced",TRUE,USRIIS; FirstRecords; GRIIS
Spartium junceum L.,Spartium junceum,Plantae,1500,Austria,AUT,24,terrestrial,"introduced (alien, exotic, non-native, nonindigenous); introduced",TRUE,DAISIE; USRIIS; TrIAS; FirstRecords; GRIIS
Spathodea campanulata P. Beauv.; Spathodea campanulata Beauverd,Spathodea campanulata,Plantae,1873,Sri Lanka,LKA,51,terrestrial,"introduced (alien, exotic, non-native, nonindigenous); introduced",TRUE,"CABI, SINAS; USRIIS; FirstRecords; GRIIS"
Spathoglottis plicata Blume,Spathoglottis plicata,Plantae,1929,United States,USA,16,terrestrial,"introduced (alien, exotic, non-native, nonindigenous); introduced",TRUE,USRIIS; FirstRecords; GRIIS
Spergula arvensis L.,Spergula arvensis,Plantae,1500,Poland,POL,34,terrestrial,"introduced (alien, exotic, non-native, nonindigenous); introduced",TRUE,USRIIS; FirstRecords; GRIIS; InstytutOchronyPrzyrody
Spergularia rubra (L.) J. Presl and C. Presl; Spergularia rubra (L.) J.Presl & C.Presl,Spergularia rubra,Plantae,1500,Bulgaria,BGR,10,terrestrial,"introduced (alien, exotic, non-native, nonindigenous); introduced",TRUE,DAISIE; USRIIS; FirstRecords; GRIIS
Spermacoce alata Aubl.,Spermacoce alata,Plantae,1888,Indonesia,IDN,8,terrestrial,"introduced (alien, exotic, non-native, nonindigenous); introduced",TRUE,USRIIS; FirstRecords; GRIIS
Spermacoce exilis (L.O. Williams) C.D. Adams ex W.C. Burger and C.M. Taylor; Spermacoce exilis (L.O.Williams) C.D.Adams ex W.C.Burger & C.M.Taylor,Spermacoce exilis,Plantae,1888,Congo - Kinshasa,COD,17,terrestrial,"introduced (alien, exotic, non-native, nonindigenous); introduced",TRUE,SINAS; USRIIS; FirstRecords; GRIIS; B.Shrestha_NPL_2026
Spermacoce latifolia Aubl.,Spermacoce latifolia,Plantae,NA,NA,NA,13,terrestrial,introduced,TRUE,FirstRecords; GRIIS
Spermacoce ocymoides Burm.f.,Spermacoce ocymoides,Plantae,NA,NA,NA,4,terrestrial,introduced,TRUE,FirstRecords; GRIIS
Spermacoce ovalifolia (M.Martens & Galeotti) Hemsl.,Spermacoce ovalifolia,Plantae,NA,NA,NA,5,terrestrial,introduced,TRUE,FirstRecords; GRIIS
Spermacoce pusilla Wall.,Spermacoce pusilla,Plantae,NA,NA,NA,3,terrestrial,introduced,TRUE,FirstRecords; GRIIS
Spermacoce remota Lam.,Spermacoce remota,Plantae,1899,Indonesia,IDN,25,terrestrial,"introduced (alien, exotic, non-native, nonindigenous); introduced",TRUE,SINAS; USRIIS; FirstRecords; GRIIS
Spermacoce rubescens (Colla) P.L.R.Moraes & De Smedt,Spermacoce rubescens,Plantae,NA,NA,NA,1,terrestrial,introduced,TRUE,GRIIS
Spermacoce tenuior L.,Spermacoce tenuior,Plantae,1919,Indonesia,IDN,3,terrestrial,introduced,TRUE,FirstRecords; GRIIS
Spermacoce verticillata L.,Spermacoce verticillata,Plantae,1880,India,IND,26,terrestrial,"introduced (alien, exotic, non-native, nonindigenous); introduced",TRUE,USRIIS; FirstRecords; GRIIS; GRIIS ; J.Ganglo_BEN_2026
Sphaeralcea bonariensis (Cav.) Griseb.,Sphaeralcea bonariensis,Plantae,1905,South Africa,ZAF,6,terrestrial,"introduced (alien, exotic, non-native, nonindigenous); introduced",TRUE,USRIIS; TrIAS; FirstRecords; GRIIS
"Sphaericus pinguis (Wollaston, 1854)",Sphaericus pinguis,Animalia,1880,United States,USA,5,terrestrial,"introduced (alien, exotic, non-native, nonindigenous); introduced",TRUE,USRIIS; FirstRecords; GRIIS
"Sphaerium corneum (Linnaeus, 1758)",Sphaerium corneum,Animalia,1900,United States,USA,2,brackish; freshwater,"introduced (alien, exotic, non-native, nonindigenous); introduced",TRUE,USRIIS; FirstRecords; GRIIS
"Sphaerodactylus argus Gosse, 1850",Sphaerodactylus argus,Animalia,1944,United States,USA,3,terrestrial,"introduced (alien, exotic, non-native, nonindigenous); introduced",TRUE,USRIIS; FirstRecords; GRIIS
"Sphaerodactylus elegans Macleay, 1834",Sphaerodactylus elegans,Animalia,1921,United States,USA,1,terrestrial,"introduced (alien, exotic, non-native, nonindigenous)",TRUE,USRIIS
"Sphaeroma terebrans Bate, 1866; Sphaeroma terebrans Spence Bate, 1866",Sphaeroma terebrans,Animalia,1881,United States,USA,2,marine; terrestrial,"introduced (alien, exotic, non-native, nonindigenous); introduced",TRUE,USRIIS; GRIIS
Sphaerophysa salsula (Pall.) DC.,Sphaerophysa salsula,Plantae,NA,NA,NA,3,terrestrial,"introduced (alien, exotic, non-native, nonindigenous); introduced",TRUE,USRIIS; FirstRecords; GRIIS
Sphaeropteris cooperi (Hook. ex F.Muell.) R.M.Tryon,Sphaeropteris cooperi,Plantae,1978,Mauritius,MUS,3,terrestrial,introduced,TRUE,FirstRecords; GRIIS
Sphagneticola trilobata (L.) Pruski,Sphagneticola trilobata,Plantae,1881,India,IND,52,terrestrial,"introduced (alien, exotic, non-native, nonindigenous); introduced",TRUE,USRIIS; FirstRecords; GRIIS; B.Shrestha_NPL_2026
Sphenoclea zeylanica Gaertn.,Sphenoclea zeylanica,Plantae,1853,Indonesia,IDN,27,terrestrial,"introduced (alien, exotic, non-native, nonindigenous); introduced",TRUE,USRIIS; FirstRecords; GRIIS
"Sphenophorus venatus (Say, 1831); Sphenophorus venatus (Say & T., 1832)",Sphenophorus venatus,Animalia,1960,United States,USA,3,terrestrial,"introduced (alien, exotic, non-native, nonindigenous); introduced",TRUE,USRIIS; FirstRecords; GRIIS
Spigelia anthelmia L.,Spigelia anthelmia,Plantae,1845,Indonesia,IDN,8,terrestrial,introduced,TRUE,FirstRecords; GRIIS
"Spilopelia chinensis (Scopoli, 1786)",Spilopelia chinensis,Animalia,1767,Mauritius,MUS,8,terrestrial,"introduced (alien, exotic, non-native, nonindigenous); introduced",TRUE,SINAS; USRIIS; FirstRecords; GRIIS
"Spilopelia senegalensis (Linnaeus, 1766)",Spilopelia senegalensis,Animalia,1700,Israel,ISR,9,freshwater; terrestrial,introduced,TRUE,DAISIE; TrIAS; FirstRecords; GRIIS
Spinacia oleracea L.,Spinacia oleracea,Plantae,550,Czechia,CZE,24,freshwater; terrestrial,"introduced (alien, exotic, non-native, nonindigenous); introduced",TRUE,DAISIE; USRIIS; TrIAS; FirstRecords; GRIIS
Spiraea alba Du Roi,Spiraea alba,Plantae,1500,Czechia,CZE,16,freshwater; terrestrial,introduced,TRUE,DAISIE; TrIAS; FirstRecords; GRIIS; Artsdatabanken
Spiraea ×billardii Hérincq; Spiraea × billardii Hérincq,Spiraea billardii,Plantae,1500,Czechia,CZE,6,freshwater; terrestrial,introduced,TRUE,DAISIE; TrIAS; FirstRecords; GRIIS; Artsdatabanken
Spiraea douglasii Hook.,Spiraea douglasii,Plantae,1500,Germany,DEU,20,freshwater; terrestrial,introduced,TRUE,DAISIE; TrIAS; FirstRecords; GRIIS; Artsdatabanken; InstytutOchronyPrzyrody
Spiraea japonica L. f.; Spiraea japonica L.fil.,Spiraea japonica,Plantae,1500,Germany,DEU,20,terrestrial,"introduced (alien, exotic, non-native, nonindigenous); introduced",TRUE,DAISIE; USRIIS; TrIAS; FirstRecords; GRIIS
Spiraea ×macrothyrsa (Zabel) Dippel; Spiraea × macrothyrsa (Zabel) Dippel,Spiraea macrothyrsa,Plantae,1964,Norway,NOR,2,terrestrial,introduced,TRUE,TrIAS; FirstRecords; GRIIS; Artsdatabanken
Spiraea prunifolia Siebold and Zucc.; Spiraea prunifolia Siebold & Zucc.,Spiraea prunifolia,Plantae,1843,Australia,AUS,4,terrestrial,"introduced (alien, exotic, non-native, nonindigenous); introduced",TRUE,USRIIS; FirstRecords; GRIIS
Spiraea ×rosalba Dippel; Spiraea × rosalba Dippel,Spiraea rosalba,Plantae,1850,Norway,NOR,4,terrestrial,introduced,TRUE,SINAS; TrIAS; FirstRecords; GRIIS; Artsdatabanken
Spiraea salicifolia L.,Spiraea salicifolia,Plantae,1500,Switzerland,CHE,13,freshwater; terrestrial,"introduced (alien, exotic, non-native, nonindigenous); introduced",TRUE,DAISIE; USRIIS; FirstRecords; GRIIS; Artsdatabanken
Spiraea thunbergii Siebold ex Blume,Spiraea thunbergii,Plantae,NA,NA,NA,2,terrestrial,"introduced (alien, exotic, non-native, nonindigenous); introduced",TRUE,USRIIS; FirstRecords; GRIIS
Spiraea tomentosa L.,Spiraea tomentosa,Plantae,1813,Poland,POL,8,terrestrial,introduced,TRUE,SINAS; TrIAS; FirstRecords; GRIIS
Spiraea vanhouttei (Briot) Carriere; Spiraea ×vanhouttei (Briot) Zabel; Spiraea × vanhouttei (Briot) Zabel,Spiraea vanhouttei,Plantae,1500,United Kingdom,GBR,12,terrestrial,"introduced (alien, exotic, non-native, nonindigenous); introduced",TRUE,DAISIE; USRIIS; TrIAS; FirstRecords; GRIIS; Artsdatabanken
"Spirometra erinaceieuropaei (Rudolphi, 1819) Faust, Campbell & Kellogg, 1929",Spirometra erinaceieuropaei,Animalia,NA,NA,NA,1,freshwater; terrestrial,introduced,TRUE,GRIIS
"Spodoptera exigua (Hubner, 1808); Spodoptera exigua (Hübner, 1808)",Spodoptera exigua,Animalia,1876,United States,USA,2,terrestrial,"introduced (alien, exotic, non-native, nonindigenous); introduced",TRUE,USRIIS; FirstRecords; GRIIS
"Spodoptera frugiperda J.E.Smith, 1797",Spodoptera frugiperda,Animalia,2011,Saudi Arabia,SAU,10,terrestrial,introduced,TRUE,EPPO Distribution; FirstRecords; GRIIS
"Spodoptera littoralis (Boisduval, 1833)",Spodoptera littoralis,Animalia,NA,NA,NA,4,terrestrial,introduced,TRUE,FirstRecords; GRIIS
"Spodoptera litura (Fabricius, 1775)",Spodoptera litura,Animalia,1955,New Zealand,NZL,4,terrestrial,"introduced (alien, exotic, non-native, nonindigenous); introduced",TRUE,SINAS; USRIIS; FirstRecords; GRIIS
"Spoladea recurvalis (Fabricius, 1775)",Spoladea recurvalis,Animalia,1906,Ecuador,ECU,4,terrestrial,"introduced (alien, exotic, non-native, nonindigenous); introduced",TRUE,SINAS; USRIIS; FirstRecords; GRIIS
Spondias dulcis Parkinson,Spondias dulcis,Plantae,NA,NA,NA,7,terrestrial,introduced,TRUE,FirstRecords; GRIIS
Spondias purpurea L.,Spondias purpurea,Plantae,NA,NA,NA,6,terrestrial,"introduced (alien, exotic, non-native, nonindigenous); introduced",TRUE,USRIIS; FirstRecords; GRIIS
Sporobolus africanus (Poir.) Robyns and Tournay; Sporobolus africanus (Poir.) Robyns & Tournay,Sporobolus africanus,Plantae,1841,New Zealand,NZL,9,terrestrial,"introduced (alien, exotic, non-native, nonindigenous); introduced",TRUE,SINAS; USRIIS; TrIAS; FirstRecords; GRIIS
Sporobolus alterniflorus (Loisel.) P.M.Peterson & Saarela,Sporobolus alterniflorus,Plantae,NA,NA,NA,9,brackish; freshwater; marine; terrestrial,introduced,TRUE,GRIIS; FirstRecords
Sporobolus alterniflorus X foliosus ,Sporobolus alterniflorus X foliosus,Plantae,NA,NA,NA,1,brackish; freshwater; terrestrial,"introduced (alien, exotic, non-native, nonindigenous)",TRUE,USRIIS
Sporobolus anglicus (C.E.Hubb.) P.M.Peterson & Saarela,Sporobolus anglicus,Plantae,1894,France,FRA,11,brackish; marine; terrestrial,introduced,TRUE,TrIAS; FirstRecords; GRIIS
Sporobolus diandrus (Retz.) P. Beauv.; Sporobolus diandrus (Retz.) P.Beauv.,Sporobolus diandrus,Plantae,1911,United States,USA,11,terrestrial,"introduced (alien, exotic, non-native, nonindigenous); introduced",TRUE,USRIIS; FirstRecords; GRIIS
Sporobolus indicus (L.) R. Br.; Sporobolus indicus (L.) R.Br.,Sporobolus indicus,Plantae,1500,Bulgaria,BGR,30,terrestrial,"introduced (alien, exotic, non-native, nonindigenous); introduced",TRUE,DAISIE; USRIIS; TrIAS; FirstRecords; GRIIS; M.McGeoch_AUS_2025
Sporobolus montevidensis (Arechav.) P.M.Peterson & Saarela,Sporobolus montevidensis,Plantae,NA,NA,NA,2,brackish; terrestrial,introduced,TRUE,FirstRecords; GRIIS
Sporobolus neglectus Nash,Sporobolus neglectus,Plantae,1500,Italy,ITA,6,terrestrial,introduced,TRUE,DAISIE; FirstRecords; GRIIS
Sporobolus pumilus (Roth) P.M.Peterson & Saarela,Sporobolus pumilus,Plantae,NA,NA,NA,4,brackish; marine; terrestrial,introduced,TRUE,FirstRecords; GRIIS
Sporobolus pyramidalis P. Beauv.; Sporobolus pyramidalis P.Beauv.,Sporobolus pyramidalis,Plantae,1847,Madagascar,MDG,6,terrestrial,"introduced (alien, exotic, non-native, nonindigenous); introduced",TRUE,USRIIS; FirstRecords; GRIIS
Sporobolus tenuissimus (Mart. ex Schrank) Kuntze,Sporobolus tenuissimus,Plantae,NA,NA,NA,8,terrestrial,"introduced (alien, exotic, non-native, nonindigenous); introduced",TRUE,USRIIS; FirstRecords; GRIIS
Sporobolus ×townsendii (H.Groves & J.Groves) P.M.Peterson & Saarela; Sporobolus × townsendii (H.Groves & J.Groves) P.M.Peterson & Saarela,Sporobolus townsendii,Plantae,1500,Germany,DEU,6,brackish; terrestrial,introduced,TRUE,DAISIE; TrIAS; FirstRecords; GRIIS
Sporobolus vaginiflorus (Torr. ex A.Gray) Alph.Wood,Sporobolus vaginiflorus,Plantae,1500,Italy,ITA,8,terrestrial,introduced,TRUE,DAISIE; FirstRecords; GRIIS
"Squalius cephalus (Linnaeus, 1758)",Squalius cephalus,Animalia,2004,Ireland,IRL,2,brackish; freshwater,introduced,TRUE,FirstRecords; GRIIS
Stachys annua (L.) L.,Stachys annua,Plantae,550,Czechia,CZE,17,freshwater; terrestrial,"introduced (alien, exotic, non-native, nonindigenous); introduced",TRUE,DAISIE; USRIIS; FirstRecords; GRIIS
Stachys arvensis (L.) L.,Stachys arvensis,Plantae,-5300,Czechia,CZE,27,terrestrial,"introduced (alien, exotic, non-native, nonindigenous); introduced",TRUE,DAISIE; USRIIS; FirstRecords; GRIIS; InstytutOchronyPrzyrody
Stachytarpheta cayennensis (Rich.) Vahl,Stachytarpheta cayennensis,Plantae,1925,China,CHN,32,terrestrial,"introduced (alien, exotic, non-native, nonindigenous); introduced",TRUE,USRIIS; FirstRecords; GRIIS
Stachytarpheta indica (L.) Vahl,Stachytarpheta indica,Plantae,1888,Congo - Kinshasa,COD,5,terrestrial,introduced,TRUE,SINAS; FirstRecords; GRIIS
Stachytarpheta jamaicensis (L.) Vahl,Stachytarpheta jamaicensis,Plantae,19,China,CHN,46,terrestrial,"introduced (alien, exotic, non-native, nonindigenous); introduced",TRUE,USRIIS; FirstRecords; GRIIS
Stachytarpheta mutabilis (Jacq.) Vahl,Stachytarpheta mutabilis,Plantae,1843,Australia,AUS,11,terrestrial,"introduced (alien, exotic, non-native, nonindigenous); introduced",TRUE,USRIIS; FirstRecords; GRIIS
Stachytarpheta urticifolia (Salisb.) Sims; Stachytarpheta urticifolia Sims,Stachytarpheta urticifolia,Plantae,1902,Philippines,PHL,16,terrestrial,"introduced (alien, exotic, non-native, nonindigenous); introduced",TRUE,SINAS; USRIIS; FirstRecords; GRIIS
"Steatoda nobilis (Thorell, 1875)",Steatoda nobilis,Animalia,2017,Belgium,BEL,4,terrestrial,"introduced (alien, exotic, non-native, nonindigenous); introduced",TRUE,USRIIS; TrIAS; FirstRecords; GRIIS
"Stegobium paniceum (Linnaeus, 1758)",Stegobium paniceum,Animalia,1792,Poland,POL,11,terrestrial,"introduced (alien, exotic, non-native, nonindigenous); introduced",TRUE,USRIIS; FirstRecords; GRIIS; InstytutOchronyPrzyrody
"Stelidota geminata (Say, 1825)",Stelidota geminata,Animalia,1900,Italy,ITA,9,terrestrial,"introduced (alien, exotic, non-native, nonindigenous); introduced",TRUE,USRIIS; TrIAS; FirstRecords; GRIIS; InstytutOchronyPrzyrody
Stellaria alsine Grimm,Stellaria alsine,Plantae,NA,NA,NA,4,terrestrial,introduced,TRUE,FirstRecords; GRIIS
Stellaria apetala Bernardino,Stellaria apetala,Plantae,1846,Chile,CHL,7,terrestrial,introduced,TRUE,FirstRecords; GRIIS
Stellaria aquatica (L.) Scop.,Stellaria aquatica,Plantae,1905,China,CHN,2,terrestrial,introduced,TRUE,SINAS; FirstRecords; GRIIS
Stellaria graminea L.,Stellaria graminea,Plantae,1861,Iceland,ISL,7,terrestrial,"introduced (alien, exotic, non-native, nonindigenous); introduced",TRUE,USRIIS; FirstRecords; GRIIS
Stellaria media (L.) Vill.,Stellaria media,Plantae,1500,Bulgaria,BGR,32,terrestrial,"introduced (alien, exotic, non-native, nonindigenous); introduced",TRUE,DAISIE; USRIIS; FirstRecords; GRIIS
Stellaria media subsp. media,Stellaria media media,Plantae,NA,NA,NA,1,terrestrial,introduced,TRUE,GRIIS
Stemodia verticillata (Mill.) Hassl.,Stemodia verticillata,Plantae,1894,Indonesia,IDN,5,terrestrial,introduced,TRUE,SINAS; FirstRecords; GRIIS
"Stenhomalus taiwanus Matsushita, 1933",Stenhomalus taiwanus,Animalia,1995,United States,USA,1,terrestrial,"introduced (alien, exotic, non-native, nonindigenous)",TRUE,USRIIS
"Stenodiplosis sorghicola Coquillett; Stenodiplosis sorghicola (Coquillett, 1899)",Stenodiplosis sorghicola,Animalia,NA,NA,NA,3,terrestrial,"introduced (alien, exotic, non-native, nonindigenous); introduced",TRUE,USRIIS; GRIIS
"Stenopelmus rufinasus Gyllenhal, 1836; Stenopelmus rufinasus Gyllenhal, 1835",Stenopelmus rufinasus,Animalia,1900,France,FRA,10,freshwater; terrestrial,"introduced (alien, exotic, non-native, nonindigenous); introduced",TRUE,USRIIS; FirstRecords; GRIIS; InstytutOchronyPrzyrody
Stenotaphrum dimidiatum (L.) Brongn.,Stenotaphrum dimidiatum,Plantae,NA,NA,NA,3,terrestrial,introduced,TRUE,FirstRecords; GRIIS
Stenotaphrum secundatum (Walter) Kuntze,Stenotaphrum secundatum,Plantae,1500,Italy,ITA,33,terrestrial,"introduced (alien, exotic, non-native, nonindigenous); introduced",TRUE,DAISIE; USRIIS; FirstRecords; GRIIS
Stephania japonica (Thunb.) Miers,Stephania japonica,Plantae,NA,NA,NA,2,terrestrial,"introduced (alien, exotic, non-native, nonindigenous); introduced",TRUE,USRIIS; GRIIS
"Stephanitis rhododendri HorvAth, 1905; Stephanitis rhododendri Horváth, 1905",Stephanitis rhododendri,Animalia,1890,Netherlands,NLD,6,terrestrial,"introduced (alien, exotic, non-native, nonindigenous); introduced",TRUE,"SINAS, DAISIE; USRIIS; TrIAS; GRIIS"
"Stephanitis takeyai Drake and Maa, 1955; Stephanitis takeyai Drake & Maa, 1955",Stephanitis takeyai,Animalia,1946,United States,USA,3,terrestrial,"introduced (alien, exotic, non-native, nonindigenous); introduced",TRUE,USRIIS; GRIIS
Sterculia apetala (Jacq.) H. Karst.; Sterculia apetala (Jacq.) H.Karst.,Sterculia apetala,Plantae,1915,United States,USA,6,terrestrial,"introduced (alien, exotic, non-native, nonindigenous); introduced",TRUE,USRIIS; FirstRecords; GRIIS
"Sternochetus mangiferae (Fabricius, 1775); Sternochetus mangiferae (J.C.Fabricius, 1775)",Sternochetus mangiferae,Animalia,1905,United States,USA,6,terrestrial,"introduced (alien, exotic, non-native, nonindigenous); introduced",TRUE,USRIIS; FirstRecords; GRIIS
Stictocardia beraviensis (Vatke) Hallier fil.,Stictocardia beraviensis,Plantae,NA,NA,NA,3,terrestrial,introduced,TRUE,FirstRecords; GRIIS
Stictocardia tiliifolia (Desr.) Hallier f.; Stictocardia tiliifolia (Desr.) Hallier fil.,Stictocardia tiliifolia,Plantae,1837,United States,USA,8,terrestrial,"introduced (alien, exotic, non-native, nonindigenous); introduced",TRUE,USRIIS; FirstRecords; GRIIS
"Stictocephala bisonia Kopp & Yonke, 1977",Stictocephala bisonia,Animalia,1920,France,FRA,5,terrestrial,introduced,TRUE,"SINAS, DAISIE; FirstRecords; GRIIS"
"Stigmaeopsis celarius Banks, 1917",Stigmaeopsis celarius,Animalia,1956,United States,USA,1,terrestrial,"introduced (alien, exotic, non-native, nonindigenous)",TRUE,USRIIS
"Stigmella pyri (Glitz, 1865) Vári, 1944",Stigmella pyri,Animalia,NA,NA,NA,2,terrestrial,introduced,TRUE,FirstRecords; GRIIS
Stizolophus balsamita (Lam.) Cass.,Stizolophus balsamita,Plantae,NA,NA,NA,2,terrestrial,introduced,TRUE,FirstRecords; GRIIS
Stomatanthes africanus (Oliv. & Hiern) R.M.King & H.Rob.,Stomatanthes africanus,Plantae,NA,NA,NA,1,terrestrial,introduced,TRUE,FirstRecords; GRIIS
"Stomoxys calcitrans (Linnaeus, 1758)",Stomoxys calcitrans,Animalia,1849,New Zealand,NZL,4,terrestrial,"introduced (alien, exotic, non-native, nonindigenous); introduced",TRUE,SINAS; USRIIS; FirstRecords; GRIIS
Stratiotes aloides L.,Stratiotes aloides,Plantae,1500,Switzerland,CHE,5,freshwater,introduced,TRUE,DAISIE; FirstRecords; GRIIS; Artsdatabanken
"Streptopelia decaocto (Frivaldszky, 1838)",Streptopelia decaocto,Animalia,1550,Turkey,TUR,30,terrestrial,"introduced (alien, exotic, non-native, nonindigenous); introduced",TRUE,SINAS; USRIIS; FirstRecords; GRIIS
"Streptopelia roseogrisea (Sundevall, 1857)",Streptopelia roseogrisea,Animalia,1862,New Zealand,NZL,11,terrestrial,introduced,TRUE,TrIAS; FirstRecords; GRIIS
Striga asiatica (L.) Kuntze,Striga asiatica,Plantae,1957,Mauritius,MUS,13,terrestrial,"introduced (alien, exotic, non-native, nonindigenous); introduced",TRUE,USRIIS; FirstRecords; GRIIS
Striga gesnerioides (Willd.) Vatke,Striga gesnerioides,Plantae,NA,NA,NA,9,terrestrial,"introduced (alien, exotic, non-native, nonindigenous); introduced",TRUE,USRIIS; FirstRecords; GRIIS
Striga hermonthica (Delile) Benth.,Striga hermonthica,Plantae,1950,Benin,BEN,15,terrestrial,introduced,TRUE,FirstRecords; GRIIS ; J.Ganglo_BEN_2026; GRIIS
Strigosella africana (L.) Botsch.,Strigosella africana,Plantae,1895,Belgium,BEL,6,terrestrial,"introduced (alien, exotic, non-native, nonindigenous); introduced",TRUE,USRIIS; TrIAS; FirstRecords; GRIIS
"Striosubulina striatella (Rang, 1831)",Striosubulina striatella,Animalia,2013,Belgium,BEL,3,terrestrial,introduced,TRUE,TrIAS; FirstRecords; GRIIS
Strobilanthes alternata (Burm.fil.) Moylan ex J.R.I.Wood,Strobilanthes alternata,Plantae,1888,Indonesia,IDN,14,terrestrial,"introduced (alien, exotic, non-native, nonindigenous); introduced",TRUE,SINAS; USRIIS; FirstRecords; GRIIS
"Strongyloides Grassi, 1879",Strongyloides,Animalia,NA,NA,NA,1,terrestrial,introduced,TRUE,GRIIS
Struchium sparganophorum (L.) Kuntze,Struchium sparganophorum,Plantae,1869,Indonesia,IDN,10,freshwater; terrestrial,introduced,TRUE,SINAS; FirstRecords; GRIIS
Stuckenia pectinata (L.) Borner; Stuckenia pectinata (L.) Börner,Stuckenia pectinata,Plantae,1865,Mexico,MEX,5,freshwater,"introduced (alien, exotic, non-native, nonindigenous); introduced",TRUE,USRIIS; FirstRecords; GRIIS
"Sturnus vulgaris Linnaeus, 1758",Sturnus vulgaris,Animalia,1840,Australia,AUS,16,terrestrial,"introduced (alien, exotic, non-native, nonindigenous); introduced",TRUE,USRIIS; FirstRecords; GRIIS
Stylosanthes guianensis (Aubl.) Sw.,Stylosanthes guianensis,Plantae,1934,Australia,AUS,25,terrestrial,"introduced (alien, exotic, non-native, nonindigenous); introduced",TRUE,USRIIS; FirstRecords; GRIIS; B.Shrestha_NPL_2026
Stylosanthes hamata (L.) Taub.,Stylosanthes hamata,Plantae,1880,India,IND,5,terrestrial,introduced,TRUE,FirstRecords; GRIIS
Stylosanthes humilis Kunth,Stylosanthes humilis,Plantae,1845,Indonesia,IDN,12,terrestrial,introduced,TRUE,SINAS; FirstRecords; GRIIS
Stylosanthes viscosa (L.) Sw.,Stylosanthes viscosa,Plantae,1973,Australia,AUS,5,terrestrial,"introduced (alien, exotic, non-native, nonindigenous); introduced",TRUE,USRIIS; FirstRecords; GRIIS
Styphnolobium japonicum (L.) Schott,Styphnolobium japonicum,Plantae,1500,Italy,ITA,16,terrestrial,"introduced (alien, exotic, non-native, nonindigenous); introduced",TRUE,DAISIE; USRIIS; TrIAS; FirstRecords; GRIIS
"Subulina octona (Bruguiere, 1792); Subulina octona (Bruguière, 1789)",Subulina octona,Animalia,1903,United States,USA,5,terrestrial,"introduced (alien, exotic, non-native, nonindigenous); introduced",TRUE,USRIIS; FirstRecords; GRIIS
"Suncus etruscus (Savi, 1822)",Suncus etruscus,Animalia,-3500,Italy,ITA,4,terrestrial,introduced,TRUE,DAISIE; FirstRecords; GRIIS
"Suncus murinus (Linnaeus, 1766)",Suncus murinus,Animalia,17,Japan,JPN,14,terrestrial,introduced,TRUE,SINAS; FirstRecords; GRIIS
"Supella longipalpa (Fabricius, 1798)",Supella longipalpa,Animalia,1921,United States,USA,10,terrestrial,"introduced (alien, exotic, non-native, nonindigenous); introduced",TRUE,USRIIS; FirstRecords; GRIIS
"Sus scrofa Linnaeus, 1758",Sus scrofa,Animalia,-7000,Italy,ITA,53,terrestrial,introduced: assisted colonization; introduced,TRUE,USRIIS; FirstRecords; GRIIS; Artsdatabanken
Swietenia macrophylla King; Swietenia macrophylla G.King,Swietenia macrophylla,Plantae,NA,NA,NA,19,terrestrial,"introduced (alien, exotic, non-native, nonindigenous); introduced",TRUE,USRIIS; FirstRecords; GRIIS
Swietenia mahagoni (L.) Jacq.,Swietenia mahagoni,Plantae,1867,India,IND,8,terrestrial,"introduced (alien, exotic, non-native, nonindigenous); introduced",TRUE,USRIIS; FirstRecords; GRIIS
Syagrus romanzoffiana (Cham.) Glassman,Syagrus romanzoffiana,Plantae,1888,Australia,AUS,8,terrestrial,"introduced (alien, exotic, non-native, nonindigenous); introduced",TRUE,USRIIS; FirstRecords; GRIIS
"Sylvilagus floridanus (J.A.Allen, 1890)",Sylvilagus floridanus,Animalia,1900,Germany,DEU,4,terrestrial,introduced,TRUE,DAISIE; TrIAS; FirstRecords; GRIIS
Symphoricarpos albus (L.) K.Koch,Symphoricarpos albus,Plantae,1500,Switzerland,CHE,27,freshwater; terrestrial,introduced,TRUE,DAISIE; TrIAS; FirstRecords; GRIIS; Artsdatabanken; InstytutOchronyPrzyrody
Symphoricarpos albus var. laevigatus (Fernald) S.F.Blake,Symphoricarpos albus laevigatus,Plantae,1870,Sweden,SWE,5,terrestrial,introduced,TRUE,FirstRecords; GRIIS
Symphyotrichum Nees,Symphyotrichum,Plantae,NA,NA,NA,9,terrestrial,introduced,TRUE,GRIIS
Symphyotrichum ciliatum (Ledeb.) G.L.Nesom,Symphyotrichum ciliatum,Plantae,1921,Canada,CAN,5,terrestrial,introduced,TRUE,SINAS; TrIAS; FirstRecords; GRIIS
Symphyotrichum graminifolium (Spreng.) G.L.Nesom,Symphyotrichum graminifolium,Plantae,NA,NA,NA,3,terrestrial,introduced,TRUE,FirstRecords; GRIIS
Symphyotrichum lanceolatum (Willd.) G.L.Nesom,Symphyotrichum lanceolatum,Plantae,1780,Austria,AUT,18,freshwater; terrestrial,introduced,TRUE,SINAS; TrIAS; FirstRecords; GRIIS; Artsdatabanken; InstytutOchronyPrzyrody
Symphyotrichum novae-angliae (L.) G.L.Nesom,Symphyotrichum novae-angliae,Plantae,1823,United Kingdom,GBR,22,terrestrial,introduced,TRUE,SINAS; TrIAS; FirstRecords; GRIIS; InstytutOchronyPrzyrody
Symphyotrichum novi-belgii (L.) G.L.Nesom,Symphyotrichum novi-belgii,Plantae,1700,Sweden,SWE,33,terrestrial,introduced,TRUE,TrIAS; FirstRecords; GRIIS; Artsdatabanken; InstytutOchronyPrzyrody
Symphyotrichum ×salignum (Willd.) G.L.Nesom; Symphyotrichum × salignum (Willd.) G.L.Nesom,Symphyotrichum salignum,Plantae,1820,Estonia,EST,11,freshwater; terrestrial,introduced,TRUE,TrIAS; FirstRecords; GRIIS
Symphyotrichum squamatum (Spreng.) G.L.Nesom,Symphyotrichum squamatum,Plantae,1770,Australia,AUS,26,terrestrial,introduced,TRUE,FirstRecords; GRIIS; M.McGeoch_AUS_2025
Symphyotrichum subulatum (Michx.) G.L.Nesom,Symphyotrichum subulatum,Plantae,NA,NA,NA,6,terrestrial,introduced,TRUE,TrIAS; FirstRecords; GRIIS
Symphyotrichum × versicolor (Willd.) G.L.Nesom,Symphyotrichum versicolor,Plantae,NA,NA,NA,6,terrestrial,introduced,TRUE,FirstRecords; GRIIS
Symphytum asperum Lepech.,Symphytum asperum,Plantae,1500,Switzerland,CHE,20,freshwater; terrestrial,"introduced (alien, exotic, non-native, nonindigenous); introduced",TRUE,DAISIE; USRIIS; TrIAS; FirstRecords; GRIIS; Artsdatabanken
Symphytum caucasicum M.Bieb.,Symphytum caucasicum,Plantae,1500,United Kingdom,GBR,6,terrestrial,introduced,TRUE,DAISIE; TrIAS; FirstRecords; GRIIS
Symphytum officinale L.,Symphytum officinale,Plantae,1400,Sweden,SWE,13,terrestrial,"introduced (alien, exotic, non-native, nonindigenous); introduced",TRUE,USRIIS; FirstRecords; GRIIS; Artsdatabanken
Symphytum × uplandicum Nyman,Symphytum uplandicum,Plantae,1500,Germany,DEU,13,terrestrial,introduced,TRUE,DAISIE; FirstRecords; GRIIS; Artsdatabanken
Synedrella nodiflora (L.) Gaertn.,Synedrella nodiflora,Plantae,1834,India,IND,39,terrestrial,"introduced (alien, exotic, non-native, nonindigenous); introduced",TRUE,USRIIS; FirstRecords; GRIIS
Syngonium angustatum Schott,Syngonium angustatum,Plantae,NA,NA,NA,13,terrestrial,"introduced (alien, exotic, non-native, nonindigenous); introduced",TRUE,USRIIS; FirstRecords; GRIIS
Syngonium podophyllum Schott,Syngonium podophyllum,Plantae,1920,Indonesia,IDN,28,freshwater; terrestrial,"introduced (alien, exotic, non-native, nonindigenous); introduced",TRUE,SINAS; USRIIS; FirstRecords; GRIIS
Syringa vulgaris L.,Syringa vulgaris,Plantae,1500,United Kingdom,GBR,33,freshwater; terrestrial,"introduced (alien, exotic, non-native, nonindigenous); introduced",TRUE,DAISIE; USRIIS; TrIAS; FirstRecords; GRIIS; Artsdatabanken; InstytutOchronyPrzyrody
Syzygium aromaticum (L.) Merr. & L.M.Perry,Syzygium aromaticum,Plantae,NA,NA,NA,4,terrestrial,introduced,TRUE,FirstRecords; GRIIS
Syzygium australe (J.C.Wendl. ex Link) B.Hyland,Syzygium australe,Plantae,NA,NA,NA,1,terrestrial,introduced,TRUE,GRIIS
Syzygium balsameum (Wight) Wall. ex Walp.,Syzygium balsameum,Plantae,NA,NA,NA,1,terrestrial,introduced,TRUE,FirstRecords; GRIIS
Syzygium cumini (L.) Skeels,Syzygium cumini,Plantae,1809,Australia,AUS,50,terrestrial,"introduced (alien, exotic, non-native, nonindigenous); introduced",TRUE,USRIIS; FirstRecords; GRIIS
Syzygium fruticosum (Roxb.) DC.,Syzygium fruticosum,Plantae,NA,NA,NA,1,terrestrial,introduced,TRUE,FirstRecords; GRIIS
Syzygium jambos (L.) Alston,Syzygium jambos,Plantae,1762,Jamaica,JAM,51,terrestrial,"introduced (alien, exotic, non-native, nonindigenous); introduced",TRUE,USRIIS; FirstRecords; GRIIS
Syzygium malaccense (L.) Merr. and L.M. Perry; Syzygium malaccense (L.) Merr. & L.M.Perry,Syzygium malaccense,Plantae,600,United States,USA,20,terrestrial,"introduced (alien, exotic, non-native, nonindigenous); introduced",TRUE,USRIIS; FirstRecords; GRIIS
Syzygium paniculatum Gaertn.,Syzygium paniculatum,Plantae,1858,South Africa,ZAF,1,terrestrial,introduced,TRUE,FirstRecords; GRIIS
Syzygium samarangense (Blume) Merr. & L.M.Perry,Syzygium samarangense,Plantae,NA,NA,NA,6,terrestrial,introduced,TRUE,FirstRecords; GRIIS
Syzygium smithii (Poir.) Nied.,Syzygium smithii,Plantae,1843,Australia,AUS,2,terrestrial,introduced,TRUE,SINAS; FirstRecords; GRIIS
Tabebuia heterophylla (DC.) Britton,Tabebuia heterophylla,Plantae,1927,United States,USA,16,terrestrial,"introduced (alien, exotic, non-native, nonindigenous); introduced",TRUE,USRIIS; FirstRecords; GRIIS
Tabebuia pallida (Lindl.) Miers,Tabebuia pallida,Plantae,2007,United States,USA,6,terrestrial,"introduced (alien, exotic, non-native, nonindigenous); introduced",TRUE,USRIIS; FirstRecords; GRIIS
Tabebuia rosea (Bertol.) DC.; Tabebuia rosea (Bertol.) Bertero ex A.DC.,Tabebuia rosea,Plantae,1912,Australia,AUS,11,terrestrial,"introduced (alien, exotic, non-native, nonindigenous); introduced",TRUE,SINAS; USRIIS; FirstRecords; GRIIS
Taeniatherum caput-medusae (L.) Nevski,Taeniatherum caput-medusae,Plantae,1807,Estonia,EST,7,freshwater; terrestrial,"introduced (alien, exotic, non-native, nonindigenous); introduced",TRUE,USRIIS; TrIAS; FirstRecords; GRIIS
Tagetes erecta L.,Tagetes erecta,Plantae,1500,Czechia,CZE,51,freshwater; terrestrial,"introduced (alien, exotic, non-native, nonindigenous); introduced",TRUE,DAISIE; USRIIS; TrIAS; FirstRecords; GRIIS; M.McGeoch_AUS_2025
Tagetes minima L.,Tagetes minima,Plantae,NA,NA,NA,2,terrestrial,"introduced (alien, exotic, non-native, nonindigenous); introduced",TRUE,USRIIS; FirstRecords; GRIIS
Tagetes minuta L.,Tagetes minuta,Plantae,1500,Italy,ITA,52,terrestrial,"introduced (alien, exotic, non-native, nonindigenous); introduced",TRUE,DAISIE; USRIIS; TrIAS; FirstRecords; GRIIS; B.Shrestha_NPL_2026
"Takydromus sexlineatus Daudin, 1802",Takydromus sexlineatus,Animalia,NA,NA,NA,1,terrestrial,introduced,TRUE,FirstRecords; GRIIS
Talinum fruticosum (L.) Juss.,Talinum fruticosum,Plantae,1979,United States,USA,12,terrestrial,"introduced (alien, exotic, non-native, nonindigenous); introduced",TRUE,USRIIS; FirstRecords; GRIIS
Talinum paniculatum (Jacq.) Gaertn.,Talinum paniculatum,Plantae,1476,China,CHN,14,terrestrial,"introduced (alien, exotic, non-native, nonindigenous); introduced",TRUE,USRIIS; FirstRecords; GRIIS
Talipariti tiliaceum (L.) Fryxell,Talipariti tiliaceum,Plantae,NA,NA,NA,19,terrestrial,"introduced (alien, exotic, non-native, nonindigenous); introduced",TRUE,USRIIS; FirstRecords; GRIIS
"Talitroides alluaudi (Chevreux, 1896)",Talitroides alluaudi,Animalia,1896,France,FRA,2,terrestrial,"introduced (alien, exotic, non-native, nonindigenous); introduced",TRUE,USRIIS; FirstRecords; GRIIS
Tamarindus indica L.,Tamarindus indica,Plantae,1405,China,CHN,21,terrestrial,"introduced (alien, exotic, non-native, nonindigenous); introduced",TRUE,SINAS; USRIIS; FirstRecords; GRIIS
Tamarix africana Poir.,Tamarix africana,Plantae,1500,United Kingdom,GBR,3,terrestrial,"introduced (alien, exotic, non-native, nonindigenous); introduced",TRUE,DAISIE; USRIIS; FirstRecords; GRIIS
Tamarix aphylla (L.) H. Karst.; Tamarix aphylla (L.) H.Karst.,Tamarix aphylla,Plantae,1946,Australia,AUS,9,terrestrial,"introduced (alien, exotic, non-native, nonindigenous); introduced",TRUE,USRIIS; FirstRecords; GRIIS
Tamarix chinensis Lour.,Tamarix chinensis,Plantae,1858,South Africa,ZAF,4,terrestrial,"introduced (alien, exotic, non-native, nonindigenous); introduced",TRUE,USRIIS; FirstRecords; GRIIS
Tamarix gallica L.,Tamarix gallica,Plantae,1500,United Kingdom,GBR,14,terrestrial,"introduced (alien, exotic, non-native, nonindigenous); introduced",TRUE,DAISIE; USRIIS; TrIAS; FirstRecords; GRIIS
Tamarix indica Willd.,Tamarix indica,Plantae,1970,Australia,AUS,2,terrestrial,introduced,TRUE,FirstRecords; GRIIS
Tamarix parviflora DC.,Tamarix parviflora,Plantae,1500,Italy,ITA,8,terrestrial,"introduced (alien, exotic, non-native, nonindigenous); introduced",TRUE,DAISIE; USRIIS; TrIAS; FirstRecords; GRIIS; M.McGeoch_AUS_2025
Tamarix ramosissima Ledeb.,Tamarix ramosissima,Plantae,1900,Austria,AUT,9,freshwater; terrestrial,"introduced (alien, exotic, non-native, nonindigenous); introduced",TRUE,DAISIE; USRIIS; FirstRecords; GRIIS
"Tamias sibiricus (Laxmann, 1769)",Tamias sibiricus,Animalia,1850,Russia,RUS,12,terrestrial,introduced,TRUE,TrIAS; FirstRecords; GRIIS
"Tamiasciurus hudsonicus (Erxleben, 1777)",Tamiasciurus hudsonicus,Animalia,NA,NA,NA,1,terrestrial,introduced,TRUE,GRIIS
Tanacetum vulgare L.,Tanacetum vulgare,Plantae,1856,Denmark,DNK,16,terrestrial,"introduced (alien, exotic, non-native, nonindigenous); introduced",TRUE,USRIIS; FirstRecords; GRIIS
"Tanichthys albonubes Linnaeus, 1932",Tanichthys albonubes,Animalia,1971,Canada,CAN,5,brackish; freshwater; marine,"introduced (alien, exotic, non-native, nonindigenous); introduced",TRUE,USRIIS; FirstRecords; GRIIS
"Tapinoma melanocephalum (Fabricius, 1793)",Tapinoma melanocephalum,Animalia,1887,Indonesia,IDN,69,terrestrial,"introduced (alien, exotic, non-native, nonindigenous); introduced",TRUE,SINAS; USRIIS; TrIAS; FirstRecords; GRIIS
"Tapinoma simrothi Krausse, 1911",Tapinoma simrothi,Animalia,1985,Oman,OMN,2,terrestrial,introduced,TRUE,SINAS; FirstRecords; GRIIS
Taraxacum croceum Dahlst.,Taraxacum croceum,Plantae,1943,Zimbabwe,ZWE,17,terrestrial,introduced,TRUE,FirstRecords; GRIIS
Taraxacum erythrospermum Andrz. ex Besser,Taraxacum erythrospermum,Plantae,1905,Canada,CAN,3,terrestrial,"introduced (alien, exotic, non-native, nonindigenous); introduced",TRUE,USRIIS; FirstRecords; GRIIS
Taraxacum officinale Weber ex F.H.Wigg.,Taraxacum officinale,Plantae,1843,New Zealand,NZL,24,terrestrial,introduced,TRUE,SINAS; FirstRecords; GRIIS
"Tarebia granifera (Lamarck, 1822); Tarebia granifera (Lamarck, 1816)",Tarebia granifera,Animalia,1856,United States,USA,9,brackish; freshwater; terrestrial,"introduced (alien, exotic, non-native, nonindigenous); introduced",TRUE,USRIIS; FirstRecords; GRIIS
Tarenaya aculeata (L.) Soares Neto & Roalson,Tarenaya aculeata,Plantae,NA,NA,NA,3,terrestrial,introduced,TRUE,FirstRecords; GRIIS
"Tarentola mauritanica (Linnaeus, 1758)",Tarentola mauritanica,Animalia,300,Spain,ESP,7,terrestrial,"introduced (alien, exotic, non-native, nonindigenous); introduced",TRUE,DAISIE; USRIIS; TrIAS; FirstRecords; GRIIS
"Taurotragus derbianus (Gray, 1847)",Taurotragus derbianus,Animalia,NA,NA,NA,1,terrestrial,introduced,TRUE,FirstRecords; GRIIS
Taxus cuspidata Siebold and Zucc.; Taxus cuspidata Siebold & Zucc.,Taxus cuspidata,Plantae,NA,NA,NA,3,terrestrial,"introduced (alien, exotic, non-native, nonindigenous); introduced",TRUE,USRIIS; FirstRecords; GRIIS
Taxus × media Rehder,Taxus media,Plantae,1897,Norway,NOR,3,terrestrial,introduced,TRUE,SINAS; FirstRecords; GRIIS; Artsdatabanken
"Technomyrmex albipes (Smith, 1861)",Technomyrmex albipes,Animalia,1887,Madagascar,MDG,11,terrestrial,"introduced (alien, exotic, non-native, nonindigenous); introduced",TRUE,USRIIS; FirstRecords; GRIIS
"Tecia solanivora (Povolný, 1973)",Tecia solanivora,Animalia,1970,Costa Rica,CRI,3,terrestrial,introduced,TRUE,EPPO Distribution; FirstRecords; GRIIS
Tecoma stans (L.) Juss. ex Kunth,Tecoma stans,Plantae,1827,India,IND,50,terrestrial,"introduced (alien, exotic, non-native, nonindigenous); introduced",TRUE,USRIIS; FirstRecords; GRIIS
Tecomaria capensis (Thunb.) Spach,Tecomaria capensis,Plantae,1500,Italy,ITA,20,terrestrial,introduced,TRUE,DAISIE; FirstRecords; GRIIS
Tectona grandis L.f.,Tectona grandis,Plantae,1889,Nigeria,NGA,22,terrestrial,introduced,TRUE,SINAS; FirstRecords; GRIIS; B.Shrestha_NPL_2026
Telekia speciosa (Schreb.) Baumg.,Telekia speciosa,Plantae,1500,Czechia,CZE,16,freshwater; terrestrial,introduced,TRUE,DAISIE; TrIAS; FirstRecords; GRIIS; Artsdatabanken; InstytutOchronyPrzyrody
"Tenebrio molitor Linnaeus, 1758",Tenebrio molitor,Animalia,NA,NA,NA,7,terrestrial,"introduced (alien, exotic, non-native, nonindigenous); introduced",TRUE,USRIIS; FirstRecords; GRIIS
"Tenebrio obscurus Fabricius, 1792",Tenebrio obscurus,Animalia,1848,Estonia,EST,7,terrestrial,"introduced (alien, exotic, non-native, nonindigenous); introduced",TRUE,USRIIS; FirstRecords; GRIIS
"Tenebroides mauritanicus (Linnaeus, 1758)",Tenebroides mauritanicus,Animalia,1350,Czech Republic,CZE,11,brackish; freshwater; marine; terrestrial,"introduced (alien, exotic, non-native, nonindigenous); introduced",TRUE,USRIIS; FirstRecords; GRIIS
"Tenrec ecaudatus (Schreber, 1778)",Tenrec ecaudatus,Animalia,1845,Comoros,COM,3,terrestrial,introduced,TRUE,FirstRecords; GRIIS
Tephrocactus articulatus (Pfeiff. ex Otto) Backeb.,Tephrocactus articulatus,Plantae,NA,NA,NA,1,terrestrial,introduced,TRUE,FirstRecords; GRIIS
Tephrosia candida DC.,Tephrosia candida,Plantae,1860,Indonesia,IDN,30,terrestrial,"introduced (alien, exotic, non-native, nonindigenous); introduced",TRUE,SINAS; USRIIS; FirstRecords; GRIIS
Tephrosia purpurea (L.) Pers.,Tephrosia purpurea,Plantae,1840,South Africa,ZAF,9,terrestrial,"introduced (alien, exotic, non-native, nonindigenous); introduced",TRUE,USRIIS; FirstRecords; GRIIS
Tephrosia vogelii Hook.f.,Tephrosia vogelii,Plantae,1881,Madagascar,MDG,13,terrestrial,introduced,TRUE,FirstRecords; GRIIS
Terminalia catappa L.,Terminalia catappa,Plantae,1841,Nigeria,NGA,50,terrestrial,"introduced (alien, exotic, non-native, nonindigenous); introduced",TRUE,SINAS; USRIIS; FirstRecords; GRIIS
Terminalia muelleri Benth.,Terminalia muelleri,Plantae,NA,NA,NA,2,terrestrial,"introduced (alien, exotic, non-native, nonindigenous); introduced",TRUE,USRIIS; FirstRecords; GRIIS
Tetradium daniellii (Benn.) T.G. Hartley; Tetradium daniellii (Benn.) T.G.Hartley,Tetradium daniellii,Plantae,1500,Slovakia,SVK,2,terrestrial,"introduced (alien, exotic, non-native, nonindigenous); introduced",TRUE,DAISIE; USRIIS; FirstRecords; GRIIS
Tetragonia tetragonioides (Pall.) Kuntze; Tetragonia tetragonioides (Pallas) Kuntze,Tetragonia tetragonioides,Plantae,1500,Italy,ITA,22,terrestrial,"introduced (alien, exotic, non-native, nonindigenous); introduced",TRUE,DAISIE; USRIIS; TrIAS; FirstRecords; GRIIS
Tetragonia tetragonoides (Pall.) Kuntze,Tetragonia tetragonoides,Plantae,NA,NA,NA,8,terrestrial,introduced,TRUE,FirstRecords; GRIIS
"Tetraleurodes acaciae (Quaintance, 1900)",Tetraleurodes acaciae,Animalia,2021,United States,USA,1,terrestrial,"introduced (alien, exotic, non-native, nonindigenous)",TRUE,USRIIS
"Tetramorium bicarinatum (Nylander, 1846)",Tetramorium bicarinatum,Animalia,1879,United States,USA,17,terrestrial,"introduced (alien, exotic, non-native, nonindigenous); introduced",TRUE,USRIIS; TrIAS; FirstRecords; GRIIS
"Tetramorium caldarium (Roger, 1857)",Tetramorium caldarium,Animalia,1847,Portugal,PRT,8,terrestrial,"introduced (alien, exotic, non-native, nonindigenous); introduced",TRUE,DAISIE; USRIIS; FirstRecords; GRIIS
"Tetramorium simillimum (Smith, 1851)",Tetramorium simillimum,Animalia,1851,United Kingdom,GBR,14,terrestrial,"introduced (alien, exotic, non-native, nonindigenous); introduced",TRUE,USRIIS; FirstRecords; GRIIS
"Tetranychus kanzawai Kishida, 1927",Tetranychus kanzawai,Animalia,NA,NA,NA,1,terrestrial,"introduced (alien, exotic, non-native, nonindigenous)",TRUE,USRIIS
"Tetranychus urticae Koch, 1836",Tetranychus urticae,Animalia,NA,NA,NA,5,terrestrial,"introduced (alien, exotic, non-native, nonindigenous); introduced",TRUE,USRIIS; GRIIS
"Tetraodon duboisi Poll, 1959",Tetraodon duboisi,Animalia,NA,NA,NA,1,freshwater,introduced,TRUE,FirstRecords; GRIIS
"Tetraodon lineatus Linnaeus, 1758",Tetraodon lineatus,Animalia,NA,NA,NA,1,brackish; freshwater,introduced,TRUE,FirstRecords; GRIIS
"Tetraodon mbu Boulenger, 1899",Tetraodon mbu,Animalia,NA,NA,NA,1,brackish; freshwater,introduced,TRUE,FirstRecords; GRIIS
"Tetraodon miurus Boulenger, 1902",Tetraodon miurus,Animalia,NA,NA,NA,1,freshwater,introduced,TRUE,FirstRecords; GRIIS
Tetrapanax papyrifer (Hook.) K. Koch; Tetrapanax papyrifer (Hook.) K.Koch,Tetrapanax papyrifer,Plantae,1894,Indonesia,IDN,8,terrestrial,"introduced (alien, exotic, non-native, nonindigenous); introduced",TRUE,SINAS; USRIIS; FirstRecords; GRIIS
"Tetropium fuscum (Fabricius, 1787)",Tetropium fuscum,Animalia,1990,Canada,CAN,1,terrestrial,introduced,TRUE,FirstRecords; GRIIS
"Tetropium gabrieli Weise, 1905",Tetropium gabrieli,Animalia,1871,Norway,NOR,3,terrestrial,introduced,TRUE,SINAS; FirstRecords; GRIIS
Teucrium vesicarium Mill.,Teucrium vesicarium,Plantae,NA,NA,NA,4,terrestrial,introduced,TRUE,FirstRecords; GRIIS
"Thaumastocoris peregrinus D.L.Carpintero and Dellap, 2006.Win; Thaumastocoris peregrinus D.L.Carpintero & Dellapé, 2006",Thaumastocoris peregrinus,Animalia,2003,South Africa,ZAF,2,terrestrial,"introduced (alien, exotic, non-native, nonindigenous); introduced",TRUE,"CABI, SINAS, EPPO Distribution; USRIIS; GRIIS"
"Thaumatotibia leucotreta (Meyrick, 1913)",Thaumatotibia leucotreta,Animalia,1965,Finland,FIN,7,terrestrial,introduced,TRUE,SINAS; TrIAS; FirstRecords; GRIIS
"Thaumetopoea processionea Linnaeus, 1758",Thaumetopoea processionea,Animalia,2005,United Kingdom,GBR,2,terrestrial,introduced,TRUE,FirstRecords; GRIIS
"Theba pisana (Müller, 1774); Theba pisana (O.F.Müller, 1774)",Theba pisana,Animalia,1880,Ireland,IRL,14,terrestrial,"introduced (alien, exotic, non-native, nonindigenous); introduced",TRUE,USRIIS; TrIAS; FirstRecords; GRIIS
"Thecodiplosis japonensis Uchida & Inouye, 1955",Thecodiplosis japonensis,Animalia,1920,South Korea,KOR,1,terrestrial,introduced,TRUE,FirstRecords; GRIIS
Themeda arguens (L.) Hack.,Themeda arguens,Plantae,NA,NA,NA,5,terrestrial,"introduced (alien, exotic, non-native, nonindigenous); introduced",TRUE,USRIIS; FirstRecords; GRIIS
Themeda quadrivalvis (L.) Kuntze,Themeda quadrivalvis,Plantae,1932,Australia,AUS,10,terrestrial,"introduced (alien, exotic, non-native, nonindigenous); introduced",TRUE,USRIIS; FirstRecords; GRIIS
Theobroma cacao L.,Theobroma cacao,Plantae,NA,NA,NA,9,terrestrial,introduced,TRUE,FirstRecords; GRIIS
"Theodoxus fluviatilis (Linnaeus, 1758)",Theodoxus fluviatilis,Animalia,1955,Ukraine,UKR,4,brackish; freshwater,introduced,TRUE,FirstRecords; GRIIS
Thermopsis dolichocarpa V.A.Nikitin,Thermopsis dolichocarpa,Plantae,NA,NA,NA,1,terrestrial,introduced,TRUE,FirstRecords; GRIIS
Thespesia lampas (Cav.) Dalzell & A.Gibson,Thespesia lampas,Plantae,NA,NA,NA,1,terrestrial,introduced,TRUE,FirstRecords; GRIIS
Thespesia populnea (L.) Sol. ex Corrêa,Thespesia populnea,Plantae,NA,NA,NA,12,terrestrial,"introduced (alien, exotic, non-native, nonindigenous); introduced",TRUE,USRIIS; FirstRecords; GRIIS
Thinopyrum acutum (DC.) Banfi,Thinopyrum acutum,Plantae,1968,New Zealand,NZL,3,terrestrial,introduced,TRUE,FirstRecords; GRIIS
Thinopyrum intermedium (Host) Barkworth and D.R. Dewey; Thinopyrum intermedium (Host) Barkworth & D.R.Dewey,Thinopyrum intermedium,Plantae,1820,Norway,NOR,7,terrestrial,"introduced (alien, exotic, non-native, nonindigenous); introduced",TRUE,SINAS; USRIIS; FirstRecords; GRIIS
Thinopyrum junceiforme (Á.Löve & D.Löve) Á.Löve,Thinopyrum junceiforme,Plantae,1980,Australia,AUS,1,terrestrial,introduced,TRUE,GRIIS; M.McGeoch_AUS_2025
Thinopyrum obtusiflorum (DC.) Banfi,Thinopyrum obtusiflorum,Plantae,1900,Belgium,BEL,7,terrestrial,introduced,TRUE,TrIAS; GRIIS
Thladiantha dubia Bunge,Thladiantha dubia,Plantae,1500,Slovakia,SVK,20,terrestrial,"introduced (alien, exotic, non-native, nonindigenous); introduced",TRUE,DAISIE; USRIIS; TrIAS; FirstRecords; GRIIS; InstytutOchronyPrzyrody
Thlaspi arvense L.,Thlaspi arvense,Plantae,1500,Poland,POL,27,terrestrial,"introduced (alien, exotic, non-native, nonindigenous); introduced",TRUE,USRIIS; FirstRecords; GRIIS; InstytutOchronyPrzyrody
"Threskiornis aethiopicus (Latham, 1790)",Threskiornis aethiopicus,Animalia,1960,United Kingdom,GBR,11,freshwater; terrestrial,introduced,TRUE,TrIAS; FirstRecords; GRIIS
Thrincia saxatilis (Lam.) Holub & Moravec,Thrincia saxatilis,Plantae,NA,NA,NA,7,terrestrial,introduced,TRUE,FirstRecords; GRIIS; Artsdatabanken
"Thrips palmi Karny, 1925",Thrips palmi,Animalia,1978,Japan,JPN,3,terrestrial,"introduced (alien, exotic, non-native, nonindigenous); introduced",TRUE,"CABI, SINAS, EPPO Distribution; USRIIS; FirstRecords; GRIIS"
"Thrips simplex (Morison, 1930)",Thrips simplex,Animalia,1932,United States,USA,3,terrestrial,"introduced (alien, exotic, non-native, nonindigenous); introduced",TRUE,USRIIS; FirstRecords; GRIIS
"Thrips tabaci Lindeman, 1889",Thrips tabaci,Animalia,1872,United States,USA,5,terrestrial,"introduced (alien, exotic, non-native, nonindigenous); introduced",TRUE,USRIIS; FirstRecords; GRIIS
Thuja occidentalis L.,Thuja occidentalis,Plantae,1500,Czechia,CZE,17,freshwater; terrestrial,introduced,TRUE,DAISIE; TrIAS; FirstRecords; GRIIS; Artsdatabanken; InstytutOchronyPrzyrody
Thunbergia alata Bojer ex Sims,Thunbergia alata,Plantae,1843,Australia,AUS,47,terrestrial,"introduced (alien, exotic, non-native, nonindigenous); introduced",TRUE,USRIIS; TrIAS; FirstRecords; GRIIS
Thunbergia fragrans Roxb.,Thunbergia fragrans,Plantae,1843,Australia,AUS,23,terrestrial,"introduced (alien, exotic, non-native, nonindigenous); introduced",TRUE,USRIIS; FirstRecords; GRIIS
Thunbergia grandiflora Roxb.; Thunbergia grandiflora (Roxb. ex Rottler) Roxb.,Thunbergia grandiflora,Plantae,1851,Singapore,SGP,44,terrestrial,"introduced (alien, exotic, non-native, nonindigenous); introduced",TRUE,USRIIS; FirstRecords; GRIIS
Thunbergia laurifolia Lindl.,Thunbergia laurifolia,Plantae,1950,Australia,AUS,8,terrestrial,"introduced (alien, exotic, non-native, nonindigenous); introduced",TRUE,USRIIS; FirstRecords; GRIIS
"Thylodrias contractus Motschulsky, 1839",Thylodrias contractus,Animalia,1902,United States,USA,5,terrestrial,"introduced (alien, exotic, non-native, nonindigenous); introduced",TRUE,USRIIS; FirstRecords; GRIIS
Thymelaea passerina (L.) Coss. and Germ.; Thymelaea passerina (L.) Coss. & Germ.,Thymelaea passerina,Plantae,1500,Poland,POL,4,terrestrial,"introduced (alien, exotic, non-native, nonindigenous); introduced",TRUE,USRIIS; FirstRecords; GRIIS; InstytutOchronyPrzyrody
Thymophylla pentachaeta (DC.) Small,Thymophylla pentachaeta,Plantae,NA,NA,NA,1,terrestrial,introduced,TRUE,FirstRecords; GRIIS
Thymus praecox Opiz,Thymus praecox,Plantae,1903,Canada,CAN,4,terrestrial,"introduced (alien, exotic, non-native, nonindigenous); introduced",TRUE,USRIIS; FirstRecords; GRIIS
Thymus vulgaris L.,Thymus vulgaris,Plantae,1500,Czechia,CZE,18,freshwater; terrestrial,"introduced (alien, exotic, non-native, nonindigenous); introduced",TRUE,DAISIE; USRIIS; TrIAS; FirstRecords; GRIIS
"Thysanocnemis bischoffi Blatchley & Leng, 1916",Thysanocnemis bischoffi,Animalia,NA,NA,NA,2,terrestrial,introduced,TRUE,FirstRecords; GRIIS
Thysanolaena latifolia (Roxb. ex Hornem.) Honda,Thysanolaena latifolia,Plantae,1894,Singapore,SGP,6,terrestrial,"introduced (alien, exotic, non-native, nonindigenous); introduced",TRUE,USRIIS; FirstRecords; GRIIS
"Tilapia sparrmanii Smith, 1840",Tilapia sparrmanii,Animalia,NA,NA,NA,2,brackish; freshwater,introduced,TRUE,FirstRecords; GRIIS
Tilia platyphyllos Scop.,Tilia platyphyllos,Plantae,1797,Estonia,EST,10,freshwater; terrestrial,"introduced (alien, exotic, non-native, nonindigenous); introduced",TRUE,USRIIS; FirstRecords; GRIIS; Artsdatabanken
"Tiliqua scincoides (White, 1790)",Tiliqua scincoides,Animalia,NA,NA,NA,1,terrestrial,introduced,TRUE,FirstRecords; GRIIS
Tillandsia usneoides (L.) L.,Tillandsia usneoides,Plantae,1932,United States,USA,10,terrestrial,"introduced (alien, exotic, non-native, nonindigenous); introduced",TRUE,USRIIS; FirstRecords; GRIIS
Timonius timon (Spreng.) Merr.,Timonius timon,Plantae,NA,NA,NA,2,terrestrial,introduced,TRUE,FirstRecords; GRIIS
"Tinca tinca (Linnaeus, 1758)",Tinca tinca,Animalia,1634,Ireland,IRL,20,brackish; freshwater,"introduced (alien, exotic, non-native, nonindigenous); introduced",TRUE,USRIIS; FirstRecords; GRIIS; Artsdatabanken
"Tinea pellionella Linnaeus, 1758",Tinea pellionella,Animalia,1565,United States,USA,4,terrestrial,"introduced (alien, exotic, non-native, nonindigenous); introduced",TRUE,USRIIS; FirstRecords; GRIIS
"Tinea serratella , 1999",Tinea serratella,Animalia,NA,NA,NA,1,terrestrial,introduced,TRUE,FirstRecords; GRIIS
"Tineola bisselliella (Hummel, 1823)",Tineola bisselliella,Animalia,1565,United States,USA,11,terrestrial,"introduced (alien, exotic, non-native, nonindigenous); introduced",TRUE,USRIIS; FirstRecords; GRIIS
"Tinocallis nevskyi Remaudière, Quednau & Heie, 1988",Tinocallis nevskyi,Animalia,NA,NA,NA,2,terrestrial,introduced,TRUE,GRIIS
"Tinocallis ulmiparvifoliae Matsumura, 1919",Tinocallis ulmiparvifoliae,Animalia,1920,Australia,AUS,3,terrestrial,"introduced (alien, exotic, non-native, nonindigenous); introduced",TRUE,SINAS; USRIIS; GRIIS
Tipuana tipu (Benth.) Kuntze,Tipuana tipu,Plantae,1850,Cyprus,CYP,8,terrestrial,introduced,TRUE,FirstRecords; GRIIS
Tithonia diversifolia (Hemsl.) A. Gray; Tithonia diversifolia (Hemsl.) A.Gray,Tithonia diversifolia,Plantae,1851,Sri Lanka,LKA,60,terrestrial,"introduced (alien, exotic, non-native, nonindigenous); introduced",TRUE,USRIIS; FirstRecords; GRIIS
Tithonia rotundifolia (Mill.) S.F. Blake; Tithonia rotundifolia (Mill.) S.F.Blake,Tithonia rotundifolia,Plantae,1919,Democratic Republic of the Congo,COD,24,terrestrial,"introduced (alien, exotic, non-native, nonindigenous); introduced",TRUE,USRIIS; TrIAS; FirstRecords; GRIIS
Tithonia tubaeformis (Jacq.) Cass.,Tithonia tubaeformis,Plantae,NA,NA,NA,3,terrestrial,introduced,TRUE,FirstRecords; GRIIS
Tithonia tubiformis (Jacq.) Cass.,Tithonia tubiformis,Plantae,NA,NA,NA,1,terrestrial,introduced,TRUE,FirstRecords; GRIIS
"Tomicus P.A.Latreille, 1802",Tomicus,Animalia,NA,NA,NA,1,terrestrial,introduced,TRUE,FirstRecords; GRIIS
"Tomicus piniperda (Linnaeus, 1758); Tomicus piniperda (C.Linnaeus, 1758)",Tomicus piniperda,Animalia,1991,United States,USA,4,terrestrial,"introduced (alien, exotic, non-native, nonindigenous); introduced",TRUE,USRIIS; FirstRecords; GRIIS
Toona ciliata M. Roem.; Toona ciliata M.Roem.,Toona ciliata,Plantae,1888,Australia,AUS,18,terrestrial,"introduced (alien, exotic, non-native, nonindigenous); introduced",TRUE,SINAS; USRIIS; FirstRecords; GRIIS
Toona sinensis (A.Juss.) M.Roem.,Toona sinensis,Plantae,1969,Australia,AUS,4,terrestrial,introduced,TRUE,SINAS; FirstRecords; GRIIS
Torenia crustacea (L.) Cham. & Schltdl.,Torenia crustacea,Plantae,1979,Trinidad and Tobago,TTO,16,freshwater; terrestrial,introduced,TRUE,FirstRecords; GRIIS
Torenia fournieri Linden ex E. Fourn.; Torenia fournieri Linden ex E.Fourn.,Torenia fournieri,Plantae,1909,China,CHN,6,terrestrial,"introduced (alien, exotic, non-native, nonindigenous); introduced",TRUE,SINAS; USRIIS; FirstRecords; GRIIS
Torilis arvensis (Huds.) Link,Torilis arvensis,Plantae,1500,Czechia,CZE,14,terrestrial,"introduced (alien, exotic, non-native, nonindigenous); introduced",TRUE,DAISIE; USRIIS; FirstRecords; GRIIS
Torilis arvensis subsp. arvensis,Torilis arvensis arvensis,Plantae,NA,NA,NA,1,terrestrial,introduced,TRUE,FirstRecords; GRIIS
Torilis japonica (Houtt.) DC.,Torilis japonica,Plantae,1899,Indonesia,IDN,6,terrestrial,"introduced (alien, exotic, non-native, nonindigenous); introduced",TRUE,SINAS; USRIIS; FirstRecords; GRIIS
Torilis nodosa (L.) Gaertn.,Torilis nodosa,Plantae,1500,Switzerland,CHE,16,terrestrial,"introduced (alien, exotic, non-native, nonindigenous); introduced",TRUE,DAISIE; USRIIS; FirstRecords; GRIIS
"Toumeyella parvicornis (Cockerell, 1897)",Toumeyella parvicornis,Animalia,NA,NA,NA,2,terrestrial,introduced,TRUE,GRIIS
Toxicodendron succedaneum (L.) Kuntze,Toxicodendron succedaneum,Plantae,1888,Australia,AUS,4,terrestrial,introduced,TRUE,FirstRecords; GRIIS
Trachelospermum jasminoides (Lindl.) Lem.,Trachelospermum jasminoides,Plantae,NA,NA,NA,4,terrestrial,"introduced (alien, exotic, non-native, nonindigenous); introduced",TRUE,USRIIS; FirstRecords; GRIIS
"Trachemys dorbigni (Duméril & Bibron, 1835)",Trachemys dorbigni,Animalia,NA,NA,NA,1,freshwater; terrestrial,introduced,TRUE,FirstRecords; GRIIS
"Trachemys scripta (Thunberg In Schoepff, 1792); Trachemys scripta elegans (Wied, 1838)",Trachemys scripta,Animalia,1901,Sweden,SWE,29,freshwater; terrestrial,introduced,TRUE,DAISIE; TrIAS; FirstRecords; GRIIS
"Trachemys scripta elegans (Wied-Neuwied, 1839); Trachemys scripta elegans (Wied, 1838)",Trachemys scripta elegans,Animalia,1962,Denmark,DNK,39,freshwater; terrestrial,"introduced (alien, exotic, non-native, nonindigenous); introduced",TRUE,USRIIS; TrIAS; FirstRecords; GRIIS
"Trachemys scripta scripta; Trachemys scripta scripta (Schoepff, 1792)",Trachemys scripta scripta,Animalia,1997,Belgium,BEL,6,freshwater; terrestrial,introduced,TRUE,TrIAS; FirstRecords; GRIIS
"Trachemys scripta troostii (Holbrook, 1836)",Trachemys scripta troostii,Animalia,2003,Belgium,BEL,2,freshwater; terrestrial,introduced,TRUE,TrIAS; FirstRecords; GRIIS
Trachycarpus fortunei (Hook.) H.Wendl.,Trachycarpus fortunei,Plantae,1500,Switzerland,CHE,11,terrestrial,introduced,TRUE,DAISIE; TrIAS; FirstRecords; GRIIS
"Trachylepis quinquetaeniata (Lichtenstein, 1823)",Trachylepis quinquetaeniata,Animalia,2005,United States,USA,2,terrestrial,"introduced (alien, exotic, non-native, nonindigenous); introduced",TRUE,USRIIS; FirstRecords; GRIIS
Trachypogon spicatus (L.f.) Kuntze,Trachypogon spicatus,Plantae,NA,NA,NA,1,terrestrial,introduced,TRUE,FirstRecords; GRIIS
Tradescantia fluminensis Vell.,Tradescantia fluminensis,Plantae,1500,United Kingdom,GBR,26,terrestrial,"introduced (alien, exotic, non-native, nonindigenous); introduced",TRUE,DAISIE; USRIIS; TrIAS; FirstRecords; GRIIS; B.Shrestha_NPL_2026
Tradescantia pallida (Rose) D.R.Hunt,Tradescantia pallida,Plantae,1965,China,CHN,26,terrestrial,introduced,TRUE,SINAS; FirstRecords; GRIIS
Tradescantia spathacea Sw.,Tradescantia spathacea,Plantae,1853,Philippines,PHL,43,terrestrial,"introduced (alien, exotic, non-native, nonindigenous); introduced",TRUE,USRIIS; FirstRecords; GRIIS
Tradescantia zebrina Heynh. ex Bosse; Tradescantia zebrina Bosse,Tradescantia zebrina,Plantae,1909,Democratic Republic of the Congo,COD,54,terrestrial,"introduced (alien, exotic, non-native, nonindigenous); introduced",TRUE,USRIIS; FirstRecords; GRIIS
Tragopogon dubius Scop.,Tragopogon dubius,Plantae,1500,Czechia,CZE,16,terrestrial,"introduced (alien, exotic, non-native, nonindigenous); introduced",TRUE,DAISIE; USRIIS; TrIAS; FirstRecords; GRIIS
Tragopogon porrifolius L.,Tragopogon porrifolius,Plantae,1500,Germany,DEU,20,terrestrial,"introduced (alien, exotic, non-native, nonindigenous); introduced",TRUE,DAISIE; USRIIS; TrIAS; FirstRecords; GRIIS
Tragus berteronianus Schult.,Tragus berteronianus,Plantae,1885,Mexico,MEX,7,terrestrial,"introduced (alien, exotic, non-native, nonindigenous); introduced",TRUE,USRIIS; TrIAS; FirstRecords; GRIIS
Tragus racemosus (L.) All.,Tragus racemosus,Plantae,1500,Austria,AUT,15,terrestrial,"introduced (alien, exotic, non-native, nonindigenous); introduced",TRUE,DAISIE; USRIIS; TrIAS; FirstRecords; GRIIS
Trapa natans L.,Trapa natans,Plantae,1880,United States,USA,7,freshwater; brackish; terrestrial,introduced: assisted colonization; introduced,TRUE,USRIIS; TrIAS; FirstRecords; GRIIS
Trema orientale (L.) Blume,Trema orientale,Plantae,NA,NA,NA,9,terrestrial,introduced,TRUE,FirstRecords; GRIIS
Triadica sebifera (L.) Small,Triadica sebifera,Plantae,1843,Australia,AUS,10,terrestrial,"introduced (alien, exotic, non-native, nonindigenous); introduced",TRUE,USRIIS; FirstRecords; GRIIS
"Trialeurodes vaporariorum (Westwood, 1856)",Trialeurodes vaporariorum,Animalia,1850,Germany,DEU,4,terrestrial,"introduced (alien, exotic, non-native, nonindigenous); introduced",TRUE,SINAS; USRIIS; FirstRecords; GRIIS
Trianthema portulacastrum L.,Trianthema portulacastrum,Plantae,1906,Madagascar,MDG,17,terrestrial,"introduced (alien, exotic, non-native, nonindigenous); introduced",TRUE,USRIIS; FirstRecords; GRIIS
"Tribolium castaneum (Herbst, 1797)",Tribolium castaneum,Animalia,1860,United States,USA,13,terrestrial,"introduced (alien, exotic, non-native, nonindigenous); introduced",TRUE,USRIIS; FirstRecords; GRIIS
"Tribolium confusum Jaquelin Du Val, 1868",Tribolium confusum,Animalia,1860,United States,USA,15,terrestrial,"introduced (alien, exotic, non-native, nonindigenous); introduced",TRUE,USRIIS; FirstRecords; GRIIS
"Tribolium destructor Uyttenboogaart, 1934",Tribolium destructor,Animalia,1900,Norway,NOR,12,terrestrial,"introduced (alien, exotic, non-native, nonindigenous); introduced",TRUE,SINAS; USRIIS; FirstRecords; GRIIS
"Tribolium madens (Charpentier, 1825)",Tribolium madens,Animalia,1957,Sweden,SWE,5,terrestrial,introduced,TRUE,FirstRecords; GRIIS
Tribulus cistoides L.,Tribulus cistoides,Plantae,NA,NA,NA,19,terrestrial,"introduced (alien, exotic, non-native, nonindigenous); introduced",TRUE,USRIIS; FirstRecords; GRIIS
Tribulus terrestris L.,Tribulus terrestris,Plantae,1500,Czechia,CZE,43,terrestrial,"introduced (alien, exotic, non-native, nonindigenous); introduced",TRUE,DAISIE; USRIIS; TrIAS; FirstRecords; GRIIS
"Trichocera maculipennis Meigen, 1818",Trichocera maculipennis,Animalia,2013,Antarctica,ATA,1,terrestrial,introduced,TRUE,AntarcticAliens
"Trichocorixa verticalis verticalis (Fieber, 1851)",Trichocorixa verticalis verticalis,Animalia,NA,NA,NA,2,brackish; freshwater; terrestrial,introduced,TRUE,GRIIS
Trichodesma zeylanicum (Burm.fil.) R.Br.,Trichodesma zeylanicum,Plantae,NA,NA,NA,6,terrestrial,introduced,TRUE,FirstRecords; GRIIS
"Trichodorus viruliferus Hooper, 1963",Trichodorus viruliferus,Animalia,1997,United States,USA,1,terrestrial,"introduced (alien, exotic, non-native, nonindigenous)",TRUE,USRIIS
"Trichoferus campestris (Faldermann, 1835)",Trichoferus campestris,Animalia,1997,United States,USA,5,terrestrial,"introduced (alien, exotic, non-native, nonindigenous); introduced",TRUE,USRIIS; FirstRecords; GRIIS
Tricholaena rosea Vanderyst,Tricholaena rosea,Plantae,NA,NA,NA,1,terrestrial,introduced,TRUE,GRIIS
"Trichoniscus pygmaeus G. O. Sars, 1899; Trichoniscus pygmaeus G.O.Sars, 1898",Trichoniscus pygmaeus,Animalia,NA,NA,NA,2,terrestrial,"introduced (alien, exotic, non-native, nonindigenous); introduced",TRUE,USRIIS; FirstRecords; GRIIS
"Trichophaga tapetzella (Linnaeus, 1758)",Trichophaga tapetzella,Animalia,1750,Sweden,SWE,8,terrestrial,"introduced (alien, exotic, non-native, nonindigenous); introduced",TRUE,DAISIE; USRIIS; FirstRecords; GRIIS
"Trichopodus pectoralis Regan, 1910",Trichopodus pectoralis,Animalia,1921,Malaysia,MYS,10,brackish; freshwater; terrestrial,introduced,TRUE,FirstRecords; GRIIS
"Trichopodus trichopterus (Pallas, 1770)",Trichopodus trichopterus,Animalia,1938,Philippines,PHL,11,freshwater,introduced,TRUE,FirstRecords; GRIIS; M.McGeoch_AUS_2025
"Trichostrongylus Looss, 1905",Trichostrongylus,Animalia,NA,NA,NA,1,terrestrial,introduced,TRUE,GRIIS
"Trichostrongylus calcaratus Ransom, 1911",Trichostrongylus calcaratus,Animalia,NA,NA,NA,1,terrestrial,introduced,TRUE,GRIIS
"Trichosurus vulpecula (Kerr, 1792)",Trichosurus vulpecula,Animalia,1840,New Zealand,NZL,2,terrestrial,introduced,TRUE,FirstRecords; GRIIS
Tridax procumbens L.,Tridax procumbens,Plantae,1830,India,IND,55,terrestrial,"introduced (alien, exotic, non-native, nonindigenous); introduced",TRUE,USRIIS; FirstRecords; GRIIS
"Tridentiger trigonocephalus (Gill, 1859)",Tridentiger trigonocephalus,Animalia,1960,United States,USA,4,brackish; freshwater; marine,"introduced (alien, exotic, non-native, nonindigenous); introduced",TRUE,USRIIS; FirstRecords; GRIIS
Trifolium arvense L.,Trifolium arvense,Plantae,1770,Australia,AUS,11,terrestrial,"introduced (alien, exotic, non-native, nonindigenous); introduced",TRUE,USRIIS; FirstRecords; GRIIS
Trifolium aureum Pollich,Trifolium aureum,Plantae,1500,United Kingdom,GBR,8,terrestrial,"introduced (alien, exotic, non-native, nonindigenous); introduced",TRUE,DAISIE; USRIIS; FirstRecords; GRIIS
Trifolium campestre Schreb.,Trifolium campestre,Plantae,1770,Australia,AUS,12,terrestrial,"introduced (alien, exotic, non-native, nonindigenous); introduced",TRUE,USRIIS; FirstRecords; GRIIS
Trifolium dubium Sibth.,Trifolium dubium,Plantae,1770,Australia,AUS,22,freshwater; terrestrial,"introduced (alien, exotic, non-native, nonindigenous); introduced",TRUE,USRIIS; FirstRecords; GRIIS
Trifolium hirtum All.,Trifolium hirtum,Plantae,1883,Belgium,BEL,5,terrestrial,"introduced (alien, exotic, non-native, nonindigenous); introduced",TRUE,USRIIS; TrIAS; FirstRecords; GRIIS
Trifolium hybridum L.,Trifolium hybridum,Plantae,1500,Austria,AUT,27,freshwater; terrestrial,"introduced (alien, exotic, non-native, nonindigenous); introduced",TRUE,DAISIE; USRIIS; FirstRecords; GRIIS
Trifolium incarnatum L.,Trifolium incarnatum,Plantae,1500,Switzerland,CHE,29,freshwater; terrestrial,"introduced (alien, exotic, non-native, nonindigenous); introduced",TRUE,DAISIE; USRIIS; TrIAS; FirstRecords; GRIIS; Artsdatabanken
Trifolium medium L.,Trifolium medium,Plantae,1869,New Zealand,NZL,9,terrestrial,"introduced (alien, exotic, non-native, nonindigenous); introduced",TRUE,SINAS; USRIIS; FirstRecords; GRIIS
Trifolium pratense L.,Trifolium pratense,Plantae,1770,Iceland,ISL,27,freshwater; terrestrial,"introduced (alien, exotic, non-native, nonindigenous); introduced",TRUE,DAISIE; USRIIS; FirstRecords; GRIIS
Trifolium repens L.,Trifolium repens,Plantae,1770,Iceland,ISL,29,terrestrial,"introduced (alien, exotic, non-native, nonindigenous); introduced",TRUE,DAISIE; USRIIS; FirstRecords; GRIIS; M.McGeoch_AUS_2025
Trifolium repens subsp. repens,Trifolium repens repens,Plantae,NA,NA,NA,1,terrestrial,introduced,TRUE,FirstRecords; GRIIS
Trifolium resupinatum L.,Trifolium resupinatum,Plantae,1500,Austria,AUT,22,terrestrial,"introduced (alien, exotic, non-native, nonindigenous); introduced",TRUE,DAISIE; USRIIS; TrIAS; FirstRecords; GRIIS; InstytutOchronyPrzyrody
Trifolium subterraneum L.,Trifolium subterraneum,Plantae,1810,Australia,AUS,10,terrestrial,"introduced (alien, exotic, non-native, nonindigenous); introduced",TRUE,USRIIS; FirstRecords; GRIIS
"Trigonogenius globulus (Solier, 1849)",Trigonogenius globulus,Animalia,1866,United States,USA,4,terrestrial,"introduced (alien, exotic, non-native, nonindigenous); introduced",TRUE,USRIIS; FirstRecords; GRIIS
Trimezia coerulea (G.Lodd.) Ravenna,Trimezia coerulea,Plantae,NA,NA,NA,4,terrestrial,introduced,TRUE,FirstRecords; GRIIS
Trimezia martinicensis (Jacq.) Herb.,Trimezia martinicensis,Plantae,1893,Indonesia,IDN,4,terrestrial,"introduced (alien, exotic, non-native, nonindigenous); introduced",TRUE,SINAS; USRIIS; FirstRecords; GRIIS
Trimezia steyermarkii R.C.Foster,Trimezia steyermarkii,Plantae,2013,United States,USA,4,terrestrial,"introduced (alien, exotic, non-native, nonindigenous); introduced",TRUE,USRIIS; FirstRecords; GRIIS
"Trioceros jacksonii (Boulenger, 1896)",Trioceros jacksonii,Animalia,1975,United States,USA,2,terrestrial,"introduced (alien, exotic, non-native, nonindigenous); introduced",TRUE,USRIIS; FirstRecords; GRIIS
Triodanis perfoliata (L.) Nieuwl.,Triodanis perfoliata,Plantae,1911,Japan,JPN,5,terrestrial,introduced,TRUE,TrIAS; FirstRecords; GRIIS
Triphasia trifolia (Burm. f.) P. Wilson; Triphasia trifolia (Burm.fil.) P.Wilson,Triphasia trifolia,Plantae,1838,Philippines,PHL,22,terrestrial,"introduced (alien, exotic, non-native, nonindigenous); introduced",TRUE,USRIIS; FirstRecords; GRIIS
"Tripidium arundinaceum (Retz.) Welker, Voronts. & E.A.Kellogg",Tripidium arundinaceum,Plantae,NA,NA,NA,2,terrestrial,introduced,TRUE,FirstRecords; GRIIS
Triplaris americana L.,Triplaris americana,Plantae,1855,India,IND,5,terrestrial,introduced,TRUE,FirstRecords; GRIIS
Tripleurospermum hookeri Sch.Bip.,Tripleurospermum hookeri,Plantae,NA,NA,NA,2,terrestrial,introduced,TRUE,GRIIS
Tripleurospermum inodorum (L.) Sch. Bip.; Tripleurospermum inodorum (L.) Sch.-Bip,Tripleurospermum inodorum,Plantae,19,Japan,JPN,20,terrestrial,"introduced (alien, exotic, non-native, nonindigenous); introduced",TRUE,USRIIS; FirstRecords; GRIIS; InstytutOchronyPrzyrody
Tripleurospermum subpolare Pobed.,Tripleurospermum subpolare,Plantae,NA,NA,NA,2,terrestrial,introduced,TRUE,FirstRecords; GRIIS
Tripsacum dactyloides (L.) L.,Tripsacum dactyloides,Plantae,1908,Mexico,MEX,6,terrestrial,introduced,TRUE,SINAS; FirstRecords; GRIIS
Tripsacum latifolium Hitchc.,Tripsacum latifolium,Plantae,NA,NA,NA,3,terrestrial,introduced,TRUE,FirstRecords; GRIIS
Tripsacum laxum Nash,Tripsacum laxum,Plantae,1940,Mexico,MEX,7,terrestrial,introduced,TRUE,SINAS; FirstRecords; GRIIS
Trisetum flavescens (L.) P. Beauv.; Trisetum flavescens (L.) P.Beauv.,Trisetum flavescens,Plantae,1803,Norway,NOR,10,terrestrial,"introduced (alien, exotic, non-native, nonindigenous); introduced",TRUE,USRIIS; FirstRecords; GRIIS
Triticum aestivum L.,Triticum aestivum,Plantae,1108,Nigeria,NGA,33,freshwater; terrestrial,"introduced (alien, exotic, non-native, nonindigenous); introduced",TRUE,SINAS; USRIIS; TrIAS; FirstRecords; GRIIS
"Triturus carnifex (Laurenti, 1768)",Triturus carnifex,Animalia,1945,Switzerland,CHE,5,freshwater; terrestrial,introduced,TRUE,FirstRecords; GRIIS
Triumfetta bogotensis DC.,Triumfetta bogotensis,Plantae,NA,NA,NA,1,terrestrial,introduced,TRUE,FirstRecords; GRIIS
Triumfetta rhomboidea Jacq.,Triumfetta rhomboidea,Plantae,1838,Philippines,PHL,21,terrestrial,"introduced (alien, exotic, non-native, nonindigenous); introduced",TRUE,USRIIS; FirstRecords; GRIIS
Triumfetta semitriloba Jacq.,Triumfetta semitriloba,Plantae,1910,United States,USA,10,terrestrial,"introduced (alien, exotic, non-native, nonindigenous); introduced",TRUE,USRIIS; FirstRecords; GRIIS
"Trochorhopalus strangulatus Gyllenhal, 1838",Trochorhopalus strangulatus,Animalia,2017,United States,USA,1,terrestrial,"introduced (alien, exotic, non-native, nonindigenous)",TRUE,USRIIS
"Trogium pulsatorium (Linnaeus, 1758)",Trogium pulsatorium,Animalia,NA,NA,NA,4,terrestrial,"introduced (alien, exotic, non-native, nonindigenous); introduced",TRUE,USRIIS; TrIAS; GRIIS
"Trogoderma angustum (Solier, 1849)",Trogoderma angustum,Animalia,1920,Poland,POL,9,terrestrial,"introduced (alien, exotic, non-native, nonindigenous); introduced",TRUE,USRIIS; FirstRecords; GRIIS; InstytutOchronyPrzyrody
"Trogoderma glabrum (Herbst, 1783)",Trogoderma glabrum,Animalia,1936,United States,USA,7,terrestrial,"introduced (alien, exotic, non-native, nonindigenous); introduced",TRUE,USRIIS; FirstRecords; GRIIS
"Trogoderma granarium Everts, 1898",Trogoderma granarium,Animalia,1895,United Kingdom,GBR,28,terrestrial,introduced,TRUE,FirstRecords; GRIIS
"Trogoderma inclusum LeConte, 1854",Trogoderma inclusum,Animalia,1956,United Kingdom,GBR,7,terrestrial,"introduced (alien, exotic, non-native, nonindigenous); introduced",TRUE,USRIIS; FirstRecords; GRIIS
"Trogoderma megatomoides Reitter, 1881",Trogoderma megatomoides,Animalia,1900,Czechia,CZE,4,terrestrial,introduced,TRUE,"SINAS, DAISIE; FirstRecords; GRIIS"
"Trogoderma variabile Ballion, 1878",Trogoderma variabile,Animalia,1900,United States,USA,4,terrestrial,"introduced (alien, exotic, non-native, nonindigenous); introduced",TRUE,USRIIS; FirstRecords; GRIIS
"Trogoderma versicolor (Creutzer, 1799)",Trogoderma versicolor,Animalia,1896,Sweden,SWE,6,terrestrial,introduced,TRUE,FirstRecords; GRIIS
Trollius europaeus L.,Trollius europaeus,Plantae,2010,United States,USA,4,terrestrial,"introduced (alien, exotic, non-native, nonindigenous); introduced",TRUE,USRIIS; TrIAS; FirstRecords; GRIIS
Tropaeolum majus L.,Tropaeolum majus,Plantae,1500,Czechia,CZE,41,freshwater; terrestrial,"introduced (alien, exotic, non-native, nonindigenous); introduced",TRUE,DAISIE; USRIIS; TrIAS; FirstRecords; GRIIS
Tropaeolum speciosum Poepp. & Endl.,Tropaeolum speciosum,Plantae,1500,United Kingdom,GBR,5,terrestrial,introduced,TRUE,DAISIE; FirstRecords; GRIIS
"Trypoxylus dichotomus septentrionalis Kôno, 1931",Trypoxylus dichotomus septentrionalis,Animalia,NA,NA,NA,1,terrestrial,introduced,TRUE,FirstRecords; GRIIS
Tsuga heterophylla (Raf.) Sarg.,Tsuga heterophylla,Plantae,1500,United Kingdom,GBR,7,terrestrial,introduced,TRUE,DAISIE; TrIAS; FirstRecords; GRIIS; Artsdatabanken
"Tupinambis teguixin (Linnaeus, 1758)",Tupinambis teguixin,Animalia,NA,NA,NA,2,terrestrial,introduced,TRUE,FirstRecords; GRIIS
"Turcogammarus aralensis (Uljanin, 1875)",Turcogammarus aralensis,Animalia,NA,NA,NA,1,freshwater,introduced,TRUE,FirstRecords; GRIIS
Turgenia latifolia (L.) Hoffm.,Turgenia latifolia,Plantae,1500,Czechia,CZE,13,freshwater; terrestrial,"introduced (alien, exotic, non-native, nonindigenous); introduced",TRUE,DAISIE; USRIIS; FirstRecords; GRIIS
Turnera subulata J.E.Sm.,Turnera subulata,Plantae,1996,Democratic Republic of the Congo,COD,7,terrestrial,introduced,TRUE,FirstRecords; GRIIS
Turnera ulmifolia L.,Turnera ulmifolia,Plantae,1843,Australia,AUS,20,terrestrial,"introduced (alien, exotic, non-native, nonindigenous); introduced",TRUE,USRIIS; FirstRecords; GRIIS
Turritis glabra L.,Turritis glabra,Plantae,1821,Canada,CAN,4,terrestrial,"introduced (alien, exotic, non-native, nonindigenous); introduced",TRUE,SINAS; USRIIS; FirstRecords; GRIIS
Tussilago farfara L.,Tussilago farfara,Plantae,1658,Sweden,SWE,8,terrestrial,"introduced (alien, exotic, non-native, nonindigenous); introduced",TRUE,"SINAS, DAISIE; USRIIS; FirstRecords; GRIIS"
Typha angustifolia L.,Typha angustifolia,Plantae,1800,Indonesia,IDN,20,brackish; freshwater; marine; terrestrial,"introduced (alien, exotic, non-native, nonindigenous); introduced: assisted colonization; introduced",TRUE,SINAS; USRIIS; FirstRecords; GRIIS
Typha capensis (Rohrb.) N.E.Br.,Typha capensis,Plantae,NA,NA,NA,1,freshwater; terrestrial,introduced,TRUE,FirstRecords; GRIIS
Typha domingensis Pers.,Typha domingensis,Plantae,1929,United States,USA,14,brackish; freshwater; terrestrial,"introduced (alien, exotic, non-native, nonindigenous); introduced",TRUE,USRIIS; FirstRecords; GRIIS
Typha latifolia L.,Typha latifolia,Plantae,1770,Australia,AUS,8,freshwater; terrestrial,"introduced (alien, exotic, non-native, nonindigenous); introduced",TRUE,USRIIS; FirstRecords; GRIIS
Typhonodorum lindleyanum Schott,Typhonodorum lindleyanum,Plantae,NA,NA,NA,2,freshwater; terrestrial,introduced,TRUE,FirstRecords; GRIIS
"Tyto alba (Scopoli, 1769)",Tyto alba,Animalia,1869,Malaysia,MYS,3,freshwater; terrestrial,"introduced (alien, exotic, non-native, nonindigenous); introduced",TRUE,SINAS; USRIIS; FirstRecords; GRIIS
Ugni molinae Turcz.,Ugni molinae,Plantae,1888,Australia,AUS,3,terrestrial,introduced,TRUE,SINAS; FirstRecords; GRIIS
Ulex europaeus L.,Ulex europaeus,Plantae,1500,Austria,AUT,38,terrestrial,"introduced (alien, exotic, non-native, nonindigenous); introduced",TRUE,DAISIE; USRIIS; FirstRecords; GRIIS; InstytutOchronyPrzyrody
"Ulex europaeus subsp. europaeus Linnaeus, 1753",Ulex europaeus europaeus,Plantae,NA,NA,NA,1,terrestrial,introduced,TRUE,FirstRecords; GRIIS
Ulmus glabra Huds.,Ulmus glabra,Plantae,1843,Australia,AUS,6,terrestrial,"introduced (alien, exotic, non-native, nonindigenous); introduced",TRUE,SINAS; USRIIS; FirstRecords; GRIIS
Ulmus laevis Pall.,Ulmus laevis,Plantae,1500,United Kingdom,GBR,6,terrestrial,introduced,TRUE,DAISIE; FirstRecords; GRIIS; Artsdatabanken
Ulmus minor Mill.,Ulmus minor,Plantae,1834,Norway,NOR,7,freshwater; terrestrial,introduced,TRUE,SINAS; FirstRecords; GRIIS; Artsdatabanken
Ulmus parvifolia Jacq.,Ulmus parvifolia,Plantae,1843,Australia,AUS,4,terrestrial,"introduced (alien, exotic, non-native, nonindigenous); introduced",TRUE,USRIIS; FirstRecords; GRIIS
"Ulmus procera Salisb.; Ulmus procera K.D.Koenig & Sims, 1796",Ulmus procera,Plantae,1890,Australia,AUS,5,terrestrial,"introduced (alien, exotic, non-native, nonindigenous); introduced",TRUE,USRIIS; FirstRecords; GRIIS; M.McGeoch_AUS_2025
Ulmus pumila L.,Ulmus pumila,Plantae,1500,Italy,ITA,14,freshwater; terrestrial,"introduced (alien, exotic, non-native, nonindigenous); introduced",TRUE,DAISIE; USRIIS; FirstRecords; GRIIS
"Unaspis euonymi (Comstock, 1881)",Unaspis euonymi,Animalia,1884,Italy,ITA,3,terrestrial,"introduced (alien, exotic, non-native, nonindigenous); introduced",TRUE,SINAS; USRIIS; GRIIS
"Uraeginthus bengalus (Linnaeus, 1766)",Uraeginthus bengalus,Animalia,NA,NA,NA,1,terrestrial,introduced,TRUE,FirstRecords; GRIIS
Uraria lagopodioides (L.) DC.,Uraria lagopodioides,Plantae,NA,NA,NA,3,terrestrial,introduced,TRUE,FirstRecords; GRIIS
Urena lobata L.,Urena lobata,Plantae,1832,India,IND,34,terrestrial,"introduced (alien, exotic, non-native, nonindigenous); introduced",TRUE,USRIIS; FirstRecords; GRIIS
Urena procumbens L.,Urena procumbens,Plantae,NA,NA,NA,6,terrestrial,introduced,TRUE,FirstRecords; GRIIS
Urochloa arrecta (Hack. ex T. Durand and Schinz) Morrone and Zuloaga; Urochloa arrecta (Hack.) Morrone & Zuloaga,Urochloa arrecta,Plantae,NA,NA,NA,7,terrestrial,"introduced (alien, exotic, non-native, nonindigenous); introduced",TRUE,USRIIS; FirstRecords; GRIIS
Urochloa brizantha (Hochst. ex A. Rich.) R.D. Webster; Urochloa brizantha (A.Rich.) R.D.Webster,Urochloa brizantha,Plantae,1930,Australia,AUS,11,terrestrial,"introduced (alien, exotic, non-native, nonindigenous); introduced",TRUE,SINAS; USRIIS; FirstRecords; GRIIS
Urochloa deflexa (Schumach.) H.Scholz,Urochloa deflexa,Plantae,NA,NA,NA,3,terrestrial,introduced,TRUE,FirstRecords; GRIIS
Urochloa dictyoneura (Fig. & De Not.) Veldkamp,Urochloa dictyoneura,Plantae,1970,Brazil,BRA,6,terrestrial,introduced,TRUE,FirstRecords; GRIIS
Urochloa distachyos (L.) T.Q.Nguyen,Urochloa distachyos,Plantae,NA,NA,NA,5,terrestrial,introduced,TRUE,FirstRecords; GRIIS
Urochloa eminii (Mez) Davidse,Urochloa eminii,Plantae,1944,Australia,AUS,14,terrestrial,introduced,TRUE,SINAS; FirstRecords; GRIIS
Urochloa glumaris (Trin.) Veldkamp,Urochloa glumaris,Plantae,NA,NA,NA,9,terrestrial,"introduced (alien, exotic, non-native, nonindigenous); introduced",TRUE,USRIIS; FirstRecords; GRIIS
Urochloa lata (Schumach.) C.E.Hubb.,Urochloa lata,Plantae,NA,NA,NA,1,terrestrial,introduced,TRUE,FirstRecords; GRIIS
Urochloa mutica (Forssk.) T.Q. Nguyen; Urochloa mutica (Forssk.) T.Q.Nguyen,Urochloa mutica,Plantae,1600,Brazil,BRA,53,terrestrial,"introduced (alien, exotic, non-native, nonindigenous); introduced",TRUE,USRIIS; TrIAS; FirstRecords; GRIIS; B.Shrestha_NPL_2026
Urochloa panicoides P. Beauv.; Urochloa panicoides P.Beauv.,Urochloa panicoides,Plantae,1930,Australia,AUS,12,terrestrial,"introduced (alien, exotic, non-native, nonindigenous); introduced",TRUE,USRIIS; TrIAS; FirstRecords; GRIIS
Urochloa plantaginea (Link) R.D. Webster; Urochloa plantaginea (Link) R.D.Webster,Urochloa plantaginea,Plantae,2006,Belgium,BEL,7,terrestrial,"introduced (alien, exotic, non-native, nonindigenous); introduced",TRUE,USRIIS; TrIAS; FirstRecords; GRIIS
Urochloa reptans (L.) Stapf,Urochloa reptans,Plantae,1875,Indonesia,IDN,21,terrestrial,"introduced (alien, exotic, non-native, nonindigenous); introduced",TRUE,SINAS; USRIIS; FirstRecords; GRIIS ; J.Ganglo_BEN_2026; GRIIS
Urochloa subquadripara (Trin.) R.D.Webster,Urochloa subquadripara,Plantae,NA,NA,NA,15,terrestrial,introduced,TRUE,FirstRecords; GRIIS
Urochloa trichopus (Hochst.) Stapf,Urochloa trichopus,Plantae,1945,Australia,AUS,6,terrestrial,introduced,TRUE,FirstRecords; GRIIS
"Uroleucon erigeronense (Thomas, 1878)",Uroleucon erigeronense,Animalia,NA,NA,NA,2,terrestrial,introduced,TRUE,GRIIS
"Urosalpinx cinerea (Say, 1822)",Urosalpinx cinerea,Animalia,NA,NA,NA,1,brackish; freshwater; marine,introduced,TRUE,GRIIS
Urtica urens L.,Urtica urens,Plantae,-5300,Czechia,CZE,25,terrestrial,"introduced (alien, exotic, non-native, nonindigenous); introduced",TRUE,DAISIE; USRIIS; FirstRecords; GRIIS; InstytutOchronyPrzyrody
Utricularia aurea Lour.,Utricularia aurea,Plantae,NA,NA,NA,3,freshwater; terrestrial,introduced,TRUE,FirstRecords; GRIIS
Utricularia gibba L.,Utricularia gibba,Plantae,1500,Slovakia,SVK,8,freshwater; terrestrial,"introduced (alien, exotic, non-native, nonindigenous); introduced",TRUE,DAISIE; USRIIS; FirstRecords; GRIIS
Utricularia inflata Walter,Utricularia inflata,Plantae,1990,Japan,JPN,1,freshwater,introduced,TRUE,FirstRecords; GRIIS
Vaccinium macrocarpon Aiton,Vaccinium macrocarpon,Plantae,1500,Switzerland,CHE,9,terrestrial,introduced,TRUE,DAISIE; TrIAS; FirstRecords; GRIIS
Vachellia aroma (Gillies ex Hook. & Arn.) Seigler & Ebinger,Vachellia aroma,Plantae,NA,NA,NA,1,terrestrial,introduced,TRUE,FirstRecords; GRIIS
Vachellia drepanolobium (Harms ex Y.Sjöstedt) P.J.H.Hurter,Vachellia drepanolobium,Plantae,NA,NA,NA,1,terrestrial,introduced,TRUE,FirstRecords; GRIIS
Vachellia farnesiana (L.) Wight and Arn.; Vachellia farnesiana (L.) Wight & Arn.,Vachellia farnesiana,Plantae,1645,China,CHN,64,terrestrial,"introduced (alien, exotic, non-native, nonindigenous); introduced",TRUE,USRIIS; FirstRecords; GRIIS
Vachellia hockii (De Wild.) Seigler & Ebinger,Vachellia hockii,Plantae,NA,NA,NA,1,terrestrial,introduced,TRUE,FirstRecords; GRIIS
Vachellia karroo (Hayne) Banfi & Galasso,Vachellia karroo,Plantae,1927,Israel,ISR,15,terrestrial,introduced,TRUE,FirstRecords; GRIIS
Vachellia macracantha (Humb. & Bonpl. ex Willd.) Seigler & Ebinger,Vachellia macracantha,Plantae,NA,NA,NA,6,terrestrial,introduced,TRUE,FirstRecords; GRIIS
Vachellia nilotica (L.) P.J.H.Hurter & Mabb.,Vachellia nilotica,Plantae,1845,Australia,AUS,21,terrestrial,introduced,TRUE,FirstRecords; GRIIS
Vachellia tortilis (Forssk.) Galasso & Banfi,Vachellia tortilis,Plantae,1938,Madagascar,MDG,2,terrestrial,introduced,TRUE,FirstRecords; GRIIS
Valeriana officinalis L.,Valeriana officinalis,Plantae,1770,Iceland,ISL,4,terrestrial,"introduced (alien, exotic, non-native, nonindigenous); introduced",TRUE,DAISIE; USRIIS; FirstRecords; GRIIS
Vallisneria australis S.W.L.Jacobs and Les; Vallisneria australis S.W.L.Jacobs & Les,Vallisneria australis,Plantae,1799,Australia,AUS,3,freshwater,"introduced (alien, exotic, non-native, nonindigenous); introduced",TRUE,SINAS; USRIIS; GRIIS
Vallisneria nana R.Br.,Vallisneria nana,Plantae,NA,NA,NA,3,freshwater,introduced,TRUE,FirstRecords; GRIIS
Vallisneria spiralis L.,Vallisneria spiralis,Plantae,1500,Switzerland,CHE,25,brackish; freshwater,"introduced (alien, exotic, non-native, nonindigenous); introduced",TRUE,DAISIE; USRIIS; TrIAS; FirstRecords; GRIIS; InstytutOchronyPrzyrody
"Vandellia beccarii Di Caporiacco, 1935",Vandellia beccarii,Animalia,NA,NA,NA,1,freshwater,introduced,TRUE,FirstRecords; GRIIS
"Vandellia cirrhosa Valenciennes, 1846",Vandellia cirrhosa,Animalia,NA,NA,NA,1,freshwater,introduced,TRUE,FirstRecords; GRIIS
"Vandellia sanguinea Eigenmann, 1917",Vandellia sanguinea,Animalia,NA,NA,NA,1,freshwater,introduced,TRUE,FirstRecords; GRIIS
Vanilla planifolia Jacks. ex Andrews; Vanilla planifolia Andrews,Vanilla planifolia,Plantae,1930,United States,USA,14,terrestrial,"introduced (alien, exotic, non-native, nonindigenous); introduced",TRUE,USRIIS; FirstRecords; GRIIS
"Varanus exanthematicus (Bosc, 1792)",Varanus exanthematicus,Animalia,NA,NA,NA,2,terrestrial,introduced,TRUE,FirstRecords; GRIIS
"Varanus indicus (Daudin, 1802)",Varanus indicus,Animalia,1900,Micronesia,FSM,5,freshwater; terrestrial,introduced,TRUE,FirstRecords; GRIIS
"Varanus niloticus (Linnaeus in Hasselquist, 1762); Varanus niloticus (Linnaeus, 1766)",Varanus niloticus,Animalia,1981,United States,USA,3,freshwater; terrestrial,"introduced (alien, exotic, non-native, nonindigenous); introduced",TRUE,USRIIS; TrIAS; FirstRecords; GRIIS
"Varanus salvator (Laurenti, 1768)",Varanus salvator,Animalia,NA,NA,NA,2,freshwater; terrestrial,introduced,TRUE,FirstRecords; GRIIS
"Varroa destructor Anderson and Trueman, 2000; Varroa destructor Anderson & Trueman, 2000",Varroa destructor,Animalia,1976,Serbia,SRB,4,terrestrial,"introduced (alien, exotic, non-native, nonindigenous); introduced",TRUE,DAISIE; USRIIS; FirstRecords; GRIIS
Varronia curassavica Jacq.,Varronia curassavica,Plantae,2004,Madagascar,MDG,7,terrestrial,"introduced (alien, exotic, non-native, nonindigenous); introduced",TRUE,USRIIS; FirstRecords; GRIIS
Vasconcellea pubescens A.DC.,Vasconcellea pubescens,Plantae,NA,NA,NA,3,terrestrial,introduced,TRUE,FirstRecords; GRIIS
Ventenata dubia (Leers) Coss.; Ventenata dubia (Leers) Coss. & Durieu,Ventenata dubia,Plantae,1809,Poland,POL,4,terrestrial,"introduced (alien, exotic, non-native, nonindigenous); introduced",TRUE,SINAS; USRIIS; FirstRecords; GRIIS
Verbascum blattaria L.,Verbascum blattaria,Plantae,1500,United Kingdom,GBR,12,terrestrial,"introduced (alien, exotic, non-native, nonindigenous); introduced",TRUE,DAISIE; USRIIS; FirstRecords; GRIIS
Verbascum gaillardotii Boiss.,Verbascum gaillardotii,Plantae,NA,NA,NA,1,terrestrial,introduced,TRUE,FirstRecords; GRIIS
Verbascum jordanicum Murb.,Verbascum jordanicum,Plantae,NA,NA,NA,1,terrestrial,introduced,TRUE,FirstRecords; GRIIS
Verbascum lychnitis L.,Verbascum lychnitis,Plantae,1749,Sweden,SWE,9,freshwater; terrestrial,"introduced (alien, exotic, non-native, nonindigenous); introduced",TRUE,USRIIS; FirstRecords; GRIIS; Artsdatabanken
Verbascum thapsus L.,Verbascum thapsus,Plantae,1867,New Zealand,NZL,14,terrestrial,"introduced (alien, exotic, non-native, nonindigenous); introduced",TRUE,USRIIS; FirstRecords; GRIIS
Verbascum thapsus subsp. thapsus,Verbascum thapsus thapsus,Plantae,NA,NA,NA,1,terrestrial,introduced,TRUE,FirstRecords; GRIIS
Verbascum virgatum Stokes,Verbascum virgatum,Plantae,1500,United Kingdom,GBR,18,terrestrial,"introduced (alien, exotic, non-native, nonindigenous); introduced",TRUE,DAISIE; USRIIS; TrIAS; FirstRecords; GRIIS
Verbena aristigera S.Moore,Verbena aristigera,Plantae,1950,Belgium,BEL,11,terrestrial,introduced,TRUE,TrIAS; FirstRecords; GRIIS
Verbena bonariensis L.,Verbena bonariensis,Plantae,1500,Italy,ITA,30,terrestrial,"introduced (alien, exotic, non-native, nonindigenous); introduced",TRUE,DAISIE; USRIIS; TrIAS; FirstRecords; GRIIS
Verbena brasiliensis Vell.,Verbena brasiliensis,Plantae,1911,South Africa,ZAF,14,terrestrial,"introduced (alien, exotic, non-native, nonindigenous); introduced",TRUE,USRIIS; TrIAS; FirstRecords; GRIIS
Verbena incompta P.W.Michael,Verbena incompta,Plantae,1888,Australia,AUS,7,terrestrial,"introduced (alien, exotic, non-native, nonindigenous); introduced",TRUE,USRIIS; TrIAS; FirstRecords; GRIIS
Verbena litoralis Kunth,Verbena litoralis,Plantae,1500,Italy,ITA,15,terrestrial,"introduced (alien, exotic, non-native, nonindigenous); introduced",TRUE,DAISIE; USRIIS; FirstRecords; GRIIS
Verbena officinalis L.,Verbena officinalis,Plantae,-5300,Czechia,CZE,24,freshwater; terrestrial,"introduced (alien, exotic, non-native, nonindigenous); introduced",TRUE,DAISIE; USRIIS; FirstRecords; GRIIS; M.McGeoch_AUS_2025; Artsdatabanken; InstytutOchronyPrzyrody
Verbena rigida Spreng.,Verbena rigida,Plantae,1878,Australia,AUS,15,terrestrial,"introduced (alien, exotic, non-native, nonindigenous); introduced",TRUE,USRIIS; TrIAS; FirstRecords; GRIIS
Verbesina alternifolia (L.) Britton ex Kearney,Verbesina alternifolia,Plantae,1961,Japan,JPN,3,terrestrial,introduced,TRUE,TrIAS; FirstRecords; GRIIS
Verbesina encelioides (Cav.) Benth. and Hook. f. ex A. Gray; Verbesina encelioides (Cav.) Benth. & Hook.fil. ex A.Gray,Verbesina encelioides,Plantae,1800,United States,USA,31,terrestrial,"introduced (alien, exotic, non-native, nonindigenous); introduced",TRUE,USRIIS; TrIAS; FirstRecords; GRIIS
Vernicia cordata (Thunb.) Airy Shaw,Vernicia cordata,Plantae,NA,NA,NA,5,terrestrial,introduced,TRUE,FirstRecords; GRIIS
Vernicia fordii (Hemsl.) Airy Shaw,Vernicia fordii,Plantae,1927,South Africa,ZAF,10,terrestrial,"introduced (alien, exotic, non-native, nonindigenous); introduced",TRUE,USRIIS; FirstRecords; GRIIS
Vernonanthura polyanthes (Spreng.) A.J.Vega & Dematt.,Vernonanthura polyanthes,Plantae,2016,United States,USA,3,terrestrial,"introduced (alien, exotic, non-native, nonindigenous); introduced",TRUE,USRIIS; FirstRecords; GRIIS
Veronica anagallis-aquatica L.,Veronica anagallis-aquatica,Plantae,1843,New Zealand,NZL,9,freshwater; terrestrial,"introduced (alien, exotic, non-native, nonindigenous); introduced",TRUE,SINAS; USRIIS; FirstRecords; GRIIS
Veronica arvensis L.,Veronica arvensis,Plantae,1500,Poland,POL,17,terrestrial,"introduced (alien, exotic, non-native, nonindigenous); introduced",TRUE,USRIIS; FirstRecords; GRIIS; InstytutOchronyPrzyrody
Veronica beccabunga L.,Veronica beccabunga,Plantae,1834,France,FRA,6,brackish; freshwater; marine; terrestrial,"introduced (alien, exotic, non-native, nonindigenous); introduced",TRUE,DAISIE; USRIIS; FirstRecords; GRIIS
Veronica biloba L.; Veronica biloba Schreb. ex L.,Veronica biloba,Plantae,NA,NA,NA,2,terrestrial,"introduced (alien, exotic, non-native, nonindigenous); introduced",TRUE,USRIIS; FirstRecords; GRIIS
Veronica chamaedrys L.,Veronica chamaedrys,Plantae,1820,Canada,CAN,6,terrestrial,"introduced (alien, exotic, non-native, nonindigenous); introduced",TRUE,USRIIS; FirstRecords; GRIIS
Veronica filiformis Sm.,Veronica filiformis,Plantae,1500,Bulgaria,BGR,24,freshwater; terrestrial,"introduced (alien, exotic, non-native, nonindigenous); introduced",TRUE,DAISIE; USRIIS; TrIAS; FirstRecords; GRIIS; Artsdatabanken; InstytutOchronyPrzyrody
Veronica hederifolia L.,Veronica hederifolia,Plantae,-5300,Czechia,CZE,12,terrestrial,"introduced (alien, exotic, non-native, nonindigenous); introduced",TRUE,DAISIE; USRIIS; FirstRecords; GRIIS
Veronica longifolia L.,Veronica longifolia,Plantae,1500,United Kingdom,GBR,7,terrestrial,"introduced (alien, exotic, non-native, nonindigenous); introduced",TRUE,DAISIE; USRIIS; TrIAS; FirstRecords; GRIIS
Veronica officinalis L.,Veronica officinalis,Plantae,1843,New Zealand,NZL,6,terrestrial,"introduced (alien, exotic, non-native, nonindigenous); introduced",TRUE,SINAS; USRIIS; FirstRecords; GRIIS
Veronica peregrina L.,Veronica peregrina,Plantae,1500,Bulgaria,BGR,32,freshwater; terrestrial,"introduced (alien, exotic, non-native, nonindigenous); introduced",TRUE,DAISIE; USRIIS; TrIAS; FirstRecords; GRIIS; InstytutOchronyPrzyrody
Veronica persica Poir.,Veronica persica,Plantae,1500,Switzerland,CHE,48,freshwater; terrestrial,"introduced (alien, exotic, non-native, nonindigenous); introduced",TRUE,DAISIE; USRIIS; TrIAS; FirstRecords; GRIIS; Artsdatabanken; InstytutOchronyPrzyrody
Veronica polita Fr.,Veronica polita,Plantae,550,Czechia,CZE,22,freshwater; terrestrial,"introduced (alien, exotic, non-native, nonindigenous); introduced",TRUE,DAISIE; USRIIS; FirstRecords; GRIIS; InstytutOchronyPrzyrody
Veronica serpyllifolia L.,Veronica serpyllifolia,Plantae,1821,Canada,CAN,10,terrestrial,"introduced (alien, exotic, non-native, nonindigenous); introduced",TRUE,SINAS; USRIIS; FirstRecords; GRIIS
Veronica serpyllifolia var. serpyllifolia,Veronica serpyllifolia serpyllifolia,Plantae,NA,NA,NA,1,terrestrial,introduced,TRUE,GRIIS
"Vesiculaphis caricis (Fullaway, 1909)",Vesiculaphis caricis,Animalia,1907,United States,USA,1,terrestrial,"introduced (alien, exotic, non-native, nonindigenous)",TRUE,USRIIS
"Vespa velutina Lepeletier, 1836",Vespa velutina,Animalia,2003,South Korea,KOR,4,terrestrial,introduced,TRUE,"CABI, SINAS; TrIAS; FirstRecords; GRIIS"
"Vespa velutina nigrithorax Buysson, 1905",Vespa velutina nigrithorax,Animalia,NA,NA,NA,5,terrestrial,introduced,TRUE,GRIIS; FirstRecords
"Vespula germanica (Fabricius, 1793)",Vespula germanica,Animalia,1891,United States,USA,8,terrestrial,"introduced (alien, exotic, non-native, nonindigenous); introduced",TRUE,USRIIS; FirstRecords; GRIIS; M.McGeoch_AUS_2025
"Vespula vulgaris (Linnaeus, 1758)",Vespula vulgaris,Animalia,1958,Australia,AUS,4,terrestrial,introduced,TRUE,FirstRecords; GRIIS; M.McGeoch_AUS_2025
Viburnum lantana L.,Viburnum lantana,Plantae,1805,Estonia,EST,10,freshwater; terrestrial,"introduced (alien, exotic, non-native, nonindigenous); introduced",TRUE,USRIIS; FirstRecords; GRIIS; Artsdatabanken
Viburnum tinus L.,Viburnum tinus,Plantae,1500,United Kingdom,GBR,5,terrestrial,"introduced (alien, exotic, non-native, nonindigenous); introduced",TRUE,DAISIE; USRIIS; TrIAS; FirstRecords; GRIIS
Vicia cracca L.,Vicia cracca,Plantae,1770,Iceland,ISL,6,terrestrial,"introduced (alien, exotic, non-native, nonindigenous); introduced",TRUE,DAISIE; USRIIS; FirstRecords; GRIIS
Vicia grandiflora Scop.,Vicia grandiflora,Plantae,1877,Czech Republic,CZE,12,terrestrial,"introduced (alien, exotic, non-native, nonindigenous); introduced",TRUE,USRIIS; TrIAS; FirstRecords; GRIIS; InstytutOchronyPrzyrody
Vicia hirsuta (L.) Gray,Vicia hirsuta,Plantae,-5300,Czechia,CZE,20,terrestrial,"introduced (alien, exotic, non-native, nonindigenous); introduced",TRUE,DAISIE; USRIIS; FirstRecords; GRIIS
Vicia sativa L.,Vicia sativa,Plantae,1500,Poland,POL,38,freshwater; terrestrial,"introduced (alien, exotic, non-native, nonindigenous); introduced",TRUE,USRIIS; FirstRecords; GRIIS; InstytutOchronyPrzyrody
Vicia sativa subsp. nigra Ehrh.,Vicia sativa nigra,Plantae,NA,NA,NA,5,terrestrial,introduced,TRUE,FirstRecords; GRIIS
"Vicia sativa subsp. sativa; Vicia sativa subsp. sativa Linnaeus, 1763",Vicia sativa sativa,Plantae,NA,NA,NA,6,terrestrial,introduced,TRUE,TrIAS; FirstRecords; GRIIS
Vicia tetrasperma (L.) Schreb.,Vicia tetrasperma,Plantae,1500,Poland,POL,10,terrestrial,"introduced (alien, exotic, non-native, nonindigenous); introduced",TRUE,USRIIS; FirstRecords; GRIIS; InstytutOchronyPrzyrody
Vicia villosa Roth,Vicia villosa,Plantae,1500,Poland,POL,31,terrestrial,"introduced (alien, exotic, non-native, nonindigenous); introduced",TRUE,USRIIS; FirstRecords; GRIIS; Artsdatabanken; InstytutOchronyPrzyrody
Vicia villosa subsp. varia (Host) Corb.,Vicia villosa varia,Plantae,NA,NA,NA,5,freshwater; terrestrial,introduced,TRUE,TrIAS; FirstRecords; GRIIS
Vicia villosa subsp. villosa,Vicia villosa villosa,Plantae,NA,NA,NA,4,terrestrial,introduced,TRUE,TrIAS; GRIIS; FirstRecords
"Vidua macroura (Pallas, 1764)",Vidua macroura,Animalia,1970,Japan,JPN,5,freshwater; terrestrial,introduced,TRUE,TrIAS; FirstRecords; GRIIS
Vigna hosei (Craib) Backer ex K. Heyne; Vigna hosei (Craib) Backer,Vigna hosei,Plantae,1937,Australia,AUS,5,terrestrial,"introduced (alien, exotic, non-native, nonindigenous); introduced",TRUE,USRIIS; FirstRecords; GRIIS
Viguiera dentata (Cavanilles) Spreng.,Viguiera dentata,Plantae,NA,NA,NA,1,terrestrial,introduced,TRUE,FirstRecords; GRIIS
Vinca major L.,Vinca major,Plantae,1500,Switzerland,CHE,37,terrestrial,"introduced (alien, exotic, non-native, nonindigenous); introduced",TRUE,DAISIE; USRIIS; TrIAS; FirstRecords; GRIIS; Artsdatabanken
Vinca minor L.,Vinca minor,Plantae,1500,Bulgaria,BGR,22,terrestrial,"introduced (alien, exotic, non-native, nonindigenous); introduced",TRUE,DAISIE; USRIIS; FirstRecords; GRIIS; Artsdatabanken
Vincetoxicum nigrum (L.) Moench,Vincetoxicum nigrum,Plantae,1949,Canada,CAN,5,terrestrial,"introduced (alien, exotic, non-native, nonindigenous); introduced",TRUE,USRIIS; TrIAS; FirstRecords; GRIIS
Vincetoxicum rossicum (Kleopow) Barbar.,Vincetoxicum rossicum,Plantae,1658,Sweden,SWE,5,terrestrial,"introduced (alien, exotic, non-native, nonindigenous); introduced",TRUE,SINAS; USRIIS; TrIAS; FirstRecords; GRIIS; Artsdatabanken
Viola arvensis Murray,Viola arvensis,Plantae,1500,Poland,POL,15,terrestrial,"introduced (alien, exotic, non-native, nonindigenous); introduced",TRUE,USRIIS; FirstRecords; GRIIS; InstytutOchronyPrzyrody
Viola odorata L.,Viola odorata,Plantae,550,Czechia,CZE,22,freshwater; terrestrial,"introduced (alien, exotic, non-native, nonindigenous); introduced",TRUE,DAISIE; USRIIS; FirstRecords; GRIIS; Artsdatabanken; B.Shrestha_NPL_2026; InstytutOchronyPrzyrody
Viola tricolor L.,Viola tricolor,Plantae,1500,Slovakia,SVK,18,freshwater; terrestrial,"introduced (alien, exotic, non-native, nonindigenous); introduced",TRUE,DAISIE; USRIIS; FirstRecords; GRIIS
Viola ×wittrockiana Gams ex Kappert; Viola × wittrockiana Gams,Viola wittrockiana,Plantae,1500,Czechia,CZE,15,freshwater; terrestrial,introduced,TRUE,DAISIE; TrIAS; FirstRecords; GRIIS; Artsdatabanken
"Virachola livia (Klug, 1834)","Virachola livia (Klug, 1834)",Animalia,NA,NA,NA,1,terrestrial,introduced,TRUE,GRIIS
Visnaga daucoides Gaertn.,Visnaga daucoides,Plantae,NA,NA,NA,18,terrestrial,introduced,TRUE,TrIAS; FirstRecords; GRIIS
Vitex agnus-castus L.,Vitex agnus-castus,Plantae,NA,NA,NA,10,terrestrial,"introduced (alien, exotic, non-native, nonindigenous); introduced",TRUE,USRIIS; FirstRecords; GRIIS
Vitex doniana Sweet,Vitex doniana,Plantae,NA,NA,NA,1,terrestrial,introduced,TRUE,FirstRecords; GRIIS
Vitex rotundifolia L.f.,Vitex rotundifolia,Plantae,NA,NA,NA,1,terrestrial,introduced,TRUE,GRIIS
Vitex trifolia L.,Vitex trifolia,Plantae,1888,Australia,AUS,10,terrestrial,"introduced (alien, exotic, non-native, nonindigenous); introduced",TRUE,SINAS; USRIIS; FirstRecords; GRIIS
Vitis riparia Michx.,Vitis riparia,Plantae,1811,Poland,POL,7,terrestrial,introduced,TRUE,FirstRecords; GRIIS; InstytutOchronyPrzyrody
Vitis vinifera L.,Vitis vinifera,Plantae,1400,Portugal,PRT,35,terrestrial,"introduced (alien, exotic, non-native, nonindigenous); introduced",TRUE,DAISIE; USRIIS; TrIAS; FirstRecords; GRIIS
Vitis vulpina L.,Vitis vulpina,Plantae,1500,Italy,ITA,5,terrestrial,introduced,TRUE,DAISIE; FirstRecords; GRIIS
"Vitula edmandsii Packard, 1865",Vitula edmandsii,Animalia,1940,Germany,DEU,2,terrestrial,introduced,TRUE,FirstRecords; GRIIS
"Viverricula indica (É.Geoffroy Saint-Hilaire, 1803)",Viverricula indica,Animalia,-2200,Indonesia,IDN,4,terrestrial,introduced,TRUE,SINAS; FirstRecords; GRIIS
Voacanga africana Stapf ex Scott Elliot,Voacanga africana,Plantae,1972,China,CHN,1,terrestrial,introduced,TRUE,FirstRecords; GRIIS
"Vulpes lagopus (Linnaeus, 1758)",Vulpes lagopus,Animalia,1750,Russia,RUS,4,marine; terrestrial,introduced,TRUE,FirstRecords; GRIIS
"Vulpes vulpes (Linnaeus, 1758)",Vulpes vulpes,Animalia,-8000,Cyprus,CYP,6,terrestrial,introduced,TRUE,FirstRecords; GRIIS
"Vulpes vulpes schrencki Kishida, 1924",Vulpes vulpes schrencki,Animalia,NA,NA,NA,1,terrestrial,introduced,TRUE,FirstRecords; GRIIS
Waltheria indica L.,Waltheria indica,Plantae,1836,India,IND,21,terrestrial,introduced,TRUE,FirstRecords; GRIIS
Washingtonia filifera (Linden ex Andre) H. Wendl. ex de Bary; Washingtonia filifera (Rafarin) H.Wendl. ex de Bary,Washingtonia filifera,Plantae,1500,Italy,ITA,12,freshwater; terrestrial,"introduced (alien, exotic, non-native, nonindigenous); introduced",TRUE,DAISIE; USRIIS; FirstRecords; GRIIS
Washingtonia robusta H. Wendl.; Washingtonia robusta H.Wendl.,Washingtonia robusta,Plantae,1500,Italy,ITA,11,freshwater; terrestrial,"introduced (alien, exotic, non-native, nonindigenous); introduced",TRUE,DAISIE; USRIIS; FirstRecords; GRIIS
"Wasmannia auropunctata (Roger, 1863)",Wasmannia auropunctata,Animalia,1902,Costa Rica,CRI,14,terrestrial,"introduced (alien, exotic, non-native, nonindigenous); introduced",TRUE,USRIIS; FirstRecords; GRIIS
"Watersipora subtorquata (d'Orbigny, 1852)",Watersipora subtorquata,Animalia,1937,South Africa,ZAF,2,brackish; marine,"introduced (alien, exotic, non-native, nonindigenous)",TRUE,SINAS; USRIIS
Watsonia borbonica (Pourr.) Goldblatt,Watsonia borbonica,Plantae,1500,United Kingdom,GBR,4,terrestrial,"introduced (alien, exotic, non-native, nonindigenous); introduced",TRUE,DAISIE; USRIIS; FirstRecords; GRIIS
Watsonia meriana (L.) Mill.,Watsonia meriana,Plantae,1882,New Zealand,NZL,4,terrestrial,"introduced (alien, exotic, non-native, nonindigenous); introduced",TRUE,USRIIS; FirstRecords; GRIIS
Wedelia trilobata A.St.-Hil.,Wedelia trilobata,Plantae,NA,NA,NA,1,terrestrial,introduced,TRUE,GRIIS
Wigandia urens (Ruiz and Pav.) Kunth; Wigandia urens (Ruiz & Pav.) Kunth,Wigandia urens,Plantae,1500,Italy,ITA,9,terrestrial,"introduced (alien, exotic, non-native, nonindigenous); introduced",TRUE,DAISIE; USRIIS; FirstRecords; GRIIS
Wisteria floribunda (Willd.) DC.,Wisteria floribunda,Plantae,NA,NA,NA,4,terrestrial,"introduced (alien, exotic, non-native, nonindigenous); introduced",TRUE,USRIIS; FirstRecords; GRIIS
Wisteria sinensis (Sims) DC.,Wisteria sinensis,Plantae,1500,Italy,ITA,14,terrestrial,"introduced (alien, exotic, non-native, nonindigenous); introduced",TRUE,DAISIE; USRIIS; FirstRecords; GRIIS
Wolffia arrhiza (L.) Horkel ex Wimm.,Wolffia arrhiza,Plantae,NA,NA,NA,4,freshwater; terrestrial,introduced,TRUE,FirstRecords; GRIIS
Wollastonia biflora (L.) DC.,Wollastonia biflora,Plantae,1965,South Africa,ZAF,2,terrestrial,introduced,TRUE,FirstRecords; GRIIS
Xanthium L.,Xanthium,Plantae,NA,NA,NA,3,terrestrial,introduced,TRUE,GRIIS
Xanthium albinum (Holuby) Holub,Xanthium albinum,Plantae,1500,Czechia,CZE,10,terrestrial,introduced,TRUE,DAISIE; FirstRecords; GRIIS; InstytutOchronyPrzyrody
Xanthium occidentale Bertol.,Xanthium occidentale,Plantae,NA,NA,NA,6,terrestrial,introduced,TRUE,FirstRecords; GRIIS
Xanthium orientale L.,Xanthium orientale,Plantae,1500,Italy,ITA,19,terrestrial,introduced,TRUE,DAISIE; TrIAS; FirstRecords; GRIIS
Xanthium orientale var. italicum (Moretti) M.Hassl.,Xanthium orientale italicum,Plantae,NA,NA,NA,10,freshwater; terrestrial,introduced,TRUE,FirstRecords; GRIIS
Xanthium orientale var. riparium (Celak.) Adema & M.T.Jansen,Xanthium orientale riparium,Plantae,NA,NA,NA,1,terrestrial,introduced,TRUE,FirstRecords; GRIIS
Xanthium spinosum L.,Xanthium spinosum,Plantae,1500,Bulgaria,BGR,70,freshwater; terrestrial,"introduced (alien, exotic, non-native, nonindigenous); introduced",TRUE,DAISIE; USRIIS; TrIAS; FirstRecords; GRIIS; InstytutOchronyPrzyrody
Xanthium strumarium L.,Xanthium strumarium,Plantae,-2200,Czechia,CZE,68,freshwater; terrestrial,"introduced (alien, exotic, non-native, nonindigenous); introduced",TRUE,DAISIE; USRIIS; TrIAS; FirstRecords; GRIIS; InstytutOchronyPrzyrody
"Xanthogaleruca luteola (Müller, 1766); Xanthogaleruca luteola (O.F.Müller, 1766)",Xanthogaleruca luteola,Animalia,1834,United States,USA,6,terrestrial,"introduced (alien, exotic, non-native, nonindigenous); introduced",TRUE,USRIIS; FirstRecords; GRIIS
Xanthosoma sagittifolium (L.) Schott,Xanthosoma sagittifolium,Plantae,1893,Indonesia,IDN,31,freshwater; terrestrial,"introduced (alien, exotic, non-native, nonindigenous); introduced",TRUE,SINAS; USRIIS; FirstRecords; GRIIS; M.McGeoch_AUS_2025; GRIIS ; J.Ganglo_BEN_2026
"Xenopus laevis (Daudin, 1802)",Xenopus laevis,Animalia,1954,Japan,JPN,16,brackish; freshwater; marine; terrestrial,"introduced (alien, exotic, non-native, nonindigenous); introduced",TRUE,USRIIS; TrIAS; FirstRecords; GRIIS
Xenostegia tridentata (L.) D.F.Austin & Staples,Xenostegia tridentata,Plantae,NA,NA,NA,2,terrestrial,introduced,TRUE,FirstRecords; GRIIS
Xeranthemum annuum L.,Xeranthemum annuum,Plantae,1500,Italy,ITA,5,terrestrial,introduced,TRUE,DAISIE; FirstRecords; GRIIS
"Xeropicta derbentina (Krynicki, 1836)",Xeropicta derbentina,Animalia,NA,NA,NA,4,terrestrial,introduced,TRUE,FirstRecords; GRIIS
Xiphidium caeruleum Aubl.,Xiphidium caeruleum,Plantae,NA,NA,NA,3,terrestrial,introduced,TRUE,FirstRecords; GRIIS
"Xiphinema vuittenezi Luc et al., 1964",Xiphinema vuittenezi,Animalia,NA,NA,NA,1,terrestrial,introduced,TRUE,GRIIS
"Xiphophorus hellerii Heckel, 1848",Xiphophorus hellerii,Animalia,1901,Austria,AUT,28,brackish; freshwater,"introduced (alien, exotic, non-native, nonindigenous); introduced",TRUE,DAISIE; USRIIS; FirstRecords; GRIIS
"Xiphophorus maculatus (Gunther, 1866); Xiphophorus maculatus (Günther, 1866)",Xiphophorus maculatus,Animalia,1901,Austria,AUT,21,brackish; freshwater,"introduced (alien, exotic, non-native, nonindigenous); introduced",TRUE,DAISIE; USRIIS; FirstRecords; GRIIS; M.McGeoch_AUS_2025
"Xiphophorus variatus (Meek, 1904)",Xiphophorus variatus,Animalia,1967,United States,USA,3,freshwater,"introduced (alien, exotic, non-native, nonindigenous); introduced",TRUE,USRIIS; FirstRecords; GRIIS
"Xironogiton victoriensis Gelder & Hall, 1990",Xironogiton victoriensis,Animalia,NA,NA,NA,1,terrestrial,introduced,TRUE,GRIIS
"Xyleborinus alni (Niisima, 1909); Xyleborinus alni Wood & Bright, 1992",Xyleborinus alni,Animalia,1987,Austria; Czech Republic,AUT; CZE,4,terrestrial,"introduced (alien, exotic, non-native, nonindigenous); introduced",TRUE,USRIIS; FirstRecords; GRIIS
"Xyleborus glabratus Eichhoff, 1877",Xyleborus glabratus,Animalia,2002,United States,USA,2,terrestrial,"introduced (alien, exotic, non-native, nonindigenous); introduced",TRUE,USRIIS; FirstRecords; GRIIS
"Xyleborus perforans (Wollaston, 1857); Xyleborus perforans Wood & Bright, 1992",Xyleborus perforans,Animalia,1960,Poland,POL,13,terrestrial,"introduced (alien, exotic, non-native, nonindigenous); introduced",TRUE,SINAS; USRIIS; FirstRecords; GRIIS
"Xyleborus pfeili Wood and Bright, 1992; Xyleborus pfeili Wood & Bright, 1992",Xyleborus pfeili,Animalia,NA,NA,NA,3,terrestrial,"introduced (alien, exotic, non-native, nonindigenous); introduced",TRUE,USRIIS; GRIIS
"Xyleborus similis Eggers, 1927",Xyleborus similis,Animalia,NA,NA,NA,2,terrestrial,introduced,TRUE,FirstRecords; GRIIS
"Xylocopa tranquebarorum (Swederus, 1787)",Xylocopa tranquebarorum,Animalia,2006,Japan,JPN,1,terrestrial,introduced,TRUE,FirstRecords; GRIIS
"Xylosandrus compactus (Eichhoff, 1875); Xylosandrus compactus Wood & Bright, 1992",Xylosandrus compactus,Animalia,1941,United States,USA,26,terrestrial,"introduced (alien, exotic, non-native, nonindigenous); introduced",TRUE,USRIIS; FirstRecords; GRIIS
"Xylosandrus crassiusculus (Motschulsky, 1866); Xylosandrus crassiusculus Wood, 1982",Xylosandrus crassiusculus,Animalia,1929,Samoa,WSM,13,terrestrial,"introduced (alien, exotic, non-native, nonindigenous); introduced",TRUE,CABI; USRIIS; FirstRecords; GRIIS
"Xylosandrus germanus (Blandford, 1894); Xylosandrus germanus C.H.Hoffmann, 1941",Xylosandrus germanus,Animalia,1931,United States,USA,13,terrestrial,"introduced (alien, exotic, non-native, nonindigenous); introduced",TRUE,USRIIS; FirstRecords; GRIIS; InstytutOchronyPrzyrody
"Xylosandrus morigerus Reitter, 1913",Xylosandrus morigerus,Animalia,1916,France; United Kingdom,FRA; GBR,8,terrestrial,"introduced (alien, exotic, non-native, nonindigenous); introduced",TRUE,USRIIS; FirstRecords; GRIIS
"Xylotrechus stebbingi Gahan, 1906",Xylotrechus stebbingi,Animalia,1990,Italy,ITA,5,terrestrial,introduced,TRUE,FirstRecords; GRIIS
"Xystrocera globosa (Olivier, 1795)",Xystrocera globosa,Animalia,2002,Israel,ISR,2,terrestrial,"introduced (alien, exotic, non-native, nonindigenous); introduced",TRUE,USRIIS; FirstRecords; GRIIS
Youngia japonica (L) DC; Youngia japonica (L.) DC.,Youngia japonica,Plantae,1865,United States,USA,22,terrestrial,"introduced (alien, exotic, non-native, nonindigenous); introduced",TRUE,USRIIS; FirstRecords; GRIIS
Yucca aloifolia L.,Yucca aloifolia,Plantae,1500,Italy,ITA,13,terrestrial,introduced,TRUE,DAISIE; FirstRecords; GRIIS
Yucca filamentosa L.,Yucca filamentosa,Plantae,1500,Malta,MLT,14,terrestrial,introduced,TRUE,DAISIE; FirstRecords; GRIIS
Yucca gloriosa L.,Yucca gloriosa,Plantae,1500,Italy,ITA,19,terrestrial,introduced,TRUE,DAISIE; TrIAS; FirstRecords; GRIIS
"Zabrotes subfasciatus (Boheman, 1833); Zabrotes subfasciatus (Bohemann, 1833)",Zabrotes subfasciatus,Animalia,1838,France,FRA,6,terrestrial,"introduced (alien, exotic, non-native, nonindigenous); introduced",TRUE,USRIIS; FirstRecords; GRIIS
"Zachrysia provisoria (Pfeiffer, 1858); Zachrysia provisoria (L.Pfeiffer, 1858)",Zachrysia provisoria,Animalia,NA,NA,NA,4,terrestrial,"introduced (alien, exotic, non-native, nonindigenous); introduced",TRUE,USRIIS; FirstRecords; GRIIS
"Zamenis longissimus (Laurenti, 1768)",Zamenis longissimus,Animalia,1963,United Kingdom,GBR,2,terrestrial,introduced,TRUE,TrIAS; FirstRecords; GRIIS
Zannichellia palustris L.,Zannichellia palustris,Plantae,1852,Chile,CHL,2,brackish; freshwater,introduced,TRUE,FirstRecords; GRIIS
Zantedeschia aethiopica (L.) Spreng.,Zantedeschia aethiopica,Plantae,1500,United Kingdom,GBR,25,freshwater; terrestrial,"introduced (alien, exotic, non-native, nonindigenous); introduced",TRUE,DAISIE; USRIIS; TrIAS; FirstRecords; GRIIS
Zapoteca portoricensis (Jacq.) H.M.Hern.,Zapoteca portoricensis,Plantae,1799,Nigeria,NGA,3,terrestrial,introduced,TRUE,SINAS; FirstRecords; GRIIS
"Zaprionus indianus Gupta, 1970",Zaprionus indianus,Animalia,2005,United States,USA,4,terrestrial,"introduced (alien, exotic, non-native, nonindigenous); introduced",TRUE,USRIIS; FirstRecords; GRIIS
Zelkova serrata (Thunb.) Makino,Zelkova serrata,Plantae,1900,Austria,AUT,4,terrestrial,"introduced (alien, exotic, non-native, nonindigenous); introduced",TRUE,DAISIE; USRIIS; TrIAS; FirstRecords; GRIIS
Zephyranthes candida (Lindl.) Herb.; Zephyranthes candida Herb.,Zephyranthes candida,Plantae,1500,Italy,ITA,5,terrestrial,"introduced (alien, exotic, non-native, nonindigenous); introduced",TRUE,DAISIE; USRIIS; FirstRecords; GRIIS
Zephyranthes carinata Herb.,Zephyranthes carinata,Plantae,1500,Italy,ITA,6,terrestrial,introduced,TRUE,DAISIE; FirstRecords; GRIIS; B.Shrestha_NPL_2026
Zephyranthes citrina Baker,Zephyranthes citrina,Plantae,1897,India,IND,3,terrestrial,"introduced (alien, exotic, non-native, nonindigenous); introduced",TRUE,USRIIS; FirstRecords; GRIIS
Zeuxine strateumatica (L.) Schltr.,Zeuxine strateumatica,Plantae,NA,NA,NA,5,terrestrial,"introduced (alien, exotic, non-native, nonindigenous); introduced",TRUE,USRIIS; FirstRecords; GRIIS
Zingiber capitatum Roxb.,Zingiber capitatum,Plantae,NA,NA,NA,1,terrestrial,introduced,TRUE,FirstRecords; GRIIS
Zingiber officinale Roscoe,Zingiber officinale,Plantae,1579,Nigeria,NGA,13,terrestrial,introduced,TRUE,SINAS; FirstRecords; GRIIS
Zingiber spectabile Griff.,Zingiber spectabile,Plantae,NA,NA,NA,1,terrestrial,introduced,TRUE,FirstRecords; GRIIS
Zingiber zerumbet (L.) Sm.; Zingiber zerumbet (L.) Roscoe ex Sm.,Zingiber zerumbet,Plantae,600,United States,USA,8,terrestrial,"introduced (alien, exotic, non-native, nonindigenous); introduced",TRUE,USRIIS; FirstRecords; GRIIS
Zinnia elegans Jacq.,Zinnia elegans,Plantae,1500,Czechia,CZE,19,terrestrial,introduced,TRUE,DAISIE; FirstRecords; GRIIS
Zinnia peruviana (L.) L.,Zinnia peruviana,Plantae,1900,China,CHN,16,terrestrial,"introduced (alien, exotic, non-native, nonindigenous); introduced",TRUE,USRIIS; FirstRecords; GRIIS
Zizania aquatica L.,Zizania aquatica,Plantae,1931,Latvia,LVA,6,freshwater; terrestrial,introduced,TRUE,FirstRecords; GRIIS
Zizania latifolia (Griseb.) Turcz. ex Stapf; Zizania latifolia (Griseb.) Stapf; Zizania latifolia (Griseb.) Hance ex F.Muell.,Zizania latifolia,Plantae,1777,Estonia,EST,9,freshwater; terrestrial,"introduced (alien, exotic, non-native, nonindigenous); introduced",TRUE,USRIIS; TrIAS; FirstRecords; GRIIS
Ziziphus jujuba Mill.,Ziziphus jujuba,Plantae,1500,Bulgaria,BGR,15,terrestrial,"introduced (alien, exotic, non-native, nonindigenous); introduced",TRUE,DAISIE; USRIIS; FirstRecords; GRIIS
Ziziphus mauritiana Lam.,Ziziphus mauritiana,Plantae,1886,Australia,AUS,61,terrestrial,"introduced (alien, exotic, non-native, nonindigenous); introduced",TRUE,USRIIS; FirstRecords; GRIIS
Ziziphus spina-christi (L.) Desf.,Ziziphus spina-christi,Plantae,NA,NA,NA,5,terrestrial,introduced,TRUE,FirstRecords; GRIIS
"Zonocerus elegans (Thunberg, 1815)",Zonocerus elegans,Animalia,NA,NA,NA,1,terrestrial,introduced,TRUE,FirstRecords; GRIIS
"Zophobas atratus (Fabricius, 1775)",Zophobas atratus,Animalia,NA,NA,NA,3,terrestrial,"introduced (alien, exotic, non-native, nonindigenous); introduced",TRUE,USRIIS; GRIIS; FirstRecords
Zornia latifolia Sm.,Zornia latifolia,Plantae,NA,NA,NA,5,terrestrial,introduced,TRUE,FirstRecords; GRIIS
Zostera japonica Asch. and Graebn.; Zostera japonica Asch. & Graebn.,Zostera japonica,Plantae,1953,Canada,CAN,3,brackish; freshwater,"introduced (alien, exotic, non-native, nonindigenous); introduced",TRUE,USRIIS; FirstRecords; GRIIS
Zoysia japonica Steud.,Zoysia japonica,Plantae,NA,NA,NA,3,brackish; freshwater; terrestrial,"introduced (alien, exotic, non-native, nonindigenous); introduced",TRUE,USRIIS; FirstRecords; GRIIS
Zoysia matrella (L.) Merr.,Zoysia matrella,Plantae,1500,Italy,ITA,17,terrestrial,"introduced (alien, exotic, non-native, nonindigenous); introduced",TRUE,DAISIE; USRIIS; FirstRecords; GRIIS
Zygophyllum fabago L.,Zygophyllum fabago,Plantae,1500,Italy,ITA,6,freshwater; terrestrial,"introduced (alien, exotic, non-native, nonindigenous); introduced",TRUE,DAISIE; USRIIS; FirstRecords; GRIIS
